,noise,cumulative_pix_num,cumulative_area_sqarcsec
0,-0.0999,0.0,0.0
1,-0.0998,1.0,4.000000193715203
2,-0.09970000000000001,1.0,4.000000193715203
3,-0.09960000000000001,1.0,4.000000193715203
4,-0.0995,2.0,8.000000387430406
5,-0.0994,2.0,8.000000387430406
6,-0.0993,2.0,8.000000387430406
7,-0.09920000000000001,2.0,8.000000387430406
8,-0.09910000000000001,3.0,12.00000058114561
9,-0.099,3.0,12.00000058114561
10,-0.0989,3.0,12.00000058114561
11,-0.0988,3.0,12.00000058114561
12,-0.09870000000000001,3.0,12.00000058114561
13,-0.09860000000000001,3.0,12.00000058114561
14,-0.0985,3.0,12.00000058114561
15,-0.0984,3.0,12.00000058114561
16,-0.0983,3.0,12.00000058114561
17,-0.09820000000000001,3.0,12.00000058114561
18,-0.0981,3.0,12.00000058114561
19,-0.098,3.0,12.00000058114561
20,-0.0979,3.0,12.00000058114561
21,-0.09780000000000001,3.0,12.00000058114561
22,-0.09770000000000001,3.0,12.00000058114561
23,-0.0976,4.0,16.000000774860812
24,-0.0975,5.0,20.000000968576014
25,-0.0974,5.0,20.000000968576014
26,-0.09730000000000001,5.0,20.000000968576014
27,-0.09720000000000001,5.0,20.000000968576014
28,-0.0971,5.0,20.000000968576014
29,-0.097,5.0,20.000000968576014
30,-0.0969,5.0,20.000000968576014
31,-0.09680000000000001,5.0,20.000000968576014
32,-0.09670000000000001,5.0,20.000000968576014
33,-0.0966,5.0,20.000000968576014
34,-0.0965,5.0,20.000000968576014
35,-0.0964,5.0,20.000000968576014
36,-0.09630000000000001,5.0,20.000000968576014
37,-0.09620000000000001,7.0,28.000001356006422
38,-0.0961,7.0,28.000001356006422
39,-0.096,8.0,32.000001549721624
40,-0.0959,8.0,32.000001549721624
41,-0.09580000000000001,8.0,32.000001549721624
42,-0.09570000000000001,9.0,36.000001743436826
43,-0.0956,9.0,36.000001743436826
44,-0.0955,9.0,36.000001743436826
45,-0.09540000000000001,10.0,40.00000193715203
46,-0.09530000000000001,10.0,40.00000193715203
47,-0.0952,11.0,44.00000213086723
48,-0.0951,11.0,44.00000213086723
49,-0.095,12.0,48.00000232458243
50,-0.09490000000000001,13.0,52.000002518297634
51,-0.09480000000000001,13.0,52.000002518297634
52,-0.0947,13.0,52.000002518297634
53,-0.0946,13.0,52.000002518297634
54,-0.0945,13.0,52.000002518297634
55,-0.09440000000000001,13.0,52.000002518297634
56,-0.09430000000000001,14.0,56.00000271201284
57,-0.0942,14.0,56.00000271201284
58,-0.0941,15.0,60.00000290572804
59,-0.094,16.0,64.00000309944325
60,-0.09390000000000001,16.0,64.00000309944325
61,-0.09380000000000001,16.0,64.00000309944325
62,-0.0937,16.0,64.00000309944325
63,-0.0936,17.0,68.00000329315844
64,-0.0935,17.0,68.00000329315844
65,-0.09340000000000001,18.0,72.00000348687365
66,-0.09330000000000001,18.0,72.00000348687365
67,-0.0932,18.0,72.00000348687365
68,-0.0931,18.0,72.00000348687365
69,-0.093,18.0,72.00000348687365
70,-0.09290000000000001,18.0,72.00000348687365
71,-0.09280000000000001,18.0,72.00000348687365
72,-0.0927,19.0,76.00000368058886
73,-0.0926,19.0,76.00000368058886
74,-0.0925,19.0,76.00000368058886
75,-0.09240000000000001,19.0,76.00000368058886
76,-0.09230000000000001,19.0,76.00000368058886
77,-0.0922,20.0,80.00000387430407
78,-0.0921,20.0,80.00000387430407
79,-0.092,21.0,84.00000406801927
80,-0.09190000000000001,21.0,84.00000406801927
81,-0.0918,21.0,84.00000406801927
82,-0.0917,21.0,84.00000406801927
83,-0.0916,22.0,88.00000426173447
84,-0.0915,22.0,88.00000426173447
85,-0.09140000000000001,22.0,88.00000426173447
86,-0.0913,23.0,92.00000445544967
87,-0.0912,23.0,92.00000445544967
88,-0.0911,23.0,92.00000445544967
89,-0.091,23.0,92.00000445544967
90,-0.09090000000000001,23.0,92.00000445544967
91,-0.0908,25.0,100.00000484288009
92,-0.0907,25.0,100.00000484288009
93,-0.0906,26.0,104.00000503659528
94,-0.09050000000000001,26.0,104.00000503659528
95,-0.09040000000000001,26.0,104.00000503659528
96,-0.0903,26.0,104.00000503659528
97,-0.0902,27.0,108.00000523031049
98,-0.0901,27.0,108.00000523031049
99,-0.09000000000000001,27.0,108.00000523031049
100,-0.08990000000000001,27.0,108.00000523031049
101,-0.0898,27.0,108.00000523031049
102,-0.0897,27.0,108.00000523031049
103,-0.0896,27.0,108.00000523031049
104,-0.08950000000000001,27.0,108.00000523031049
105,-0.08940000000000001,28.0,112.00000542402569
106,-0.0893,29.0,116.0000056177409
107,-0.0892,29.0,116.0000056177409
108,-0.08910000000000001,29.0,116.0000056177409
109,-0.08900000000000001,29.0,116.0000056177409
110,-0.0889,30.0,120.00000581145609
111,-0.0888,30.0,120.00000581145609
112,-0.0887,30.0,120.00000581145609
113,-0.08860000000000001,30.0,120.00000581145609
114,-0.08850000000000001,30.0,120.00000581145609
115,-0.0884,30.0,120.00000581145609
116,-0.0883,30.0,120.00000581145609
117,-0.0882,31.0,124.0000060051713
118,-0.08810000000000001,31.0,124.0000060051713
119,-0.08800000000000001,32.0,128.0000061988865
120,-0.0879,33.0,132.0000063926017
121,-0.0878,33.0,132.0000063926017
122,-0.0877,35.0,140.0000067800321
123,-0.08760000000000001,37.0,148.0000071674625
124,-0.08750000000000001,37.0,148.0000071674625
125,-0.0874,37.0,148.0000071674625
126,-0.0873,37.0,148.0000071674625
127,-0.0872,37.0,148.0000071674625
128,-0.08710000000000001,37.0,148.0000071674625
129,-0.08700000000000001,37.0,148.0000071674625
130,-0.0869,39.0,156.0000075548929
131,-0.0868,39.0,156.0000075548929
132,-0.0867,39.0,156.0000075548929
133,-0.08660000000000001,40.0,160.00000774860808
134,-0.08650000000000001,40.0,160.00000774860808
135,-0.0864,40.0,160.00000774860808
136,-0.0863,42.0,168.0000081360385
137,-0.0862,42.0,168.0000081360385
138,-0.08610000000000001,42.0,168.0000081360385
139,-0.08600000000000001,43.0,172.0000083297537
140,-0.0859,43.0,172.0000083297537
141,-0.0858,43.0,172.0000083297537
142,-0.0857,43.0,172.0000083297537
143,-0.08560000000000001,43.0,172.0000083297537
144,-0.0855,43.0,172.0000083297537
145,-0.0854,44.0,176.00000852346892
146,-0.0853,44.0,176.00000852346892
147,-0.0852,45.0,180.00000871718413
148,-0.08510000000000001,45.0,180.00000871718413
149,-0.085,45.0,180.00000871718413
150,-0.0849,47.0,188.00000910461455
151,-0.0848,47.0,188.00000910461455
152,-0.0847,47.0,188.00000910461455
153,-0.08460000000000001,47.0,188.00000910461455
154,-0.0845,47.0,188.00000910461455
155,-0.0844,47.0,188.00000910461455
156,-0.0843,48.0,192.00000929832973
157,-0.0842,50.0,200.00000968576012
158,-0.08410000000000001,50.0,200.00000968576012
159,-0.084,50.0,200.00000968576012
160,-0.0839,50.0,200.00000968576012
161,-0.08380000000000001,52.0,208.00001007319054
162,-0.0837,52.0,208.00001007319054
163,-0.08360000000000001,52.0,208.00001007319054
164,-0.0835,53.0,212.00001026690575
165,-0.0834,55.0,220.00001065433614
166,-0.08330000000000001,55.0,220.00001065433614
167,-0.0832,55.0,220.00001065433614
168,-0.08310000000000001,55.0,220.00001065433614
169,-0.083,55.0,220.00001065433614
170,-0.0829,55.0,220.00001065433614
171,-0.08280000000000001,55.0,220.00001065433614
172,-0.08270000000000001,56.0,224.00001084805135
173,-0.0826,56.0,224.00001084805135
174,-0.0825,57.0,228.00001104176656
175,-0.0824,57.0,228.00001104176656
176,-0.08230000000000001,57.0,228.00001104176656
177,-0.08220000000000001,58.0,232.00001123548176
178,-0.0821,58.0,232.00001123548176
179,-0.082,58.0,232.00001123548176
180,-0.0819,58.0,232.00001123548176
181,-0.08180000000000001,58.0,232.00001123548176
182,-0.08170000000000001,58.0,232.00001123548176
183,-0.0816,58.0,232.00001123548176
184,-0.0815,58.0,232.00001123548176
185,-0.0814,60.0,240.00001162291218
186,-0.08130000000000001,60.0,240.00001162291218
187,-0.08120000000000001,60.0,240.00001162291218
188,-0.0811,60.0,240.00001162291218
189,-0.081,60.0,240.00001162291218
190,-0.0809,60.0,240.00001162291218
191,-0.08080000000000001,60.0,240.00001162291218
192,-0.08070000000000001,60.0,240.00001162291218
193,-0.0806,60.0,240.00001162291218
194,-0.0805,60.0,240.00001162291218
195,-0.0804,60.0,240.00001162291218
196,-0.08030000000000001,60.0,240.00001162291218
197,-0.08020000000000001,62.0,248.0000120103426
198,-0.0801,62.0,248.0000120103426
199,-0.08,62.0,248.0000120103426
200,-0.0799,63.0,252.0000122040578
201,-0.07980000000000001,66.0,264.0000127852034
202,-0.07970000000000001,66.0,264.0000127852034
203,-0.0796,66.0,264.0000127852034
204,-0.0795,68.0,272.0000131726338
205,-0.0794,68.0,272.0000131726338
206,-0.07930000000000001,68.0,272.0000131726338
207,-0.0792,69.0,276.00001336634904
208,-0.0791,70.0,280.00001356006425
209,-0.079,70.0,280.00001356006425
210,-0.0789,72.0,288.0000139474946
211,-0.07880000000000001,73.0,292.0000141412098
212,-0.0787,74.0,296.000014334925
213,-0.0786,74.0,296.000014334925
214,-0.0785,74.0,296.000014334925
215,-0.0784,74.0,296.000014334925
216,-0.07830000000000001,74.0,296.000014334925
217,-0.0782,74.0,296.000014334925
218,-0.0781,75.0,300.00001452864024
219,-0.078,76.0,304.00001472235544
220,-0.0779,76.0,304.00001472235544
221,-0.07780000000000001,76.0,304.00001472235544
222,-0.0777,76.0,304.00001472235544
223,-0.0776,77.0,308.00001491607065
224,-0.0775,79.0,316.0000153035011
225,-0.0774,79.0,316.0000153035011
226,-0.07730000000000001,80.0,320.0000154972163
227,-0.0772,81.0,324.00001569093143
228,-0.0771,82.0,328.00001588464664
229,-0.07700000000000001,82.0,328.00001588464664
230,-0.0769,82.0,328.00001588464664
231,-0.07680000000000001,82.0,328.00001588464664
232,-0.0767,82.0,328.00001588464664
233,-0.0766,84.0,336.00001627207706
234,-0.07650000000000001,84.0,336.00001627207706
235,-0.07640000000000001,84.0,336.00001627207706
236,-0.0763,84.0,336.00001627207706
237,-0.0762,84.0,336.00001627207706
238,-0.0761,85.0,340.00001646579227
239,-0.07600000000000001,85.0,340.00001646579227
240,-0.07590000000000001,85.0,340.00001646579227
241,-0.0758,85.0,340.00001646579227
242,-0.0757,85.0,340.00001646579227
243,-0.0756,85.0,340.00001646579227
244,-0.07550000000000001,86.0,344.0000166595075
245,-0.07540000000000001,86.0,344.0000166595075
246,-0.0753,86.0,344.0000166595075
247,-0.0752,86.0,344.0000166595075
248,-0.0751,86.0,344.0000166595075
249,-0.07500000000000001,86.0,344.0000166595075
250,-0.07490000000000001,86.0,344.0000166595075
251,-0.0748,87.0,348.0000168532227
252,-0.0747,87.0,348.0000168532227
253,-0.0746,88.0,352.0000170469379
254,-0.07450000000000001,88.0,352.0000170469379
255,-0.07440000000000001,88.0,352.0000170469379
256,-0.0743,89.0,356.0000172406531
257,-0.0742,90.0,360.0000174343683
258,-0.0741,92.0,368.00001782179874
259,-0.07400000000000001,92.0,368.00001782179874
260,-0.07390000000000001,93.0,372.00001801551394
261,-0.0738,93.0,372.00001801551394
262,-0.0737,95.0,380.0000184029443
263,-0.0736,96.0,384.0000185966595
264,-0.07350000000000001,99.0,396.00001917780514
265,-0.0734,99.0,396.00001917780514
266,-0.0733,101.0,404.00001956523556
267,-0.0732,101.0,404.00001956523556
268,-0.0731,103.0,412.000019952666
269,-0.07300000000000001,103.0,412.000019952666
270,-0.0729,103.0,412.000019952666
271,-0.0728,103.0,412.000019952666
272,-0.0727,103.0,412.000019952666
273,-0.0726,104.0,416.0000201463812
274,-0.07250000000000001,104.0,416.0000201463812
275,-0.0724,106.0,424.00002053381155
276,-0.0723,107.0,428.00002072752676
277,-0.0722,108.0,432.00002092124197
278,-0.0721,108.0,432.00002092124197
279,-0.07200000000000001,109.0,436.0000211149572
280,-0.0719,109.0,436.0000211149572
281,-0.0718,109.0,436.0000211149572
282,-0.0717,111.0,444.0000215023876
283,-0.0716,112.0,448.0000216961028
284,-0.07150000000000001,113.0,452.000021889818
285,-0.0714,113.0,452.000021889818
286,-0.0713,113.0,452.000021889818
287,-0.0712,113.0,452.000021889818
288,-0.0711,113.0,452.000021889818
289,-0.07100000000000001,114.0,456.0000220835332
290,-0.0709,114.0,456.0000220835332
291,-0.0708,114.0,456.0000220835332
292,-0.0707,114.0,456.0000220835332
293,-0.0706,114.0,456.0000220835332
294,-0.07050000000000001,114.0,456.0000220835332
295,-0.0704,114.0,456.0000220835332
296,-0.0703,114.0,456.0000220835332
297,-0.07020000000000001,114.0,456.0000220835332
298,-0.0701,114.0,456.0000220835332
299,-0.07,116.0,464.00002247096364
300,-0.0699,116.0,464.00002247096364
301,-0.0698,116.0,464.00002247096364
302,-0.06970000000000001,118.0,472.00002285839406
303,-0.06960000000000001,118.0,472.00002285839406
304,-0.0695,118.0,472.00002285839406
305,-0.0694,118.0,472.00002285839406
306,-0.0693,118.0,472.00002285839406
307,-0.06920000000000001,120.0,480.0000232458244
308,-0.06910000000000001,121.0,484.00002343953963
309,-0.069,122.0,488.00002363325484
310,-0.0689,122.0,488.00002363325484
311,-0.0688,125.0,500.00002421440047
312,-0.06870000000000001,127.0,508.0000246018309
313,-0.0686,127.0,508.0000246018309
314,-0.0685,128.0,512.000024795546
315,-0.0684,129.0,516.0000249892612
316,-0.0683,129.0,516.0000249892612
317,-0.06820000000000001,130.0,520.0000251829764
318,-0.0681,130.0,520.0000251829764
319,-0.068,132.0,528.0000255704068
320,-0.0679,132.0,528.0000255704068
321,-0.0678,132.0,528.0000255704068
322,-0.06770000000000001,133.0,532.000025764122
323,-0.06760000000000001,133.0,532.000025764122
324,-0.0675,134.0,536.0000259578372
325,-0.0674,136.0,544.0000263452677
326,-0.0673,136.0,544.0000263452677
327,-0.06720000000000001,136.0,544.0000263452677
328,-0.0671,137.0,548.0000265389829
329,-0.067,138.0,552.0000267326981
330,-0.0669,140.0,560.0000271201285
331,-0.0668,142.0,568.0000275075589
332,-0.06670000000000001,142.0,568.0000275075589
333,-0.0666,142.0,568.0000275075589
334,-0.0665,142.0,568.0000275075589
335,-0.0664,143.0,572.0000277012741
336,-0.0663,145.0,580.0000280887045
337,-0.06620000000000001,146.0,584.0000282824197
338,-0.0661,147.0,588.000028476135
339,-0.066,152.0,608.000029444711
340,-0.06590000000000001,153.0,612.0000296384262
341,-0.0658,154.0,616.0000298321413
342,-0.06570000000000001,155.0,620.0000300258565
343,-0.0656,156.0,624.0000302195717
344,-0.0655,156.0,624.0000302195717
345,-0.06540000000000001,156.0,624.0000302195717
346,-0.0653,158.0,632.0000306070021
347,-0.06520000000000001,159.0,636.0000308007174
348,-0.0651,160.0,640.0000309944326
349,-0.065,162.0,648.000031381863
350,-0.06490000000000001,165.0,660.0000319630086
351,-0.0648,165.0,660.0000319630086
352,-0.06470000000000001,168.0,672.0000325441542
353,-0.0646,169.0,676.0000327378694
354,-0.0645,169.0,676.0000327378694
355,-0.06440000000000001,169.0,676.0000327378694
356,-0.0643,170.0,680.0000329315847
357,-0.06420000000000001,171.0,684.0000331252999
358,-0.0641,171.0,684.0000331252999
359,-0.064,172.0,688.0000333190151
360,-0.06390000000000001,174.0,696.0000337064455
361,-0.0638,174.0,696.0000337064455
362,-0.0637,174.0,696.0000337064455
363,-0.0636,174.0,696.0000337064455
364,-0.0635,175.0,700.0000339001607
365,-0.06340000000000001,177.0,708.0000342875911
366,-0.0633,177.0,708.0000342875911
367,-0.0632,181.0,724.000035062452
368,-0.0631,183.0,732.0000354498824
369,-0.063,185.0,740.0000358373128
370,-0.06290000000000001,186.0,744.0000360310279
371,-0.0628,187.0,748.0000362247431
372,-0.0627,188.0,752.0000364184584
373,-0.0626,189.0,756.0000366121735
374,-0.0625,192.0,768.0000371933191
375,-0.062400000000000004,193.0,772.0000373870344
376,-0.0623,197.0,788.0000381618952
377,-0.062200000000000005,198.0,792.0000383556104
378,-0.0621,200.0,800.0000387430408
379,-0.062000000000000006,202.0,808.0000391304712
380,-0.061900000000000004,202.0,808.0000391304712
381,-0.0618,202.0,808.0000391304712
382,-0.061700000000000005,202.0,808.0000391304712
383,-0.0616,203.0,812.0000393241864
384,-0.061500000000000006,206.0,824.0000399053321
385,-0.0614,206.0,824.0000399053321
386,-0.0613,206.0,824.0000399053321
387,-0.061200000000000004,206.0,824.0000399053321
388,-0.0611,206.0,824.0000399053321
389,-0.061000000000000006,207.0,828.0000400990473
390,-0.0609,208.0,832.0000402927625
391,-0.06080000000000001,209.0,836.0000404864777
392,-0.060700000000000004,210.0,840.0000406801929
393,-0.0606,214.0,856.0000414550536
394,-0.060500000000000005,216.0,864.000041842484
395,-0.0604,216.0,864.000041842484
396,-0.060300000000000006,218.0,872.0000422299145
397,-0.060200000000000004,220.0,880.0000426173449
398,-0.0601,222.0,888.0000430047753
399,-0.060000000000000005,222.0,888.0000430047753
400,-0.0599,223.0,892.0000431984905
401,-0.059800000000000006,226.0,904.0000437796361
402,-0.0597,227.0,908.0000439733515
403,-0.0596,230.0,920.000044554497
404,-0.059500000000000004,231.0,924.0000447482122
405,-0.0594,232.0,928.0000449419275
406,-0.059300000000000005,235.0,940.0000455230731
407,-0.0592,238.0,952.0000461042185
408,-0.05910000000000001,241.0,964.0000466853643
409,-0.059000000000000004,241.0,964.0000466853643
410,-0.0589,243.0,972.0000470727945
411,-0.058800000000000005,246.0,984.0000476539403
412,-0.0587,249.0,996.000048235086
413,-0.058600000000000006,252.0,1008.0000488162316
414,-0.0585,257.0,1028.0000497848073
415,-0.0584,259.0,1036.0000501722377
416,-0.058300000000000005,261.0,1044.0000505596681
417,-0.0582,262.0,1048.0000507533834
418,-0.058100000000000006,264.0,1056.0000511408136
419,-0.058,268.0,1072.0000519156745
420,-0.0579,270.0,1080.000052303105
421,-0.057800000000000004,271.0,1084.00005249682
422,-0.0577,274.0,1096.0000530779655
423,-0.057600000000000005,275.0,1100.0000532716808
424,-0.0575,276.0,1104.000053465396
425,-0.05740000000000001,277.0,1108.0000536591112
426,-0.057300000000000004,277.0,1108.0000536591112
427,-0.0572,279.0,1116.0000540465414
428,-0.057100000000000005,280.0,1120.0000542402568
429,-0.057,282.0,1128.0000546276872
430,-0.056900000000000006,284.0,1136.0000550151174
431,-0.0568,284.0,1136.0000550151174
432,-0.0567,286.0,1144.000055402548
433,-0.056600000000000004,288.0,1152.0000557899784
434,-0.0565,290.0,1160.0000561774089
435,-0.056400000000000006,293.0,1172.0000567585544
436,-0.0563,296.0,1184.0000573397
437,-0.05620000000000001,300.0,1200.0000581145607
438,-0.056100000000000004,304.0,1216.0000588894218
439,-0.056,307.0,1228.0000594705675
440,-0.055900000000000005,311.0,1244.000060245428
441,-0.0558,311.0,1244.000060245428
442,-0.055700000000000006,312.0,1248.0000604391432
443,-0.055600000000000004,314.0,1256.0000608265739
444,-0.0555,318.0,1272.0000616014347
445,-0.055400000000000005,321.0,1284.00006218258
446,-0.0553,322.0,1288.0000623762953
447,-0.055200000000000006,325.0,1300.0000629574408
448,-0.0551,330.0,1320.0000639260168
449,-0.055,334.0,1336.0000647008776
450,-0.054900000000000004,339.0,1356.0000656694533
451,-0.0548,341.0,1364.0000660568837
452,-0.054700000000000006,342.0,1368.000066250599
453,-0.0546,346.0,1384.0000670254599
454,-0.05450000000000001,350.0,1400.0000678003207
455,-0.054400000000000004,352.0,1408.0000681877511
456,-0.0543,353.0,1412.0000683814662
457,-0.054200000000000005,355.0,1420.0000687688967
458,-0.0541,356.0,1424.0000689626117
459,-0.054000000000000006,359.0,1436.0000695437575
460,-0.0539,362.0,1448.0000701249032
461,-0.0538,363.0,1452.0000703186183
462,-0.053700000000000005,364.0,1456.0000705123337
463,-0.0536,367.0,1468.0000710934792
464,-0.053500000000000006,371.0,1484.00007186834
465,-0.0534,375.0,1500.0000726432008
466,-0.0533,378.0,1512.0000732243464
467,-0.053200000000000004,380.0,1520.0000736117768
468,-0.0531,382.0,1528.0000739992072
469,-0.053000000000000005,384.0,1536.0000743866376
470,-0.0529,385.0,1540.000074580353
471,-0.05280000000000001,387.0,1548.0000749677833
472,-0.052700000000000004,388.0,1552.0000751614984
473,-0.0526,391.0,1564.0000757426442
474,-0.052500000000000005,396.0,1584.00007671122
475,-0.0524,400.0,1600.000077486081
476,-0.052300000000000006,403.0,1612.0000780672265
477,-0.0522,407.0,1628.0000788420875
478,-0.0521,414.0,1656.0000801980934
479,-0.052000000000000005,414.0,1656.0000801980934
480,-0.0519,416.0,1664.0000805855236
481,-0.051800000000000006,419.0,1676.0000811666698
482,-0.0517,421.0,1684.0000815541
483,-0.0516,426.0,1704.000082522676
484,-0.051500000000000004,429.0,1716.0000831038221
485,-0.0514,431.0,1724.0000834912523
486,-0.051300000000000005,433.0,1732.0000838786825
487,-0.0512,438.0,1752.0000848472587
488,-0.051100000000000007,442.0,1768.0000856221195
489,-0.051000000000000004,447.0,1788.0000865906954
490,-0.0509,450.0,1800.000087171841
491,-0.050800000000000005,455.0,1820.0000881404167
492,-0.0507,457.0,1828.000088527847
493,-0.050600000000000006,461.0,1844.0000893027081
494,-0.0505,463.0,1852.0000896901386
495,-0.0504,466.0,1864.0000902712839
496,-0.050300000000000004,468.0,1872.0000906587143
497,-0.0502,475.0,1900.000092014721
498,-0.050100000000000006,478.0,1912.0000925958666
499,-0.05,489.0,1956.0000947267336
500,-0.0499,494.0,1976.0000956953095
501,-0.049800000000000004,497.0,1988.0000962764555
502,-0.0497,503.0,2012.0000974387467
503,-0.049600000000000005,507.0,2028.0000982136073
504,-0.0495,514.0,2056.0000995696137
505,-0.049400000000000006,518.0,2072.000100344475
506,-0.049300000000000004,523.0,2092.0001013130504
507,-0.0492,526.0,2104.000101894196
508,-0.049100000000000005,534.0,2136.000103443918
509,-0.049,540.0,2160.0001046062084
510,-0.048900000000000006,547.0,2188.0001059622155
511,-0.0488,554.0,2216.0001073182216
512,-0.0487,556.0,2224.000107705652
513,-0.048600000000000004,560.0,2240.000108480513
514,-0.0485,566.0,2264.0001096428045
515,-0.048400000000000006,569.0,2276.0001102239503
516,-0.0483,573.0,2292.000110998811
517,-0.0482,575.0,2300.0001113862413
518,-0.048100000000000004,579.0,2316.000112161102
519,-0.048,582.0,2328.0001127422474
520,-0.047900000000000005,586.0,2344.0001135171087
521,-0.0478,593.0,2372.0001148731153
522,-0.047700000000000006,598.0,2392.0001158416912
523,-0.0476,600.0,2400.0001162291214
524,-0.0475,605.0,2420.000117197698
525,-0.047400000000000005,608.0,2432.000117778843
526,-0.0473,616.0,2464.0001193285643
527,-0.047200000000000006,621.0,2484.0001202971403
528,-0.0471,630.0,2520.000122040577
529,-0.047,637.0,2548.0001233965836
530,-0.046900000000000004,644.0,2576.0001247525906
531,-0.0468,652.0,2608.0001263023123
532,-0.046700000000000005,658.0,2632.000127464604
533,-0.0466,668.0,2672.000129401755
534,-0.0465,675.0,2700.0001307577622
535,-0.046400000000000004,681.0,2724.000131920053
536,-0.0463,687.0,2748.000133082344
537,-0.046200000000000005,695.0,2780.0001346320655
538,-0.0461,704.0,2816.000136375502
539,-0.046000000000000006,711.0,2844.0001377315084
540,-0.0459,719.0,2876.00013928123
541,-0.0458,727.0,2908.000140830952
542,-0.045700000000000005,738.0,2952.000142961819
543,-0.0456,746.0,2984.000144511541
544,-0.045500000000000006,755.0,3020.0001462549776
545,-0.0454,760.0,3040.0001472235535
546,-0.0453,766.0,3064.000148385844
547,-0.045200000000000004,770.0,3080.000149160705
548,-0.0451,779.0,3116.0001509041417
549,-0.045000000000000005,784.0,3136.0001518727177
550,-0.0449,791.0,3164.0001532287242
551,-0.0448,800.0,3200.0001549721615
552,-0.044700000000000004,810.0,3240.000156909313
553,-0.0446,826.0,3304.0001600087567
554,-0.044500000000000005,837.0,3348.000162139624
555,-0.0444,843.0,3372.000163301915
556,-0.044300000000000006,854.0,3416.0001654327825
557,-0.0442,863.0,3452.0001671762193
558,-0.0441,871.0,3484.000168725941
559,-0.044000000000000004,879.0,3516.0001702756626
560,-0.0439,885.0,3540.000171437954
561,-0.043800000000000006,897.0,3588.000173762536
562,-0.0437,909.0,3636.0001760871196
563,-0.0436,913.0,3652.00017686198
564,-0.043500000000000004,918.0,3672.0001778305555
565,-0.0434,925.0,3700.000179186562
566,-0.043300000000000005,939.0,3756.000181898575
567,-0.0432,952.0,3808.0001844168723
568,-0.0431,964.0,3856.000186741455
569,-0.043000000000000003,978.0,3912.0001894534676
570,-0.0429,988.0,3952.0001913906194
571,-0.042800000000000005,993.0,3972.000192359196
572,-0.0427,1004.0,4016.0001944900623
573,-0.042600000000000006,1018.0,4072.000197202075
574,-0.0425,1031.0,4124.000199720373
575,-0.0424,1045.0,4180.000202432385
576,-0.042300000000000004,1052.0,4208.000203788391
577,-0.0422,1067.0,4268.000206694121
578,-0.042100000000000005,1078.0,4312.000208824988
579,-0.042,1089.0,4356.0002109558545
580,-0.0419,1094.0,4376.000211924431
581,-0.041800000000000004,1102.0,4408.000213474153
582,-0.0417,1114.0,4456.000215798734
583,-0.041600000000000005,1132.0,4528.000219285607
584,-0.0415,1140.0,4560.00022083533
585,-0.0414,1157.0,4628.0002241284865
586,-0.0413,1169.0,4676.00022645307
587,-0.0412,1177.0,4708.000228002792
588,-0.041100000000000005,1186.0,4744.000229746229
589,-0.041,1193.0,4772.0002311022345
590,-0.040900000000000006,1201.0,4804.000232651956
591,-0.0408,1211.0,4844.000234589106
592,-0.0407,1225.0,4900.000237301118
593,-0.040600000000000004,1236.0,4944.00023943199
594,-0.0405,1248.0,4992.000241756571
595,-0.040400000000000005,1263.0,5052.000244662298
596,-0.0403,1273.0,5092.00024659945
597,-0.0402,1290.0,5160.000249892609
598,-0.040100000000000004,1305.0,5220.000252798336
599,-0.04,1316.0,5264.000254929203
600,-0.039900000000000005,1327.0,5308.000257060071
601,-0.0398,1342.0,5368.000259965799
602,-0.039700000000000006,1355.0,5420.000262484095
603,-0.0396,1372.0,5488.000265777254
604,-0.0395,1391.0,5564.0002694578425
605,-0.039400000000000004,1412.0,5648.000273525862
606,-0.0393,1431.0,5724.00027720645
607,-0.039200000000000006,1445.0,5780.000279918463
608,-0.0391,1463.0,5852.000283405337
609,-0.039,1484.0,5936.000287473357
610,-0.038900000000000004,1500.0,6000.000290572799
611,-0.0388,1520.0,6080.000294447104
612,-0.038700000000000005,1535.0,6140.000297352832
613,-0.0386,1559.0,6236.000302001996
614,-0.0385,1582.0,6328.000306457446
615,-0.038400000000000004,1595.0,6380.000308975745
616,-0.0383,1610.0,6440.000311881472
617,-0.038200000000000005,1627.0,6508.0003151746305
618,-0.0381,1645.0,6580.000318661503
619,-0.038000000000000006,1658.0,6632.000321179801
620,-0.0379,1678.0,6712.000325054105
621,-0.0378,1694.0,6776.000328153547
622,-0.037700000000000004,1709.0,6836.000331059277
623,-0.0376,1730.0,6920.000335127296
624,-0.037500000000000006,1754.0,7016.000339776461
625,-0.0374,1777.0,7108.000344231912
626,-0.0373,1810.0,7240.000350624512
627,-0.0372,1830.0,7320.000354498817
628,-0.03710000000000001,1844.0,7376.000357210829
629,-0.037000000000000005,1862.0,7448.000360697703
630,-0.0369,1883.0,7532.000364765723
631,-0.0368,1905.0,7620.000369027455
632,-0.036699999999999997,1925.0,7700.00037290176
633,-0.03660000000000001,1952.0,7808.00037813207
634,-0.036500000000000005,1970.0,7880.000381618944
635,-0.0364,1994.0,7976.000386268109
636,-0.0363,2012.0,8048.000389754984
637,-0.036199999999999996,2044.0,8176.000395953869
638,-0.03610000000000001,2076.0,8304.000402152755
639,-0.036000000000000004,2101.0,8404.000406995634
640,-0.0359,2116.0,8464.000409901364
641,-0.0358,2142.0,8568.000414937958
642,-0.035699999999999996,2161.0,8644.000418618547
643,-0.03560000000000001,2185.0,8740.000423267713
644,-0.035500000000000004,2207.0,8828.000427529447
645,-0.0354,2234.0,8936.000432759758
646,-0.0353,2261.0,9044.00043799007
647,-0.03520000000000001,2284.0,9136.000442445518
648,-0.035100000000000006,2308.0,9232.000447094682
649,-0.035,2338.0,9352.000452906139
650,-0.0349,2369.0,9476.000458911309
651,-0.0348,2401.0,9604.000465110195
652,-0.03470000000000001,2431.0,9724.000470921652
653,-0.034600000000000006,2463.0,9852.000477120537
654,-0.0345,2491.0,9964.000482544563
655,-0.0344,2514.0,10056.000487000012
656,-0.0343,2543.0,10172.000492617753
657,-0.03420000000000001,2573.0,10292.000498429208
658,-0.034100000000000005,2597.0,10388.000503078374
659,-0.034,2638.0,10552.0005110207
660,-0.0339,2670.0,10680.000517219589
661,-0.0338,2710.0,10840.000524968196
662,-0.03370000000000001,2743.0,10972.000531360796
663,-0.033600000000000005,2771.0,11084.000536784824
664,-0.0335,2802.0,11208.000542789994
665,-0.0334,2834.0,11336.000548988879
666,-0.033299999999999996,2870.0,11480.000555962626
667,-0.03320000000000001,2911.0,11644.000563904949
668,-0.033100000000000004,2934.0,11736.000568360398
669,-0.033,2978.0,11912.000576883867
670,-0.0329,3012.0,12048.000583470182
671,-0.032799999999999996,3041.0,12164.000589087924
672,-0.03270000000000001,3069.0,12276.000594511948
673,-0.032600000000000004,3109.0,12436.000602260554
674,-0.0325,3143.0,12572.000608846873
675,-0.0324,3180.0,12720.000616014335
676,-0.032299999999999995,3227.0,12908.000625118952
677,-0.032200000000000006,3261.0,13044.000631705267
678,-0.032100000000000004,3307.0,13228.000640616168
679,-0.032,3359.0,13436.000650689357
680,-0.0319,3398.0,13592.000658244251
681,-0.03180000000000001,3444.0,13776.00066715515
682,-0.031700000000000006,3487.0,13948.000675484904
683,-0.0316,3531.0,14124.000684008372
684,-0.0315,3581.0,14324.00069369413
685,-0.0314,3629.0,14516.000702992458
686,-0.03130000000000001,3666.0,14664.000710159922
687,-0.031200000000000006,3724.0,14896.000721395405
688,-0.031100000000000003,3763.0,15052.000728950297
689,-0.031,3809.0,15236.000737861197
690,-0.030899999999999997,3865.0,15460.000748709248
691,-0.030800000000000008,3903.0,15612.000756070422
692,-0.030700000000000005,3943.0,15772.000763819033
693,-0.030600000000000002,3995.0,15980.000773892223
694,-0.0305,4055.0,16220.000785515134
695,-0.030399999999999996,4101.0,16404.000794426032
696,-0.030300000000000007,4140.0,16560.000801980925
697,-0.030200000000000005,4195.0,16780.000812635262
698,-0.030100000000000002,4249.0,16996.000823095885
699,-0.03,4296.0,17184.000832200498
700,-0.029899999999999996,4348.0,17392.000842273686
701,-0.029800000000000007,4411.0,17644.00085447774
702,-0.029700000000000004,4468.0,17872.000865519512
703,-0.0296,4530.0,18120.000877529852
704,-0.0295,4586.0,18344.000888377905
705,-0.029399999999999996,4647.0,18588.00090019453
706,-0.029300000000000007,4706.0,18824.000911623727
707,-0.029200000000000004,4771.0,19084.000924215215
708,-0.0291,4851.0,19404.000939712427
709,-0.028999999999999998,4915.0,19660.000952110204
710,-0.02890000000000001,4974.0,19896.000963539405
711,-0.028800000000000006,5035.0,20140.000975356033
712,-0.028700000000000003,5093.0,20372.000986591513
713,-0.0286,5155.0,20620.000998601856
714,-0.028499999999999998,5225.0,20900.00101216192
715,-0.02840000000000001,5288.0,21152.001024365978
716,-0.028300000000000006,5368.0,21472.001039863193
717,-0.028200000000000003,5442.0,21768.00105419812
718,-0.0281,5523.0,22092.00106988905
719,-0.027999999999999997,5592.0,22368.001083255396
720,-0.027900000000000008,5664.0,22656.001097202894
721,-0.027800000000000005,5738.0,22952.00111153782
722,-0.027700000000000002,5823.0,23292.001128003612
723,-0.0276,5882.0,23528.001139432803
724,-0.027499999999999997,5952.0,23808.001152992878
725,-0.027400000000000008,6032.0,24128.001168490093
726,-0.027300000000000005,6106.0,24424.001182825014
727,-0.027200000000000002,6186.0,24744.001198322225
728,-0.0271,6267.0,25068.00121401316
729,-0.026999999999999996,6362.0,25448.001232416096
730,-0.026900000000000007,6444.0,25776.001248300745
731,-0.026800000000000004,6537.0,26148.001266316256
732,-0.0267,6629.0,26516.001284138052
733,-0.0266,6729.0,26916.001303509576
734,-0.026499999999999996,6802.0,27208.00131765079
735,-0.026400000000000007,6917.0,27668.00133992803
736,-0.026300000000000004,7028.0,28112.001361430415
737,-0.0262,7119.0,28476.001379058496
738,-0.026099999999999998,7220.0,28880.00139862373
739,-0.025999999999999995,7308.0,29232.001415670675
740,-0.025900000000000006,7409.0,29636.001435235907
741,-0.025800000000000003,7500.0,30000.001452863995
742,-0.0257,7602.0,30408.001472622942
743,-0.025599999999999998,7696.0,30784.001490832165
744,-0.02550000000000001,7800.0,31200.001510978545
745,-0.025400000000000006,7904.0,31616.001531124934
746,-0.025300000000000003,8010.0,32040.001551658737
747,-0.0252,8120.0,32480.00157296741
748,-0.025099999999999997,8236.0,32944.00159543837
749,-0.02500000000000001,8347.0,33388.00161694076
750,-0.024900000000000005,8459.0,33836.00163863687
751,-0.024800000000000003,8569.0,34276.00165994554
752,-0.0247,8681.0,34724.00168164165
753,-0.024599999999999997,8780.0,35120.00170081945
754,-0.024500000000000008,8925.0,35700.00172890816
755,-0.024400000000000005,9060.0,36240.001755059704
756,-0.024300000000000002,9175.0,36700.001777336955
757,-0.0242,9291.0,37164.00179980791
758,-0.024099999999999996,9422.0,37688.0018251846
759,-0.024000000000000007,9555.0,38220.00185094873
760,-0.023900000000000005,9676.0,38704.001874388276
761,-0.0238,9821.0,39284.00190247698
762,-0.0237,9926.0,39704.00192281709
763,-0.023599999999999996,10081.0,40324.00195284295
764,-0.023500000000000007,10244.0,40976.001984418515
765,-0.023400000000000004,10405.0,41620.00201560666
766,-0.0233,10534.0,42136.00204059592
767,-0.0232,10687.0,42748.00207023434
768,-0.023099999999999996,10835.0,43340.002098904195
769,-0.023000000000000007,11008.0,44032.002132416914
770,-0.022900000000000004,11171.0,44684.002163992496
771,-0.0228,11339.0,45356.00219653664
772,-0.022699999999999998,11491.0,45964.00222598136
773,-0.022599999999999995,11659.0,46636.00225852552
774,-0.022500000000000006,11830.0,47320.00229165082
775,-0.022400000000000003,12006.0,48024.00232574469
776,-0.0223,12171.0,48684.00235770771
777,-0.022199999999999998,12358.0,49432.00239393243
778,-0.02210000000000001,12535.0,50140.00242822001
779,-0.022000000000000006,12716.0,50864.00246328245
780,-0.021900000000000003,12893.0,51572.00249757006
781,-0.0218,13100.0,52400.0025376691
782,-0.021699999999999997,13304.0,53216.00257718699
783,-0.021600000000000008,13491.0,53964.002613411736
784,-0.021500000000000005,13688.0,54752.002651573624
785,-0.021400000000000002,13864.0,55456.0026856675
786,-0.0213,14071.0,56284.00272576655
787,-0.021199999999999997,14286.0,57144.00276741532
788,-0.021100000000000008,14527.0,58108.002814100684
789,-0.021000000000000005,14734.0,58936.002854199716
790,-0.020900000000000002,14958.0,59832.002897591905
791,-0.0208,15186.0,60744.00294175898
792,-0.020699999999999996,15426.0,61704.002988250664
793,-0.020600000000000007,15642.0,62568.00303009314
794,-0.020500000000000004,15876.0,63504.00307542249
795,-0.0204,16134.0,64536.003125401
796,-0.0203,16387.0,65548.00317441096
797,-0.020199999999999996,16636.0,66544.00322264606
798,-0.020100000000000007,16885.0,67540.00327088116
799,-0.020000000000000004,17124.0,68496.0033171791
800,-0.0199,17358.0,69432.00336250846
801,-0.019799999999999998,17634.0,70536.00341597384
802,-0.019699999999999995,17920.0,71680.00347137637
803,-0.019600000000000006,18231.0,72924.00353162181
804,-0.019500000000000003,18515.0,74060.00358663693
805,-0.0194,18812.0,75248.00364417034
806,-0.019299999999999998,19116.0,76464.00370305976
807,-0.019199999999999995,19425.0,77700.00376291777
808,-0.019100000000000006,19730.0,78920.00382200092
809,-0.019000000000000003,20018.0,80072.00387779086
810,-0.0189,20333.0,81332.00393881115
811,-0.018799999999999997,20668.0,82672.00400370573
812,-0.01870000000000001,20998.0,83992.00406763174
813,-0.018600000000000005,21358.0,85432.00413736922
814,-0.018500000000000003,21708.0,86832.00420516952
815,-0.0184,22036.0,88144.00426870811
816,-0.018299999999999997,22384.0,89536.00433612097
817,-0.018200000000000008,22766.0,91064.00441012015
818,-0.018100000000000005,23179.0,92716.0044901245
819,-0.018000000000000002,23587.0,94348.00456916029
820,-0.0179,24017.0,96068.00465245784
821,-0.017799999999999996,24430.0,97720.00473246221
822,-0.017700000000000007,24825.0,99300.0048089797
823,-0.017600000000000005,25262.0,101048.0048936333
824,-0.0175,25691.0,102764.0049767371
825,-0.0174,26148.0,104592.00506526497
826,-0.017299999999999996,26589.0,106356.00515069341
827,-0.017200000000000007,27039.0,108156.00523786523
828,-0.017100000000000004,27507.0,110028.00532852397
829,-0.017,27990.0,111960.00542208843
830,-0.0169,28508.0,114032.0055224329
831,-0.016799999999999995,28996.0,115984.00561696597
832,-0.016700000000000007,29439.0,117756.00570278181
833,-0.016600000000000004,29949.0,119796.00580157658
834,-0.0165,30456.0,121824.00589979021
835,-0.016399999999999998,31033.0,124132.00601156385
836,-0.016299999999999995,31554.0,126216.00611248951
837,-0.016200000000000006,32123.0,128492.00622271343
838,-0.016100000000000003,32715.0,130860.0063373928
839,-0.016,33304.0,133216.00645149106
840,-0.015899999999999997,33874.0,135496.0065619087
841,-0.015799999999999995,34458.0,137832.00667503837
842,-0.015700000000000006,35092.0,140368.00679785377
843,-0.015600000000000003,35753.0,143012.0069258996
844,-0.0155,36442.0,145768.00705936935
845,-0.015399999999999997,37114.0,148456.0071895459
846,-0.015300000000000008,37783.0,151132.0073191413
847,-0.015200000000000005,38422.0,153688.0074429253
848,-0.015100000000000002,39150.0,156600.00758394992
849,-0.015,39895.0,159580.00772826772
850,-0.014899999999999997,40691.0,162764.007882465
851,-0.014800000000000008,41483.0,165932.00803588744
852,-0.014700000000000005,42243.0,168972.00818311097
853,-0.014600000000000002,43092.0,172368.0083475752
854,-0.014499999999999999,43930.0,175720.0085099086
855,-0.014399999999999996,44785.0,179140.00867553506
856,-0.014300000000000007,45706.0,182824.0088539468
857,-0.014200000000000004,46602.0,186408.00902751574
858,-0.014100000000000001,47539.0,190156.00920902687
859,-0.013999999999999999,48533.0,194132.00940157985
860,-0.013899999999999996,49488.0,197952.00958657786
861,-0.013800000000000007,50516.0,202064.00978571715
862,-0.013700000000000004,51530.0,206120.00998214446
863,-0.013600000000000001,52585.0,210340.01018651391
864,-0.013499999999999998,53648.0,214592.01039243315
865,-0.013399999999999995,54767.0,219068.01060920052
866,-0.013300000000000006,55826.0,223304.01081434492
867,-0.013200000000000003,56998.0,227992.0110413791
868,-0.0131,58206.0,232824.011275387
869,-0.012999999999999998,59445.0,237780.01151540002
870,-0.012899999999999995,60702.0,242808.0117589
871,-0.012800000000000006,61908.0,247632.01199252057
872,-0.012700000000000003,63208.0,252832.01224435034
873,-0.0126,64614.0,258456.0125167139
874,-0.012499999999999997,65989.0,263956.0127830722
875,-0.012400000000000008,67403.0,269612.0130569855
876,-0.012300000000000005,68890.0,275560.01334504
877,-0.012200000000000003,70446.0,281784.0136464608
878,-0.0121,71970.0,287880.0139416827
879,-0.011999999999999997,73572.0,294288.0142520145
880,-0.011900000000000008,75177.0,300708.0145629273
881,-0.011800000000000005,76822.0,307288.01488158887
882,-0.011700000000000002,78569.0,314276.0152200096
883,-0.0116,80326.0,321304.0155603672
884,-0.011499999999999996,82173.0,328692.01591815945
885,-0.011400000000000007,84033.0,336132.0162784698
886,-0.011300000000000004,85963.0,343852.01665234024
887,-0.011200000000000002,87990.0,351960.01704500103
888,-0.011099999999999999,90057.0,360228.0174454103
889,-0.010999999999999996,92143.0,368572.0178495003
890,-0.010900000000000007,94307.0,377228.0182687001
891,-0.010800000000000004,96531.0,386124.01869952265
892,-0.010700000000000001,98837.0,395348.01914622955
893,-0.010599999999999998,101146.0,404584.0195935178
894,-0.010499999999999995,103640.0,414560.0200766434
895,-0.010400000000000006,106142.0,424568.02056131867
896,-0.010300000000000004,108720.0,434880.02106071636
897,-0.0102,111347.0,445388.0215696061
898,-0.010099999999999998,114144.0,456576.0221114272
899,-0.009999999999999995,116958.0,467832.02265654196
900,-0.009900000000000006,119933.0,479732.02323284466
901,-0.009800000000000003,122915.0,491660.0238105033
902,-0.0097,126080.0,504320.02442361176
903,-0.009599999999999997,129223.0,516892.02503245865
904,-0.009499999999999995,132553.0,530212.0256775306
905,-0.009400000000000006,136020.0,544080.0263491414
906,-0.009300000000000003,139648.0,558592.0270519407
907,-0.0092,143314.0,573256.0277621007
908,-0.009099999999999997,147107.0,588428.0284968626
909,-0.009000000000000008,151100.0,604400.0292703676
910,-0.008900000000000005,155186.0,620744.030061888
911,-0.008800000000000002,159378.0,637512.0308739428
912,-0.0087,163609.0,654436.0316935517
913,-0.008599999999999997,168035.0,672140.0325509352
914,-0.008500000000000008,172724.0,690896.0334592655
915,-0.008400000000000005,177604.0,710416.034404596
916,-0.008300000000000002,182615.0,730460.0353753022
917,-0.008199999999999999,187779.0,751116.0363756468
918,-0.008099999999999996,193150.0,772600.037416091
919,-0.008000000000000007,198588.0,794352.0384695139
920,-0.007900000000000004,204272.0,817088.039570591
921,-0.007800000000000001,210271.0,841084.0407326884
922,-0.0076999999999999985,216342.0,865368.0419087332
923,-0.007599999999999996,222745.0,890980.0431490919
924,-0.007500000000000007,229273.0,917092.044413665
925,-0.007400000000000004,235972.0,943888.0457113631
926,-0.007300000000000001,243084.0,972336.0470890652
927,-0.007199999999999998,250621.0,1002484.0485490969
928,-0.007099999999999995,258204.0,1032816.0500180398
929,-0.007000000000000006,266147.0,1064588.0515567209
930,-0.006900000000000003,274502.0,1098008.0531752123
931,-0.0068000000000000005,283121.0,1132484.0548448444
932,-0.006699999999999998,291974.0,1167896.056559805
933,-0.006599999999999995,301381.0,1205524.058382084
934,-0.006500000000000006,311165.0,1244660.060277393
935,-0.006400000000000003,321464.0,1285856.0622724656
936,-0.0063,332016.0,1328064.0643165482
937,-0.006199999999999997,343096.0,1372384.0664629114
938,-0.006099999999999994,354464.0,1417856.0686650644
939,-0.006000000000000005,366678.0,1466712.071031101
940,-0.0059000000000000025,379181.0,1516724.0734531216
941,-0.0058,392191.0,1568764.075973357
942,-0.005699999999999997,406132.0,1624528.0786739415
943,-0.005600000000000008,420513.0,1682052.0814597611
944,-0.005500000000000005,435341.0,1741364.0843321711
945,-0.005400000000000002,450739.0,1802956.0873149987
946,-0.005299999999999999,467070.0,1868280.090478562
947,-0.005199999999999996,484203.0,1936812.0937974849
948,-0.005100000000000007,502076.0,2008304.0972597569
949,-0.0050000000000000044,520696.0,2082784.1008667345
950,-0.004900000000000002,540504.0,2162016.1047038464
951,-0.004799999999999999,561101.0,2244404.1086937985
952,-0.004699999999999996,582659.0,2330636.11286991
953,-0.004600000000000007,605280.0,2421120.117251941
954,-0.004500000000000004,629054.0,2516216.121857326
955,-0.004400000000000001,654479.0,2617916.126782533
956,-0.004299999999999998,681030.0,2724120.1319258627
957,-0.004199999999999995,708840.0,2835360.1373130837
958,-0.004100000000000006,738000.0,2952000.1429618183
959,-0.0040000000000000036,769027.0,3076108.1489722226
960,-0.0039000000000000007,801692.0,3206768.155299932
961,-0.003799999999999998,835965.0,3343860.161939135
962,-0.003699999999999995,872214.0,3488856.16896112
963,-0.003600000000000006,910626.0,3642504.1764021097
964,-0.003500000000000003,951428.0,3805712.184306078
965,-0.0034000000000000002,994614.0,3978456.192671862
966,-0.0032999999999999974,1040382.0,4161528.2015378163
967,-0.0031999999999999945,1088750.0,4355000.210907434
968,-0.0031000000000000055,1140227.0,4560908.22087931
969,-0.0030000000000000027,1194410.0,4777640.2313753795
970,-0.0029,1252968.0,5011872.2427189555
971,-0.002799999999999997,1315050.0,5260200.254745179
972,-0.002699999999999994,1381218.0,5524872.267562927
973,-0.002600000000000005,1451240.0,5804960.281127259
974,-0.0025000000000000022,1526480.0,6105920.295702393
975,-0.0023999999999999994,1606912.0,6427648.311283294
976,-0.0022999999999999965,1693295.0,6773180.328016997
977,-0.0022000000000000075,1785781.0,7143124.3459329475
978,-0.0021000000000000046,1885278.0,7541112.365207028
979,-0.0020000000000000018,1992120.0,7968480.385903946
980,-0.001899999999999999,2107183.0,8428732.408193395
981,-0.001799999999999996,2230407.0,8921628.432063757
982,-0.001700000000000007,2363866.0,9455464.457916787
983,-0.0016000000000000042,2508162.0,10032648.485869119
984,-0.0015000000000000013,2663682.0,10654728.51599571
985,-0.0013999999999999985,2831793.0,11327172.548561366
986,-0.0012999999999999956,3012939.0,12051756.5836521
987,-0.0012000000000000066,3209231.0,12836924.62167686
988,-0.0011000000000000038,3420336.0,13681344.662571123
989,-0.0010000000000000009,3648673.0,14594692.706803465
990,-0.000899999999999998,3893136.0,15572544.754159644
991,-0.0007999999999999952,4155971.0,16623884.805074763
992,-0.0007000000000000062,4436734.0,17746936.859462827
993,-0.0006000000000000033,4733984.0,18935936.91704469
994,-0.0005000000000000004,5048993.0,20195972.978066724
995,-0.0003999999999999976,5378167.0,21512669.041832738
996,-0.0002999999999999947,5722798.0,22891193.108592995
997,-0.00020000000000000573,6078335.0,24313341.17746592
998,-0.00010000000000000286,6442583.0,25770333.248026386
999,0.0,6811909.0,27247637.319570445
1000,0.00010000000000000286,19172460.0,76689843.71399704
1001,0.00020000000000000573,19536449.0,78145799.78450723
1002,0.0002999999999999947,19893517.0,79574071.85367674
1003,0.0003999999999999976,20238449.0,80953799.92049532
1004,0.0005000000000000004,20570660.0,82282643.98484969
1005,0.0006000000000000033,20886219.0,83544880.04597825
1006,0.0007000000000000062,21185483.0,84741936.10395026
1007,0.0007999999999999952,21465617.0,85862472.15821646
1008,0.000899999999999998,21728190.0,86912764.20908085
1009,0.0010000000000000009,21972712.0,87890852.25644849
1010,0.0011000000000000038,22200376.0,88801508.30055048
1011,0.0011999999999999927,22411634.0,89646540.34147437
1012,0.0012999999999999956,22607178.0,90428716.37935421
1013,0.0013999999999999985,22789192.0,91156772.41461307
1014,0.0015000000000000013,22957367.0,91829472.44719113
1015,0.0016000000000000042,23112874.0,92451500.4773152
1016,0.0016999999999999932,23256217.0,93024872.5050829
1017,0.001799999999999996,23389846.0,93559388.53096887
1018,0.001899999999999999,23513170.0,94052684.55485861
1019,0.0020000000000000018,23627539.0,94510160.57701361
1020,0.0021000000000000046,23734184.0,94936740.59767237
1021,0.0021999999999999936,23833190.0,95332764.61685133
1022,0.0022999999999999965,23925468.0,95701876.63472699
1023,0.0023999999999999994,24011708.0,96046836.65143299
1024,0.0025000000000000022,24092308.0,96369236.66704643
1025,0.002600000000000005,24167607.0,96670432.68163298
1026,0.002699999999999994,24237809.0,96951240.69523217
1027,0.002799999999999997,24303607.0,97214432.70797825
1028,0.0029,24364959.0,97459840.71986306
1029,0.0030000000000000027,24423339.0,97693360.73117214
1030,0.0031000000000000055,24477505.0,97910024.74166492
1031,0.0031999999999999945,24528891.0,98115568.75161916
1032,0.0032999999999999974,24577350.0,98309404.7610064
1033,0.0034000000000000002,24622935.0,98491744.76983693
1034,0.003500000000000003,24665952.0,98663812.77816997
1035,0.003600000000000006,24706707.0,98826832.78606485
1036,0.003699999999999995,24744749.0,98979000.79343416
1037,0.003799999999999998,24780947.0,99123792.80044626
1038,0.0039000000000000007,24814903.0,99259616.80702405
1039,0.0040000000000000036,24847825.0,99391304.81340154
1040,0.0040999999999999925,24878681.0,99514728.81937884
1041,0.004199999999999995,24907977.0,99631912.82505393
1042,0.004299999999999998,24935827.0,99743312.8304489
1043,0.004400000000000001,24962233.0,99848936.83556414
1044,0.004500000000000004,24987410.0,99949644.8404413
1045,0.004599999999999993,25011516.0,100046068.845111
1046,0.004699999999999996,25034284.0,100137140.8495215
1047,0.004799999999999999,25055784.0,100223140.85368638
1048,0.004900000000000002,25076758.0,100307036.8577494
1049,0.0050000000000000044,25096344.0,100385380.86154354
1050,0.005099999999999993,25115269.0,100461080.86520961
1051,0.005199999999999996,25133127.0,100532512.86866902
1052,0.005299999999999999,25150150.0,100600604.87196665
1053,0.005400000000000002,25166491.0,100665968.87513214
1054,0.005500000000000005,25182128.0,100728516.8781613
1055,0.005599999999999994,25197054.0,100788220.88105273
1056,0.005699999999999997,25211411.0,100845648.88383391
1057,0.0058,25225023.0,100900096.88647082
1058,0.0059000000000000025,25238015.0,100952064.8889876
1059,0.006000000000000005,25250634.0,101002540.89143212
1060,0.006099999999999994,25262507.0,101050032.89373212
1061,0.006199999999999997,25274159.0,101096640.89598928
1062,0.0063,25285365.0,101141464.89816009
1063,0.006400000000000003,25295868.0,101183476.90019469
1064,0.006500000000000006,25306147.0,101224592.9021859
1065,0.006599999999999995,25315982.0,101263932.90409113
1066,0.006699999999999998,25325365.0,101301464.90590876
1067,0.0068000000000000005,25334422.0,101337692.90766324
1068,0.006900000000000003,25343063.0,101372256.90933715
1069,0.007000000000000006,25351221.0,101404888.91091749
1070,0.007099999999999995,25359201.0,101436808.91246334
1071,0.007199999999999998,25367024.0,101468100.91397877
1072,0.007300000000000001,25374392.0,101497572.91540606
1073,0.007400000000000004,25381517.0,101526072.91678628
1074,0.007499999999999993,25388320.0,101553284.91810413
1075,0.007599999999999996,25395020.0,101580084.91940202
1076,0.0076999999999999985,25401459.0,101605840.92064935
1077,0.007800000000000001,25407488.0,101629956.92181727
1078,0.007900000000000004,25413336.0,101653348.92295012
1079,0.007999999999999993,25419033.0,101676136.92405371
1080,0.008099999999999996,25424488.0,101697956.92511043
1081,0.008199999999999999,25429840.0,101719364.9261472
1082,0.008300000000000002,25434891.0,101739568.92712565
1083,0.008400000000000005,25439776.0,101759108.92807195
1084,0.008499999999999994,25444590.0,101778364.92900449
1085,0.008599999999999997,25449143.0,101796576.92988648
1086,0.0087,25453630.0,101814524.93075567
1087,0.008800000000000002,25457917.0,101831672.93158613
1088,0.008900000000000005,25462041.0,101848168.93238503
1089,0.008999999999999994,25466055.0,101864224.9331626
1090,0.009099999999999997,25469972.0,101879892.9339214
1091,0.0092,25473624.0,101894500.93462884
1092,0.009300000000000003,25477262.0,101909052.93533358
1093,0.009400000000000006,25480700.0,101922804.93599957
1094,0.009499999999999995,25484021.0,101936088.9366429
1095,0.009599999999999997,25487391.0,101949568.93729572
1096,0.0097,25490621.0,101962488.93792142
1097,0.009800000000000003,25493765.0,101975064.93853046
1098,0.009900000000000006,25496736.0,101986948.93910599
1099,0.009999999999999995,25499677.0,101998712.9396757
1100,0.010099999999999998,25502474.0,102009900.94021752
1101,0.0102,25505194.0,102020780.94074443
1102,0.010300000000000004,25507859.0,102031440.94126068
1103,0.010400000000000006,25510433.0,102041736.9417593
1104,0.010499999999999995,25512861.0,102051448.94222964
1105,0.010599999999999998,25515349.0,102061400.9427116
1106,0.010700000000000001,25517595.0,102070384.94314669
1107,0.010800000000000004,25519958.0,102079836.94360444
1108,0.010899999999999993,25522207.0,102088832.9440401
1109,0.010999999999999996,25524308.0,102097236.9444471
1110,0.011099999999999999,25526344.0,102105380.9448415
1111,0.011200000000000002,25528377.0,102113512.94523533
1112,0.011300000000000004,25530353.0,102121416.94561811
1113,0.011399999999999993,25532230.0,102128924.94598171
1114,0.011499999999999996,25534011.0,102136048.94632672
1115,0.0116,25535805.0,102143224.94667424
1116,0.011700000000000002,25537556.0,102150228.94701344
1117,0.011800000000000005,25539153.0,102156616.9473228
1118,0.011899999999999994,25540812.0,102163252.94764417
1119,0.011999999999999997,25542415.0,102169664.9479547
1120,0.0121,25543962.0,102175852.94825438
1121,0.012200000000000003,25545485.0,102181944.9485494
1122,0.012300000000000005,25547017.0,102188072.94884618
1123,0.012399999999999994,25548429.0,102193720.9491197
1124,0.012499999999999997,25549790.0,102199164.94938335
1125,0.0126,25551070.0,102204284.9496313
1126,0.012700000000000003,25552379.0,102209520.94988488
1127,0.012800000000000006,25553678.0,102214716.95013651
1128,0.012899999999999995,25554964.0,102219860.95038563
1129,0.012999999999999998,25556143.0,102224576.95061402
1130,0.0131,25557274.0,102229100.95083311
1131,0.013200000000000003,25558449.0,102233800.95106073
1132,0.013300000000000006,25559620.0,102238484.95128757
1133,0.013399999999999995,25560763.0,102243056.95150898
1134,0.013499999999999998,25561863.0,102247456.95172207
1135,0.013600000000000001,25562895.0,102251584.95192198
1136,0.013700000000000004,25563978.0,102255916.95213178
1137,0.013800000000000007,25564984.0,102259940.95232666
1138,0.013899999999999996,25565935.0,102263744.95251088
1139,0.013999999999999999,25566865.0,102267464.95269103
1140,0.014100000000000001,25567791.0,102271168.95287041
1141,0.014200000000000004,25568671.0,102274688.95304088
1142,0.014299999999999993,25569549.0,102278200.95321096
1143,0.014399999999999996,25570436.0,102281748.95338279
1144,0.014499999999999999,25571313.0,102285256.95355268
1145,0.014600000000000002,25572163.0,102288656.95371734
1146,0.014700000000000005,25572961.0,102291848.95387192
1147,0.014799999999999994,25573754.0,102295020.95402554
1148,0.014899999999999997,25574552.0,102298212.95418012
1149,0.015,25575323.0,102301296.95432948
1150,0.015100000000000002,25576070.0,102304284.95447418
1151,0.015200000000000005,25576797.0,102307192.95461501
1152,0.015299999999999994,25577484.0,102309940.9547481
1153,0.015399999999999997,25578181.0,102312728.95488311
1154,0.0155,25578843.0,102315376.95501135
1155,0.015600000000000003,25579478.0,102317916.95513436
1156,0.015700000000000006,25580101.0,102320408.95525505
1157,0.015799999999999995,25580745.0,102322984.9553798
1158,0.015899999999999997,25581323.0,102325296.95549177
1159,0.016,25581940.0,102327764.95561129
1160,0.016100000000000003,25582523.0,102330096.95572422
1161,0.016200000000000006,25583083.0,102332336.9558327
1162,0.016299999999999995,25583646.0,102334588.95594177
1163,0.016399999999999998,25584161.0,102336648.95604153
1164,0.0165,25584705.0,102338824.95614691
1165,0.016600000000000004,25585223.0,102340896.95624726
1166,0.016700000000000007,25585721.0,102342888.95634373
1167,0.016799999999999995,25586211.0,102344848.95643865
1168,0.0169,25586728.0,102346916.9565388
1169,0.017,25587181.0,102348728.95662655
1170,0.017100000000000004,25587661.0,102350648.95671953
1171,0.017200000000000007,25588115.0,102352464.95680748
1172,0.017299999999999996,25588529.0,102354120.95688768
1173,0.0174,25588972.0,102355892.9569735
1174,0.0175,25589393.0,102357576.95705505
1175,0.017600000000000005,25589814.0,102359260.9571366
1176,0.017699999999999994,25590243.0,102360976.9572197
1177,0.017799999999999996,25590653.0,102362616.95729913
1178,0.0179,25591044.0,102364180.95737487
1179,0.018000000000000002,25591408.0,102365636.95744538
1180,0.018100000000000005,25591781.0,102367128.95751764
1181,0.018199999999999994,25592191.0,102368768.95759706
1182,0.018299999999999997,25592531.0,102370128.95766293
1183,0.0184,25592893.0,102371576.95773305
1184,0.018500000000000003,25593242.0,102372972.95780066
1185,0.018600000000000005,25593581.0,102374328.95786633
1186,0.018699999999999994,25593904.0,102375620.9579289
1187,0.018799999999999997,25594209.0,102376840.95798798
1188,0.0189,25594528.0,102378116.95804977
1189,0.019000000000000003,25594817.0,102379272.95810576
1190,0.019100000000000006,25595149.0,102380600.95817007
1191,0.019199999999999995,25595451.0,102381808.95822857
1192,0.019299999999999998,25595743.0,102382976.95828514
1193,0.0194,25596011.0,102384048.95833705
1194,0.019500000000000003,25596289.0,102385160.9583909
1195,0.019600000000000006,25596568.0,102386276.95844495
1196,0.019699999999999995,25596842.0,102387372.95849803
1197,0.019799999999999998,25597115.0,102388464.95855092
1198,0.0199,25597381.0,102389528.95860244
1199,0.020000000000000004,25597640.0,102390564.95865262
1200,0.020100000000000007,25597924.0,102391700.95870763
1201,0.020199999999999996,25598170.0,102392684.95875528
1202,0.0203,25598419.0,102393680.95880352
1203,0.0204,25598647.0,102394592.95884769
1204,0.020500000000000004,25598897.0,102395592.95889612
1205,0.020599999999999993,25599139.0,102396560.958943
1206,0.020699999999999996,25599379.0,102397520.95898949
1207,0.0208,25599596.0,102398388.95903152
1208,0.020900000000000002,25599826.0,102399308.95907608
1209,0.021000000000000005,25600055.0,102400224.95912044
1210,0.021099999999999994,25600277.0,102401112.95916344
1211,0.021199999999999997,25600509.0,102402040.95920838
1212,0.0213,25600729.0,102402920.959251
1213,0.021400000000000002,25600945.0,102403784.95929284
1214,0.021500000000000005,25601152.0,102404612.95933294
1215,0.021599999999999994,25601373.0,102405496.95937575
1216,0.021699999999999997,25601584.0,102406340.95941663
1217,0.0218,25601780.0,102407124.9594546
1218,0.021900000000000003,25601959.0,102407840.95948927
1219,0.022000000000000006,25602125.0,102408504.95952143
1220,0.022099999999999995,25602306.0,102409228.95955649
1221,0.022199999999999998,25602483.0,102409936.95959078
1222,0.0223,25602654.0,102410620.9596239
1223,0.022400000000000003,25602816.0,102411268.95965528
1224,0.022500000000000006,25602956.0,102411828.9596824
1225,0.022599999999999995,25603095.0,102412384.95970933
1226,0.022699999999999998,25603256.0,102413028.95974052
1227,0.0228,25603410.0,102413644.95977035
1228,0.022900000000000004,25603574.0,102414300.95980212
1229,0.023000000000000007,25603716.0,102414868.95982963
1230,0.023099999999999996,25603871.0,102415488.95985965
1231,0.0232,25604036.0,102416148.95989162
1232,0.0233,25604181.0,102416728.9599197
1233,0.023400000000000004,25604304.0,102417220.95994353
1234,0.023500000000000007,25604440.0,102417764.95996988
1235,0.023599999999999996,25604582.0,102418332.95999739
1236,0.0237,25604727.0,102418912.96002547
1237,0.0238,25604858.0,102419436.96005085
1238,0.023900000000000005,25604984.0,102419940.96007526
1239,0.023999999999999994,25605119.0,102420480.96010141
1240,0.024099999999999996,25605270.0,102421084.96013066
1241,0.0242,25605408.0,102421636.9601574
1242,0.024300000000000002,25605532.0,102422132.96018142
1243,0.024400000000000005,25605653.0,102422616.96020485
1244,0.024499999999999994,25605747.0,102422992.96022306
1245,0.024599999999999997,25605874.0,102423500.96024767
1246,0.0247,25605990.0,102423964.96027014
1247,0.024800000000000003,25606108.0,102424436.960293
1248,0.024900000000000005,25606209.0,102424840.96031256
1249,0.024999999999999994,25606312.0,102425252.96033251
1250,0.02510000000000001,25606432.0,102425732.96035576
1251,0.0252,25606537.0,102426152.9603761
1252,0.02529999999999999,25606649.0,102426600.9603978
1253,0.025400000000000006,25606749.0,102427000.96041717
1254,0.025499999999999995,25606856.0,102427428.9604379
1255,0.02560000000000001,25606951.0,102427808.9604563
1256,0.0257,25607046.0,102428188.9604747
1257,0.02579999999999999,25607137.0,102428552.96049233
1258,0.025900000000000006,25607224.0,102428900.96050918
1259,0.025999999999999995,25607311.0,102429248.96052603
1260,0.026100000000000012,25607397.0,102429592.9605427
1261,0.0262,25607496.0,102429988.96056187
1262,0.02629999999999999,25607582.0,102430332.96057853
1263,0.026400000000000007,25607664.0,102430660.96059442
1264,0.026499999999999996,25607753.0,102431016.96061166
1265,0.026600000000000013,25607849.0,102431400.96063025
1266,0.0267,25607948.0,102431796.96064943
1267,0.02679999999999999,25608024.0,102432100.96066415
1268,0.026900000000000007,25608087.0,102432352.96067636
1269,0.026999999999999996,25608175.0,102432704.9606934
1270,0.027100000000000013,25608264.0,102433060.96071064
1271,0.027200000000000002,25608347.0,102433392.96072672
1272,0.02729999999999999,25608410.0,102433644.96073893
1273,0.027400000000000008,25608495.0,102433984.9607554
1274,0.027499999999999997,25608547.0,102434192.96076547
1275,0.027600000000000013,25608628.0,102434516.96078116
1276,0.027700000000000002,25608694.0,102434780.96079394
1277,0.02779999999999999,25608773.0,102435096.96080925
1278,0.027900000000000008,25608853.0,102435416.96082474
1279,0.027999999999999997,25608936.0,102435748.96084082
1280,0.028100000000000014,25609006.0,102436028.96085438
1281,0.028200000000000003,25609068.0,102436276.96086639
1282,0.028299999999999992,25609133.0,102436536.96087898
1283,0.02840000000000001,25609203.0,102436816.96089254
1284,0.028499999999999998,25609266.0,102437068.96090475
1285,0.028600000000000014,25609328.0,102437316.96091676
1286,0.028700000000000003,25609395.0,102437584.96092974
1287,0.028799999999999992,25609452.0,102437812.96094078
1288,0.02890000000000001,25609509.0,102438040.96095182
1289,0.028999999999999998,25609562.0,102438252.96096209
1290,0.029099999999999987,25609636.0,102438548.96097642
1291,0.029200000000000004,25609691.0,102438768.96098708
1292,0.029299999999999993,25609742.0,102438972.96099696
1293,0.02940000000000001,25609794.0,102439180.96100703
1294,0.0295,25609842.0,102439372.96101633
1295,0.029599999999999987,25609886.0,102439548.96102485
1296,0.029700000000000004,25609941.0,102439768.9610355
1297,0.029799999999999993,25609997.0,102439992.96104635
1298,0.02990000000000001,25610035.0,102440144.96105371
1299,0.03,25610089.0,102440360.96106417
1300,0.030099999999999988,25610137.0,102440552.96107347
1301,0.030200000000000005,25610189.0,102440760.96108355
1302,0.030299999999999994,25610237.0,102440952.96109284
1303,0.03040000000000001,25610291.0,102441168.9611033
1304,0.0305,25610327.0,102441312.96111028
1305,0.03059999999999999,25610375.0,102441504.96111958
1306,0.030700000000000005,25610413.0,102441656.96112694
1307,0.030799999999999994,25610467.0,102441872.9611374
1308,0.03090000000000001,25610526.0,102442108.96114883
1309,0.031,25610573.0,102442296.96115793
1310,0.03109999999999999,25610611.0,102442448.9611653
1311,0.031200000000000006,25610645.0,102442584.96117188
1312,0.031299999999999994,25610683.0,102442736.96117924
1313,0.03140000000000001,25610721.0,102442888.9611866
1314,0.0315,25610755.0,102443024.96119319
1315,0.03159999999999999,25610793.0,102443176.96120055
1316,0.031700000000000006,25610828.0,102443316.96120733
1317,0.031799999999999995,25610855.0,102443424.96121256
1318,0.03190000000000001,25610899.0,102443600.96122108
1319,0.032,25610941.0,102443768.96122922
1320,0.03209999999999999,25610991.0,102443968.9612389
1321,0.032200000000000006,25611021.0,102444088.96124472
1322,0.032299999999999995,25611054.0,102444220.96125111
1323,0.03240000000000001,25611091.0,102444368.96125828
1324,0.0325,25611120.0,102444484.9612639
1325,0.03259999999999999,25611156.0,102444628.96127087
1326,0.03270000000000001,25611189.0,102444760.96127726
1327,0.032799999999999996,25611224.0,102444900.96128404
1328,0.03290000000000001,25611258.0,102445036.96129063
1329,0.033,25611281.0,102445128.96129508
1330,0.03309999999999999,25611310.0,102445244.9613007
1331,0.03320000000000001,25611345.0,102445384.96130748
1332,0.033299999999999996,25611379.0,102445520.96131407
1333,0.03340000000000001,25611418.0,102445676.96132162
1334,0.0335,25611454.0,102445820.9613286
1335,0.03359999999999999,25611498.0,102445996.96133712
1336,0.03370000000000001,25611519.0,102446080.96134119
1337,0.0338,25611546.0,102446188.96134642
1338,0.03390000000000001,25611580.0,102446324.961353
1339,0.034,25611607.0,102446432.96135823
1340,0.03409999999999999,25611635.0,102446544.96136366
1341,0.03420000000000001,25611657.0,102446632.96136792
1342,0.0343,25611682.0,102446732.96137276
1343,0.034400000000000014,25611704.0,102446820.96137702
1344,0.0345,25611726.0,102446908.96138129
1345,0.03459999999999999,25611767.0,102447072.96138923
1346,0.03470000000000001,25611786.0,102447148.96139291
1347,0.0348,25611810.0,102447244.96139756
1348,0.034900000000000014,25611833.0,102447336.96140201
1349,0.035,25611858.0,102447436.96140686
1350,0.03509999999999999,25611889.0,102447560.96141286
1351,0.03520000000000001,25611910.0,102447644.96141693
1352,0.0353,25611927.0,102447712.96142022
1353,0.035400000000000015,25611951.0,102447808.96142487
1354,0.035500000000000004,25611972.0,102447892.96142894
1355,0.03559999999999999,25611993.0,102447976.96143301
1356,0.03570000000000001,25612018.0,102448076.96143785
1357,0.0358,25612040.0,102448164.96144211
1358,0.03589999999999999,25612070.0,102448284.96144792
1359,0.036000000000000004,25612087.0,102448352.96145122
1360,0.03609999999999999,25612108.0,102448436.96145529
1361,0.03620000000000001,25612130.0,102448524.96145955
1362,0.0363,25612152.0,102448612.96146381
1363,0.03639999999999999,25612169.0,102448680.9614671
1364,0.036500000000000005,25612189.0,102448760.96147098
1365,0.036599999999999994,25612213.0,102448856.96147563
1366,0.03670000000000001,25612230.0,102448924.96147892
1367,0.0368,25612252.0,102449012.96148318
1368,0.03689999999999999,25612272.0,102449092.96148705
1369,0.037000000000000005,25612288.0,102449156.96149015
1370,0.037099999999999994,25612310.0,102449244.96149442
1371,0.03720000000000001,25612324.0,102449300.96149713
1372,0.0373,25612342.0,102449372.96150061
1373,0.03739999999999999,25612364.0,102449460.96150488
1374,0.037500000000000006,25612388.0,102449556.96150953
1375,0.037599999999999995,25612411.0,102449648.96151398
1376,0.03770000000000001,25612424.0,102449700.9615165
1377,0.0378,25612440.0,102449764.9615196
1378,0.03789999999999999,25612452.0,102449812.96152192
1379,0.038000000000000006,25612473.0,102449896.96152599
1380,0.038099999999999995,25612488.0,102449956.9615289
1381,0.03820000000000001,25612504.0,102450020.961532
1382,0.0383,25612520.0,102450084.9615351
1383,0.03839999999999999,25612537.0,102450152.96153839
1384,0.038500000000000006,25612558.0,102450236.96154246
1385,0.038599999999999995,25612569.0,102450280.96154459
1386,0.03870000000000001,25612584.0,102450340.9615475
1387,0.0388,25612603.0,102450416.96155117
1388,0.03889999999999999,25612624.0,102450500.96155524
1389,0.03900000000000001,25612641.0,102450568.96155854
1390,0.039099999999999996,25612650.0,102450604.96156028
1391,0.03920000000000001,25612667.0,102450672.96156357
1392,0.0393,25612682.0,102450732.96156648
1393,0.03939999999999999,25612691.0,102450768.96156822
1394,0.03950000000000001,25612705.0,102450824.96157093
1395,0.039599999999999996,25612720.0,102450884.96157384
1396,0.03970000000000001,25612733.0,102450936.96157636
1397,0.0398,25612748.0,102450996.96157926
1398,0.03989999999999999,25612766.0,102451068.96158275
1399,0.04000000000000001,25612776.0,102451108.96158469
1400,0.0401,25612786.0,102451148.96158662
1401,0.040200000000000014,25612801.0,102451208.96158953
1402,0.0403,25612808.0,102451236.96159089
1403,0.04039999999999999,25612821.0,102451288.9615934
1404,0.04050000000000001,25612835.0,102451344.96159612
1405,0.0406,25612840.0,102451364.96159708
1406,0.040700000000000014,25612862.0,102451452.96160135
1407,0.0408,25612872.0,102451492.96160328
1408,0.04089999999999999,25612884.0,102451540.96160561
1409,0.04100000000000001,25612896.0,102451588.96160793
1410,0.0411,25612905.0,102451624.96160968
1411,0.041200000000000014,25612913.0,102451656.96161123
1412,0.0413,25612920.0,102451684.96161258
1413,0.04139999999999999,25612932.0,102451732.9616149
1414,0.04150000000000001,25612940.0,102451764.96161646
1415,0.0416,25612946.0,102451788.96161762
1416,0.041700000000000015,25612958.0,102451836.96161994
1417,0.041800000000000004,25612968.0,102451876.96162188
1418,0.04189999999999999,25612977.0,102451912.96162362
1419,0.04200000000000001,25612986.0,102451948.96162537
1420,0.0421,25612996.0,102451988.9616273
1421,0.04219999999999999,25613001.0,102452008.96162827
1422,0.042300000000000004,25613008.0,102452036.96162963
1423,0.04239999999999999,25613019.0,102452080.96163176
1424,0.04250000000000001,25613031.0,102452128.96163408
1425,0.0426,25613046.0,102452188.96163699
1426,0.04269999999999999,25613050.0,102452204.96163777
1427,0.042800000000000005,25613061.0,102452248.9616399
1428,0.042899999999999994,25613070.0,102452284.96164164
1429,0.04300000000000001,25613077.0,102452312.961643
1430,0.0431,25613085.0,102452344.96164455
1431,0.04319999999999999,25613096.0,102452388.96164668
1432,0.043300000000000005,25613101.0,102452408.96164764
1433,0.043399999999999994,25613107.0,102452432.9616488
1434,0.04350000000000001,25613113.0,102452456.96164997
1435,0.0436,25613123.0,102452496.9616519
1436,0.04369999999999999,25613135.0,102452544.96165423
1437,0.043800000000000006,25613146.0,102452588.96165636
1438,0.043899999999999995,25613152.0,102452612.96165752
1439,0.04400000000000001,25613161.0,102452648.96165927
1440,0.0441,25613171.0,102452688.9616612
1441,0.04419999999999999,25613182.0,102452732.96166334
1442,0.044300000000000006,25613192.0,102452772.96166527
1443,0.044399999999999995,25613206.0,102452828.96166798
1444,0.04450000000000001,25613214.0,102452860.96166953
1445,0.0446,25613225.0,102452904.96167167
1446,0.04469999999999999,25613229.0,102452920.96167244
1447,0.044800000000000006,25613237.0,102452952.96167399
1448,0.044899999999999995,25613245.0,102452984.96167554
1449,0.04500000000000001,25613254.0,102453020.96167728
1450,0.0451,25613262.0,102453052.96167883
1451,0.04519999999999999,25613269.0,102453080.96168019
1452,0.04530000000000001,25613280.0,102453124.96168232
1453,0.045399999999999996,25613287.0,102453152.96168368
1454,0.04550000000000001,25613294.0,102453180.96168503
1455,0.0456,25613303.0,102453216.96168678
1456,0.04569999999999999,25613305.0,102453224.96168716
1457,0.04580000000000001,25613317.0,102453272.96168949
1458,0.045899999999999996,25613326.0,102453308.96169123
1459,0.04600000000000001,25613337.0,102453352.96169336
1460,0.0461,25613346.0,102453388.9616951
1461,0.04619999999999999,25613354.0,102453420.96169665
1462,0.04630000000000001,25613360.0,102453444.96169782
1463,0.0464,25613366.0,102453468.96169898
1464,0.046500000000000014,25613373.0,102453496.96170034
1465,0.0466,25613381.0,102453528.96170188
1466,0.04669999999999999,25613387.0,102453552.96170305
1467,0.04680000000000001,25613400.0,102453604.96170557
1468,0.0469,25613404.0,102453620.96170634
1469,0.047000000000000014,25613407.0,102453632.96170692
1470,0.0471,25613417.0,102453672.96170886
1471,0.04719999999999999,25613428.0,102453716.96171099
1472,0.04730000000000001,25613433.0,102453736.96171196
1473,0.0474,25613435.0,102453744.96171235
1474,0.047500000000000014,25613446.0,102453788.96171448
1475,0.0476,25613455.0,102453824.96171622
1476,0.04769999999999999,25613458.0,102453836.9617168
1477,0.04780000000000001,25613461.0,102453848.96171738
1478,0.0479,25613468.0,102453876.96171874
1479,0.048000000000000015,25613475.0,102453904.9617201
1480,0.048100000000000004,25613479.0,102453920.96172087
1481,0.04819999999999999,25613488.0,102453956.96172261
1482,0.04830000000000001,25613495.0,102453984.96172397
1483,0.0484,25613497.0,102453992.96172436
1484,0.048500000000000015,25613500.0,102454004.96172494
1485,0.048600000000000004,25613504.0,102454020.96172571
1486,0.04869999999999999,25613511.0,102454048.96172707
1487,0.04880000000000001,25613515.0,102454064.96172784
1488,0.0489,25613518.0,102454076.96172842
1489,0.04899999999999999,25613521.0,102454088.961729
1490,0.049100000000000005,25613526.0,102454108.96172997
1491,0.049199999999999994,25613533.0,102454136.96173133
1492,0.04930000000000001,25613539.0,102454160.96173249
1493,0.0494,25613545.0,102454184.96173365
1494,0.04949999999999999,25613548.0,102454196.96173424
1495,0.049600000000000005,25613556.0,102454228.96173579
1496,0.049699999999999994,25613560.0,102454244.96173656
1497,0.04980000000000001,25613563.0,102454256.96173714
1498,0.0499,25613567.0,102454272.96173792
1499,0.04999999999999999,25613574.0,102454300.96173927
1500,0.050100000000000006,25613579.0,102454320.96174024
1501,0.050199999999999995,25613582.0,102454332.96174082
1502,0.05030000000000001,25613586.0,102454348.9617416
1503,0.0504,25613588.0,102454356.96174198
1504,0.05049999999999999,25613591.0,102454368.96174257
1505,0.050600000000000006,25613595.0,102454384.96174334
1506,0.050699999999999995,25613598.0,102454396.96174392
1507,0.05080000000000001,25613603.0,102454416.96174489
1508,0.0509,25613610.0,102454444.96174625
1509,0.05099999999999999,25613615.0,102454464.96174721
1510,0.051100000000000007,25613620.0,102454484.96174818
1511,0.051199999999999996,25613622.0,102454492.96174857
1512,0.05130000000000001,25613623.0,102454496.96174876
1513,0.0514,25613626.0,102454508.96174935
1514,0.05149999999999999,25613632.0,102454532.9617505
1515,0.05160000000000001,25613636.0,102454548.96175128
1516,0.051699999999999996,25613641.0,102454568.96175225
1517,0.05180000000000001,25613646.0,102454588.96175322
1518,0.0519,25613648.0,102454596.9617536
1519,0.05199999999999999,25613653.0,102454616.96175458
1520,0.05210000000000001,25613662.0,102454652.96175632
1521,0.052199999999999996,25613665.0,102454664.9617569
1522,0.05230000000000001,25613669.0,102454680.96175767
1523,0.0524,25613672.0,102454692.96175826
1524,0.05249999999999999,25613674.0,102454700.96175864
1525,0.05260000000000001,25613682.0,102454732.9617602
1526,0.0527,25613684.0,102454740.96176058
1527,0.052800000000000014,25613686.0,102454748.96176097
1528,0.0529,25613690.0,102454764.96176174
1529,0.05299999999999999,25613692.0,102454772.96176213
1530,0.05310000000000001,25613695.0,102454784.96176271
1531,0.0532,25613699.0,102454800.96176349
1532,0.053300000000000014,25613699.0,102454800.96176349
1533,0.0534,25613702.0,102454812.96176407
1534,0.05349999999999999,25613707.0,102454832.96176504
1535,0.05360000000000001,25613709.0,102454840.96176542
1536,0.0537,25613712.0,102454852.961766
1537,0.053800000000000014,25613716.0,102454868.96176678
1538,0.0539,25613717.0,102454872.96176697
1539,0.05399999999999999,25613721.0,102454888.96176775
1540,0.05410000000000001,25613725.0,102454904.96176852
1541,0.0542,25613729.0,102454920.9617693
1542,0.054300000000000015,25613733.0,102454936.96177007
1543,0.054400000000000004,25613734.0,102454940.96177027
1544,0.05449999999999999,25613736.0,102454948.96177065
1545,0.05460000000000001,25613742.0,102454972.96177182
1546,0.0547,25613746.0,102454988.96177259
1547,0.054800000000000015,25613751.0,102455008.96177356
1548,0.054900000000000004,25613755.0,102455024.96177433
1549,0.05499999999999999,25613760.0,102455044.9617753
1550,0.05510000000000001,25613761.0,102455048.9617755
1551,0.0552,25613764.0,102455060.96177608
1552,0.05529999999999999,25613770.0,102455084.96177724
1553,0.055400000000000005,25613773.0,102455096.96177782
1554,0.055499999999999994,25613776.0,102455108.9617784
1555,0.05560000000000001,25613777.0,102455112.9617786
1556,0.0557,25613779.0,102455120.96177898
1557,0.05579999999999999,25613780.0,102455124.96177918
1558,0.055900000000000005,25613784.0,102455140.96177995
1559,0.055999999999999994,25613789.0,102455160.96178092
1560,0.05610000000000001,25613789.0,102455160.96178092
1561,0.0562,25613789.0,102455160.96178092
1562,0.05629999999999999,25613793.0,102455176.9617817
1563,0.056400000000000006,25613796.0,102455188.96178228
1564,0.056499999999999995,25613796.0,102455188.96178228
1565,0.05660000000000001,25613797.0,102455192.96178247
1566,0.0567,25613799.0,102455200.96178286
1567,0.05679999999999999,25613803.0,102455216.96178363
1568,0.056900000000000006,25613808.0,102455236.9617846
1569,0.056999999999999995,25613810.0,102455244.96178499
1570,0.05710000000000001,25613812.0,102455252.96178538
1571,0.0572,25613812.0,102455252.96178538
1572,0.05729999999999999,25613813.0,102455256.96178557
1573,0.05740000000000001,25613816.0,102455268.96178615
1574,0.057499999999999996,25613816.0,102455268.96178615
1575,0.05760000000000001,25613820.0,102455284.96178693
1576,0.0577,25613822.0,102455292.96178731
1577,0.05779999999999999,25613824.0,102455300.9617877
1578,0.05790000000000001,25613828.0,102455316.96178848
1579,0.057999999999999996,25613831.0,102455328.96178906
1580,0.05810000000000001,25613833.0,102455336.96178944
1581,0.0582,25613835.0,102455344.96178983
1582,0.05829999999999999,25613839.0,102455360.9617906
1583,0.05840000000000001,25613840.0,102455364.9617908
1584,0.058499999999999996,25613842.0,102455372.96179119
1585,0.05860000000000001,25613843.0,102455376.96179138
1586,0.0587,25613844.0,102455380.96179157
1587,0.05879999999999999,25613846.0,102455388.96179196
1588,0.05890000000000001,25613850.0,102455404.96179274
1589,0.059,25613851.0,102455408.96179293
1590,0.059100000000000014,25613851.0,102455408.96179293
1591,0.0592,25613854.0,102455420.96179351
1592,0.05929999999999999,25613856.0,102455428.9617939
1593,0.05940000000000001,25613861.0,102455448.96179487
1594,0.0595,25613861.0,102455448.96179487
1595,0.059600000000000014,25613862.0,102455452.96179506
1596,0.0597,25613863.0,102455456.96179526
1597,0.05979999999999999,25613865.0,102455464.96179564
1598,0.05990000000000001,25613867.0,102455472.96179603
1599,0.06,25613870.0,102455484.96179661
1600,0.060100000000000015,25613871.0,102455488.9617968
1601,0.060200000000000004,25613876.0,102455508.96179777
1602,0.06029999999999999,25613877.0,102455512.96179797
1603,0.06040000000000001,25613879.0,102455520.96179835
1604,0.0605,25613881.0,102455528.96179874
1605,0.060600000000000015,25613882.0,102455532.96179894
1606,0.060700000000000004,25613884.0,102455540.96179932
1607,0.06079999999999999,25613885.0,102455544.96179952
1608,0.06090000000000001,25613889.0,102455560.96180029
1609,0.061,25613889.0,102455560.96180029
1610,0.061100000000000015,25613890.0,102455564.96180049
1611,0.061200000000000004,25613891.0,102455568.96180068
1612,0.06129999999999999,25613893.0,102455576.96180107
1613,0.06140000000000001,25613893.0,102455576.96180107
1614,0.0615,25613893.0,102455576.96180107
1615,0.061600000000000016,25613895.0,102455584.96180145
1616,0.061700000000000005,25613895.0,102455584.96180145
1617,0.061799999999999994,25613896.0,102455588.96180165
1618,0.06190000000000001,25613898.0,102455596.96180204
1619,0.062,25613898.0,102455596.96180204
1620,0.06209999999999999,25613900.0,102455604.96180242
1621,0.062200000000000005,25613901.0,102455608.96180262
1622,0.062299999999999994,25613901.0,102455608.96180262
1623,0.06240000000000001,25613901.0,102455608.96180262
1624,0.0625,25613902.0,102455612.96180281
1625,0.06259999999999999,25613904.0,102455620.9618032
1626,0.0627,25613905.0,102455624.96180339
1627,0.0628,25613905.0,102455624.96180339
1628,0.06290000000000001,25613907.0,102455632.96180378
1629,0.063,25613907.0,102455632.96180378
1630,0.06309999999999999,25613909.0,102455640.96180417
1631,0.0632,25613910.0,102455644.96180436
1632,0.0633,25613910.0,102455644.96180436
1633,0.06340000000000001,25613912.0,102455652.96180475
1634,0.0635,25613914.0,102455660.96180514
1635,0.06359999999999999,25613916.0,102455668.96180552
1636,0.0637,25613916.0,102455668.96180552
1637,0.0638,25613917.0,102455672.96180572
1638,0.06390000000000001,25613919.0,102455680.9618061
1639,0.064,25613920.0,102455684.9618063
1640,0.06409999999999999,25613922.0,102455692.96180668
1641,0.06420000000000001,25613923.0,102455696.96180688
1642,0.0643,25613924.0,102455700.96180707
1643,0.06440000000000001,25613926.0,102455708.96180746
1644,0.0645,25613926.0,102455708.96180746
1645,0.06459999999999999,25613927.0,102455712.96180765
1646,0.06470000000000001,25613929.0,102455720.96180804
1647,0.0648,25613931.0,102455728.96180843
1648,0.06490000000000001,25613932.0,102455732.96180862
1649,0.065,25613933.0,102455736.96180882
1650,0.06509999999999999,25613934.0,102455740.96180901
1651,0.06520000000000001,25613934.0,102455740.96180901
1652,0.0653,25613935.0,102455744.9618092
1653,0.06540000000000001,25613937.0,102455752.96180959
1654,0.0655,25613938.0,102455756.96180978
1655,0.06559999999999999,25613938.0,102455756.96180978
1656,0.06570000000000001,25613939.0,102455760.96180998
1657,0.0658,25613939.0,102455760.96180998
1658,0.06590000000000001,25613939.0,102455760.96180998
1659,0.066,25613940.0,102455764.96181017
1660,0.06609999999999999,25613941.0,102455768.96181037
1661,0.06620000000000001,25613942.0,102455772.96181056
1662,0.0663,25613942.0,102455772.96181056
1663,0.06640000000000001,25613943.0,102455776.96181075
1664,0.0665,25613943.0,102455776.96181075
1665,0.06659999999999999,25613944.0,102455780.96181095
1666,0.06670000000000001,25613944.0,102455780.96181095
1667,0.0668,25613944.0,102455780.96181095
1668,0.06690000000000002,25613944.0,102455780.96181095
1669,0.067,25613944.0,102455780.96181095
1670,0.06709999999999999,25613946.0,102455788.96181133
1671,0.06720000000000001,25613948.0,102455796.96181172
1672,0.0673,25613949.0,102455800.96181192
1673,0.06740000000000002,25613949.0,102455800.96181192
1674,0.0675,25613949.0,102455800.96181192
1675,0.0676,25613949.0,102455800.96181192
1676,0.06770000000000001,25613949.0,102455800.96181192
1677,0.0678,25613949.0,102455800.96181192
1678,0.06790000000000002,25613949.0,102455800.96181192
1679,0.068,25613949.0,102455800.96181192
1680,0.0681,25613950.0,102455804.96181211
1681,0.06820000000000001,25613950.0,102455804.96181211
1682,0.0683,25613952.0,102455812.9618125
1683,0.06840000000000002,25613953.0,102455816.96181269
1684,0.0685,25613953.0,102455816.96181269
1685,0.0686,25613954.0,102455820.96181288
1686,0.06870000000000001,25613955.0,102455824.96181308
1687,0.0688,25613957.0,102455832.96181346
1688,0.06889999999999999,25613958.0,102455836.96181366
1689,0.069,25613959.0,102455840.96181385
1690,0.0691,25613959.0,102455840.96181385
1691,0.06920000000000001,25613959.0,102455840.96181385
1692,0.0693,25613959.0,102455840.96181385
1693,0.06939999999999999,25613960.0,102455844.96181405
1694,0.0695,25613960.0,102455844.96181405
1695,0.0696,25613960.0,102455844.96181405
1696,0.06970000000000001,25613961.0,102455848.96181424
1697,0.0698,25613962.0,102455852.96181443
1698,0.06989999999999999,25613962.0,102455852.96181443
1699,0.07,25613962.0,102455852.96181443
1700,0.0701,25613962.0,102455852.96181443
1701,0.07020000000000001,25613963.0,102455856.96181463
1702,0.0703,25613963.0,102455856.96181463
1703,0.07039999999999999,25613963.0,102455856.96181463
1704,0.07050000000000001,25613964.0,102455860.96181482
1705,0.0706,25613965.0,102455864.96181501
1706,0.07070000000000001,25613965.0,102455864.96181501
1707,0.0708,25613965.0,102455864.96181501
1708,0.07089999999999999,25613966.0,102455868.96181521
1709,0.07100000000000001,25613968.0,102455876.9618156
1710,0.0711,25613969.0,102455880.96181579
1711,0.07120000000000001,25613970.0,102455884.96181598
1712,0.0713,25613971.0,102455888.96181618
1713,0.07139999999999999,25613971.0,102455888.96181618
1714,0.07150000000000001,25613973.0,102455896.96181656
1715,0.0716,25613973.0,102455896.96181656
1716,0.07170000000000001,25613974.0,102455900.96181676
1717,0.0718,25613975.0,102455904.96181695
1718,0.07189999999999999,25613975.0,102455904.96181695
1719,0.07200000000000001,25613977.0,102455912.96181734
1720,0.0721,25613977.0,102455912.96181734
1721,0.07220000000000001,25613977.0,102455912.96181734
1722,0.0723,25613978.0,102455916.96181753
1723,0.07239999999999999,25613978.0,102455916.96181753
1724,0.07250000000000001,25613978.0,102455916.96181753
1725,0.0726,25613978.0,102455916.96181753
1726,0.07270000000000001,25613978.0,102455916.96181753
1727,0.0728,25613979.0,102455920.96181773
1728,0.07289999999999999,25613979.0,102455920.96181773
1729,0.07300000000000001,25613981.0,102455928.96181811
1730,0.0731,25613981.0,102455928.96181811
1731,0.07320000000000002,25613981.0,102455928.96181811
1732,0.0733,25613981.0,102455928.96181811
1733,0.07339999999999999,25613981.0,102455928.96181811
1734,0.07350000000000001,25613981.0,102455928.96181811
1735,0.0736,25613981.0,102455928.96181811
1736,0.07370000000000002,25613981.0,102455928.96181811
1737,0.0738,25613982.0,102455932.96181831
1738,0.0739,25613982.0,102455932.96181831
1739,0.07400000000000001,25613982.0,102455932.96181831
1740,0.0741,25613982.0,102455932.96181831
1741,0.07420000000000002,25613982.0,102455932.96181831
1742,0.0743,25613982.0,102455932.96181831
1743,0.0744,25613982.0,102455932.96181831
1744,0.07450000000000001,25613982.0,102455932.96181831
1745,0.0746,25613982.0,102455932.96181831
1746,0.07470000000000002,25613982.0,102455932.96181831
1747,0.0748,25613983.0,102455936.9618185
1748,0.0749,25613984.0,102455940.9618187
1749,0.07500000000000001,25613984.0,102455940.9618187
1750,0.0751,25613984.0,102455940.9618187
1751,0.07519999999999999,25613984.0,102455940.9618187
1752,0.0753,25613986.0,102455948.96181908
1753,0.0754,25613987.0,102455952.96181928
1754,0.07550000000000001,25613987.0,102455952.96181928
1755,0.0756,25613988.0,102455956.96181947
1756,0.07569999999999999,25613988.0,102455956.96181947
1757,0.0758,25613990.0,102455964.96181986
1758,0.0759,25613990.0,102455964.96181986
1759,0.07600000000000001,25613991.0,102455968.96182005
1760,0.0761,25613991.0,102455968.96182005
1761,0.07619999999999999,25613992.0,102455972.96182024
1762,0.0763,25613992.0,102455972.96182024
1763,0.0764,25613992.0,102455972.96182024
1764,0.07650000000000001,25613993.0,102455976.96182044
1765,0.0766,25613993.0,102455976.96182044
1766,0.07669999999999999,25613993.0,102455976.96182044
1767,0.07680000000000001,25613993.0,102455976.96182044
1768,0.0769,25613994.0,102455980.96182063
1769,0.07700000000000001,25613994.0,102455980.96182063
1770,0.0771,25613996.0,102455988.96182102
1771,0.07719999999999999,25613996.0,102455988.96182102
1772,0.07730000000000001,25613996.0,102455988.96182102
1773,0.0774,25613996.0,102455988.96182102
1774,0.07750000000000001,25613996.0,102455988.96182102
1775,0.0776,25613996.0,102455988.96182102
1776,0.07769999999999999,25613996.0,102455988.96182102
1777,0.07780000000000001,25613996.0,102455988.96182102
1778,0.0779,25613996.0,102455988.96182102
1779,0.07800000000000001,25613996.0,102455988.96182102
1780,0.0781,25613996.0,102455988.96182102
1781,0.07819999999999999,25613996.0,102455988.96182102
1782,0.07830000000000001,25613997.0,102455992.96182121
1783,0.0784,25613997.0,102455992.96182121
1784,0.07850000000000001,25613997.0,102455992.96182121
1785,0.0786,25613997.0,102455992.96182121
1786,0.07869999999999999,25613997.0,102455992.96182121
1787,0.07880000000000001,25613998.0,102455996.9618214
1788,0.0789,25613999.0,102456000.9618216
1789,0.07900000000000001,25613999.0,102456000.9618216
1790,0.0791,25613999.0,102456000.9618216
1791,0.07919999999999999,25614000.0,102456004.9618218
1792,0.07930000000000001,25614000.0,102456004.9618218
1793,0.0794,25614000.0,102456004.9618218
1794,0.07950000000000002,25614000.0,102456004.9618218
1795,0.0796,25614000.0,102456004.9618218
1796,0.0797,25614001.0,102456008.96182199
1797,0.07980000000000001,25614001.0,102456008.96182199
1798,0.0799,25614001.0,102456008.96182199
1799,0.08000000000000002,25614001.0,102456008.96182199
1800,0.0801,25614001.0,102456008.96182199
1801,0.0802,25614001.0,102456008.96182199
1802,0.08030000000000001,25614002.0,102456012.96182218
1803,0.0804,25614002.0,102456012.96182218
1804,0.08050000000000002,25614002.0,102456012.96182218
1805,0.0806,25614002.0,102456012.96182218
1806,0.0807,25614002.0,102456012.96182218
1807,0.08080000000000001,25614002.0,102456012.96182218
1808,0.0809,25614003.0,102456016.96182238
1809,0.08100000000000002,25614003.0,102456016.96182238
1810,0.0811,25614003.0,102456016.96182238
1811,0.0812,25614003.0,102456016.96182238
1812,0.08130000000000001,25614003.0,102456016.96182238
1813,0.0814,25614003.0,102456016.96182238
1814,0.08150000000000002,25614003.0,102456016.96182238
1815,0.0816,25614003.0,102456016.96182238
1816,0.0817,25614004.0,102456020.96182257
1817,0.08180000000000001,25614004.0,102456020.96182257
1818,0.0819,25614004.0,102456020.96182257
1819,0.08199999999999999,25614004.0,102456020.96182257
1820,0.0821,25614005.0,102456024.96182276
1821,0.0822,25614005.0,102456024.96182276
1822,0.08230000000000001,25614006.0,102456028.96182296
1823,0.0824,25614006.0,102456028.96182296
1824,0.08249999999999999,25614007.0,102456032.96182315
1825,0.0826,25614007.0,102456032.96182315
1826,0.0827,25614007.0,102456032.96182315
1827,0.08280000000000001,25614007.0,102456032.96182315
1828,0.0829,25614007.0,102456032.96182315
1829,0.08299999999999999,25614007.0,102456032.96182315
1830,0.08310000000000001,25614007.0,102456032.96182315
1831,0.0832,25614007.0,102456032.96182315
1832,0.08330000000000001,25614007.0,102456032.96182315
1833,0.0834,25614008.0,102456036.96182334
1834,0.08349999999999999,25614008.0,102456036.96182334
1835,0.08360000000000001,25614008.0,102456036.96182334
1836,0.0837,25614008.0,102456036.96182334
1837,0.08380000000000001,25614009.0,102456040.96182354
1838,0.0839,25614009.0,102456040.96182354
1839,0.08399999999999999,25614009.0,102456040.96182354
1840,0.08410000000000001,25614010.0,102456044.96182373
1841,0.0842,25614010.0,102456044.96182373
1842,0.08430000000000001,25614011.0,102456048.96182393
1843,0.0844,25614011.0,102456048.96182393
1844,0.08449999999999999,25614012.0,102456052.96182412
1845,0.08460000000000001,25614013.0,102456056.96182431
1846,0.0847,25614014.0,102456060.9618245
1847,0.08480000000000001,25614014.0,102456060.9618245
1848,0.0849,25614014.0,102456060.9618245
1849,0.08499999999999999,25614014.0,102456060.9618245
1850,0.08510000000000001,25614014.0,102456060.9618245
1851,0.0852,25614014.0,102456060.9618245
1852,0.08530000000000001,25614014.0,102456060.9618245
1853,0.0854,25614014.0,102456060.9618245
1854,0.08549999999999999,25614014.0,102456060.9618245
1855,0.08560000000000001,25614015.0,102456064.9618247
1856,0.0857,25614015.0,102456064.9618247
1857,0.08580000000000002,25614015.0,102456064.9618247
1858,0.0859,25614015.0,102456064.9618247
1859,0.086,25614015.0,102456064.9618247
1860,0.08610000000000001,25614015.0,102456064.9618247
1861,0.0862,25614015.0,102456064.9618247
1862,0.08630000000000002,25614015.0,102456064.9618247
1863,0.0864,25614015.0,102456064.9618247
1864,0.0865,25614015.0,102456064.9618247
1865,0.08660000000000001,25614015.0,102456064.9618247
1866,0.0867,25614015.0,102456064.9618247
1867,0.08680000000000002,25614015.0,102456064.9618247
1868,0.0869,25614015.0,102456064.9618247
1869,0.087,25614016.0,102456068.9618249
1870,0.08710000000000001,25614016.0,102456068.9618249
1871,0.0872,25614016.0,102456068.9618249
1872,0.08730000000000002,25614017.0,102456072.96182509
1873,0.0874,25614018.0,102456076.96182528
1874,0.0875,25614019.0,102456080.96182548
1875,0.08760000000000001,25614019.0,102456080.96182548
1876,0.0877,25614019.0,102456080.96182548
1877,0.08780000000000002,25614019.0,102456080.96182548
1878,0.0879,25614019.0,102456080.96182548
1879,0.088,25614019.0,102456080.96182548
1880,0.08810000000000001,25614020.0,102456084.96182567
1881,0.0882,25614021.0,102456088.96182586
1882,0.08829999999999999,25614021.0,102456088.96182586
1883,0.0884,25614021.0,102456088.96182586
1884,0.0885,25614021.0,102456088.96182586
1885,0.08860000000000001,25614021.0,102456088.96182586
1886,0.0887,25614021.0,102456088.96182586
1887,0.08879999999999999,25614021.0,102456088.96182586
1888,0.0889,25614021.0,102456088.96182586
1889,0.089,25614021.0,102456088.96182586
1890,0.08910000000000001,25614021.0,102456088.96182586
1891,0.0892,25614021.0,102456088.96182586
1892,0.08929999999999999,25614021.0,102456088.96182586
1893,0.08940000000000001,25614021.0,102456088.96182586
1894,0.0895,25614022.0,102456092.96182606
1895,0.08960000000000001,25614022.0,102456092.96182606
1896,0.0897,25614022.0,102456092.96182606
1897,0.08979999999999999,25614022.0,102456092.96182606
1898,0.08990000000000001,25614023.0,102456096.96182625
1899,0.09,25614023.0,102456096.96182625
1900,0.09010000000000001,25614023.0,102456096.96182625
1901,0.0902,25614023.0,102456096.96182625
1902,0.09029999999999999,25614024.0,102456100.96182644
1903,0.09040000000000001,25614024.0,102456100.96182644
1904,0.0905,25614024.0,102456100.96182644
1905,0.09060000000000001,25614024.0,102456100.96182644
1906,0.0907,25614024.0,102456100.96182644
1907,0.09079999999999999,25614024.0,102456100.96182644
1908,0.09090000000000001,25614024.0,102456100.96182644
1909,0.091,25614024.0,102456100.96182644
1910,0.09110000000000001,25614024.0,102456100.96182644
1911,0.0912,25614024.0,102456100.96182644
1912,0.09129999999999999,25614024.0,102456100.96182644
1913,0.09140000000000001,25614024.0,102456100.96182644
1914,0.0915,25614024.0,102456100.96182644
1915,0.09160000000000001,25614025.0,102456104.96182664
1916,0.0917,25614025.0,102456104.96182664
1917,0.09179999999999999,25614026.0,102456108.96182683
1918,0.09190000000000001,25614027.0,102456112.96182702
1919,0.092,25614028.0,102456116.96182722
1920,0.09210000000000002,25614029.0,102456120.96182741
1921,0.0922,25614029.0,102456120.96182741
1922,0.0923,25614029.0,102456120.96182741
1923,0.09240000000000001,25614030.0,102456124.9618276
1924,0.0925,25614031.0,102456128.9618278
1925,0.09260000000000002,25614031.0,102456128.9618278
1926,0.0927,25614032.0,102456132.961828
1927,0.0928,25614032.0,102456132.961828
1928,0.09290000000000001,25614033.0,102456136.96182819
1929,0.093,25614033.0,102456136.96182819
1930,0.09310000000000002,25614033.0,102456136.96182819
1931,0.0932,25614033.0,102456136.96182819
1932,0.0933,25614033.0,102456136.96182819
1933,0.09340000000000001,25614033.0,102456136.96182819
1934,0.0935,25614033.0,102456136.96182819
1935,0.09360000000000002,25614033.0,102456136.96182819
1936,0.0937,25614033.0,102456136.96182819
1937,0.0938,25614034.0,102456140.96182838
1938,0.09390000000000001,25614034.0,102456140.96182838
1939,0.094,25614034.0,102456140.96182838
1940,0.09410000000000002,25614034.0,102456140.96182838
1941,0.0942,25614034.0,102456140.96182838
1942,0.0943,25614035.0,102456144.96182857
1943,0.09440000000000001,25614035.0,102456144.96182857
1944,0.0945,25614035.0,102456144.96182857
1945,0.09460000000000002,25614035.0,102456144.96182857
1946,0.0947,25614036.0,102456148.96182877
1947,0.0948,25614036.0,102456148.96182877
1948,0.09490000000000001,25614036.0,102456148.96182877
1949,0.095,25614037.0,102456152.96182896
1950,0.09509999999999999,25614038.0,102456156.96182916
1951,0.0952,25614038.0,102456156.96182916
1952,0.0953,25614038.0,102456156.96182916
1953,0.09540000000000001,25614038.0,102456156.96182916
1954,0.0955,25614038.0,102456156.96182916
1955,0.09559999999999999,25614038.0,102456156.96182916
1956,0.09570000000000001,25614038.0,102456156.96182916
1957,0.0958,25614038.0,102456156.96182916
1958,0.09590000000000001,25614038.0,102456156.96182916
1959,0.096,25614038.0,102456156.96182916
1960,0.09609999999999999,25614038.0,102456156.96182916
1961,0.09620000000000001,25614038.0,102456156.96182916
1962,0.0963,25614039.0,102456160.96182935
1963,0.09640000000000001,25614039.0,102456160.96182935
1964,0.0965,25614039.0,102456160.96182935
1965,0.09659999999999999,25614039.0,102456160.96182935
1966,0.09670000000000001,25614040.0,102456164.96182954
1967,0.0968,25614040.0,102456164.96182954
1968,0.09690000000000001,25614040.0,102456164.96182954
1969,0.097,25614040.0,102456164.96182954
1970,0.09709999999999999,25614040.0,102456164.96182954
1971,0.09720000000000001,25614041.0,102456168.96182974
1972,0.0973,25614041.0,102456168.96182974
1973,0.09740000000000001,25614042.0,102456172.96182993
1974,0.0975,25614042.0,102456172.96182993
1975,0.09759999999999999,25614042.0,102456172.96182993
1976,0.09770000000000001,25614042.0,102456172.96182993
1977,0.0978,25614042.0,102456172.96182993
1978,0.09790000000000001,25614043.0,102456176.96183012
1979,0.098,25614043.0,102456176.96183012
1980,0.09809999999999999,25614043.0,102456176.96183012
1981,0.09820000000000001,25614043.0,102456176.96183012
1982,0.0983,25614044.0,102456180.96183032
1983,0.09840000000000002,25614044.0,102456180.96183032
1984,0.0985,25614044.0,102456180.96183032
1985,0.0986,25614044.0,102456180.96183032
1986,0.09870000000000001,25614044.0,102456180.96183032
1987,0.0988,25614044.0,102456180.96183032
1988,0.09890000000000002,25614046.0,102456188.9618307
1989,0.099,25614046.0,102456188.9618307
1990,0.0991,25614046.0,102456188.9618307
1991,0.09920000000000001,25614047.0,102456192.9618309
1992,0.0993,25614047.0,102456192.9618309
1993,0.09940000000000002,25614047.0,102456192.9618309
1994,0.0995,25614047.0,102456192.9618309
1995,0.0996,25614047.0,102456192.9618309
1996,0.09970000000000001,25614047.0,102456192.9618309
1997,0.0998,25614047.0,102456192.9618309
1998,0.09990000000000002,25614047.0,102456192.9618309
1999,0.1,25614047.0,102456192.9618309
