,e,Source,Group,index in SB,RA,Dec,DSS Session (fixed),SemesterProject_session(include project! we re-proposed for this sample),reduction1_exists,reduction2_exists
0,0,ACT-CLJ0200.3+0019,fall,0.0,2:00:21,+00:19:30.0,1.0,21B_298_1 x2,1.0,
1,1,ACT-CLJ0201.6-0211,fall,1.0,2:01:42,-2:11:56,1.0,"21B_298_1 x2, 22B_242_04",1.0,1.0
2,2,ACT-CLJ0201.6-0503,fall,2.0,2:01:39,-5:03:21,1.0,"21B_298_1, 22B_242_04",1.0,1.0
3,3,ACT-CLJ0203.0-0042,fall,3.0,2:03:00,-0:42:26,1.0,"21B_298_1, 22B_242_04",1.0,1.0
4,4,ACT-CLJ0203.2-0123,fall,4.0,2:03:16,-1:23:48,,"21B_298_1, 22B_242_04",1.0,1.0
5,5,ACT-CLJ0203.7+0216,fall,5.0,2:03:44,+02:16:04.09792,1.0,"21B_298_1, 22B_242_04",1.0,1.0
6,6,ACT-CLJ0203.9-0205,fall,6.0,2:03:57,-2:05:30,1.0,22B_242_1,,1.0
7,7,ACT-CLJ0204.5+0321,fall,7.0,2:04:32,+03:21:52.6144,1.0,22B242_1,,1.0
8,8,ACT-CLJ0204.7-0116,fall,8.0,2:04:46,-1:16:56,1.0,22B242_1,,1.0
9,9,ACT-CLJ0204.8-0303,fall,9.0,2:04:50,-3:03:41,1.0,22B242_1,,1.0
10,10,ACT-CLJ0205.2-0439,fall,10.0,2:05:16,-4:39:11,1.0,22B242_1,,1.0
11,11,ACT-CLJ0205.9-0307,fall,11.0,2:05:59,-3:07:19,1.0,22B242_1,,1.0
12,12,ACT-CLJ0206.2-0114,fall,12.0,2:06:14,-1:14:34,1.0,22B242_1,,1.0
13,13,ACT-CLJ0206.4-0118,fall,13.0,2:06:26,-1:18:30,1.0,22B242_1,,1.0
14,14,ACT-CLJ0206.9-0119,fall,14.0,2:06:57,-1:20:00,1.0,22B242_1,,1.0
15,15,ACT-CLJ0207.2+0536,fall,15.0,2:07:12,+05:36:37.5638,1.0,22B242_1,,1.0
16,16,ACT-CLJ0207.7+0020,fall,16.0,2:07:46,+00:20:57.0687,1.0,22B242_1,,1.0
17,17,ACT-CLJ0208.2-0237,fall,17.0,2:08:16,-2:37:18,1.0,22B242_1,,1.0
18,18,ACT-CLJ0208.3-0255,fall,18.0,2:08:21,-2:56:00,1.0,22B242_1,,1.0
19,19,ACT-CLJ0209.6+0222,fall,19.0,2:09:37,+02:22:40.3572,1.0,22B242_1,,1.0
20,20,ACT-CLJ0209.9+0038,fall,20.0,2:10:00,+00:38:14.8513,1.0,22B242_1,,1.0
21,21,ACT-CLJ0210.0-0243,fall,21.0,2:10:01,-2:43:15,1.0,22B242_1,,1.0
22,22,ACT-CLJ0210.1+0254,fall,22.0,2:10:12,+02:54:25.9485,1.0,22B242_1,,1.0
23,23,ACT-CLJ0211.1-0453,fall,23.0,2:11:12,-4:53:45,1.0,22B242_1,,1.0
24,24,ACT-CLJ0211.2-0343,fall,24.0,2:11:15,-3:43:24,1.0,22B242_1,,1.0
25,25,ACT-CLJ0211.9-0146,fall,25.0,2:11:57,-1:46:10,1.0,22B242_1,,1.0
26,26,ACT-CLJ0212.5+0152,fall,26.0,2:12:31,+01:52:37.3158,1.0,22B242_1,,1.0
27,27,ACT-CLJ0212.5-0037,fall,27.0,2:12:35,-0:37:34,1.0,22B242_1,,1.0
28,28,ACT-CLJ0214.7-0432,fall,28.0,2:14:43,-4:32:55,1.0,22B242_1,,1.0
29,29,ACT-CLJ0215.4+0030,fall,29.0,2:15:28,+00:30:41.4215,1.0,22B242_1,,1.0
30,30,ACT-CLJ0215.4-0440,fall,30.0,2:15:28,-4:40:15,1.0,22B242_1,,1.0
31,31,ACT-CLJ0215.6-0113,fall,31.0,2:15:37,-1:13:30,1.0,22B242_1,,1.0
32,32,ACT-CLJ0215.8-0041,fall,32.0,2:15:50,-0:42:00,1.0,22B242_1,,1.0
33,33,ACT-CLJ0217.7-0345,fall,33.0,2:17:44,-3:45:34,1.0,22B242_1,,1.0
34,34,ACT-CLJ0217.8-0048,fall,34.0,2:17:49,-0:48:11,1.0,22B242_02,,1.0
35,35,ACT-CLJ0218.1-0214,fall,35.0,2:18:06,-2:14:21,1.0,22B242_02,,1.0
36,36,ACT-CLJ0218.2-0041,fall,36.0,2:18:16,-0:41:37,1.0,22B242_02,,1.0
37,37,ACT-CLJ0218.5-0114,fall,37.0,2:18:34,-1:14:34,1.0,22B242_02,,1.0
38,38,ACT-CLJ0218.7-0014,fall,38.0,2:18:42,-0:14:38,1.0,22B242_02,,1.0
39,39,ACT-CLJ0219.0+0303,fall,39.0,2:19:03,+03:03:39.9509,1.0,22B242_02,,1.0
40,40,ACT-CLJ0219.8+0022,fall,40.0,2:19:50,+00:22:26.4991,1.0,22B242_02,,1.0
41,41,ACT-CLJ0219.9+0130,fall,41.0,2:19:55,+01:30:11.2079,1.0,22B242_02,,1.0
42,42,ACT-CLJ0219.9+0246,fall,42.0,2:19:55,+02:46:59.955,1.0,22B242_02,,1.0
43,43,ACT-CLJ0220.9-0332,fall,43.0,2:20:57,-3:32:52,1.0,22B242_02,,1.0
44,44,ACT-CLJ0221.6-0012,fall,44.0,2:21:37,-0:12:36,1.0,22B242_02,,1.0
45,45,ACT-CLJ0221.7-0346,fall,45.0,2:21:46,-3:46:22,1.0,22B242_02,,1.0
46,46,ACT-CLJ0221.9-0340,fall,46.0,2:21:56,-3:40:10,1.0,22B242_02,,1.0
47,47,ACT-CLJ0222.2+0520,fall,47.0,2:22:17,+05:20:14.9254,1.0,22B242_02,,1.0
48,48,ACT-CLJ0223.1-0057,fall,48.0,2:23:09,-0:57:08,1.0,22B242_02,,1.0
49,49,ACT-CLJ0223.6+0020,fall,49.0,2:23:38,+00:20:56.0464,1.0,22B242_02,,1.0
50,50,ACT-CLJ0224.5+0102,fall,50.0,2:24:30,+01:02:53.8298,1.0,22B242_02,,1.0
51,51,ACT-CLJ0224.5-0002,fall,51.0,2:24:35,-0:02:15,1.0,22B242_02,,1.0
52,52,ACT-CLJ0225.4-0355,fall,52.0,2:25:28,-3:56:00,1.0,22B242_02,,1.0
53,53,ACT-CLJ0226.4+0426,fall,53.0,2:26:29,+04:26:44.9376,1.0,"22B242_02, 22B_242_04",,1.0
54,54,ACT-CLJ0227.6-0318,fall,54.0,2:27:39,-3:18:03,1.0,"22B242_02, 22B_242_04",,1.0
55,55,ACT-CLJ0228.4+0030,fall,55.0,2:28:29,+00:30:36.7665,1.0,"22B242_02, 22B_242_04",,1.0
56,56,ACT-CLJ0229.6-0336,fall,56.0,2:29:39,-3:36:40,1.0,22B242_02,,1.0
57,57,ACT-CLJ0230.9+0248,fall,57.0,2:30:56,+02:48:13.6488,1.0,22B242_02,,1.0
58,58,ACT-CLJ0231.7-0453,fall,58.0,2:31:45,-4:53:10,1.0,22B242_02,,1.0
59,59,ACT-CLJ0232.1+0230,fall,59.0,2:32:08,+02:30:48.2405,1.0,22B242_02,,1.0
60,60,ACT-CLJ0232.7+0214,fall,60.0,2:32:47,+02:15:00.0,1.0,22B242_02,,1.0
61,61,ACT-CLJ0232.7+0350,fall,61.0,2:32:46,+03:50:25.4251,1.0,22B242_02,,1.0
62,62,ACT-CLJ0233.2+0211,fall,62.0,2:33:13,+02:11:50.1811,1.0,22B242_02,,1.0
63,63,ACT-CLJ0233.2+0248,fall,63.0,2:33:13,+02:48:49.9974,1.0,22B242_02,,1.0
64,64,ACT-CLJ0233.2+0448,fall,64.0,2:33:15,+04:48:30.0,1.0,22B242_02,,1.0
65,65,ACT-CLJ0233.6-0530,fall,65.0,2:33:37,-5:30:29,1.0,22B242_02,,1.0
66,66,ACT-CLJ0233.7+0127,fall,66.0,2:33:43,+01:27:41.0631,1.0,22B242_02,,1.0
67,67,ACT-CLJ0234.5-0107,fall,67.0,2:34:35,-1:07:55,1.0,22B242_02,,1.0
68,68,ACT-CLJ0234.6-0259,fall,68.0,2:34:38,-2:59:49,1.0,22B242_02,,1.0
69,69,ACT-CLJ0235.2-0323,fall,69.0,2:35:14,-3:23:15,1.0,22B242_03,,1.0
70,70,ACT-CLJ0235.5-0005,fall,70.0,2:35:31,-0:06:00,1.0,22B242_03,,1.0
71,71,ACT-CLJ0236.5+0106,fall,71.0,2:36:33,+01:06:44.7104,1.0,22B242_03,,1.0
72,72,ACT-CLJ0236.7-0228,fall,72.0,2:36:43,-2:28:15,1.0,22B242_03,,1.0
73,73,ACT-CLJ0237.6-0423,fall,73.0,2:37:38,-4:23:30,1.0,22B242_03,,1.0
74,74,ACT-CLJ0238.1+0306,fall,74.0,2:38:08,+03:06:11.6026,1.0,22B242_03,,1.0
75,75,ACT-CLJ0239.3-0332,fall,75.0,2:39:22,-3:32:10,1.0,22B242_03,,1.0
76,76,ACT-CLJ0239.8-0134,fall,76.0,2:39:53,-1:34:44,1.0,22B242_03,,1.0
77,77,ACT-CLJ0240.0+0116,fall,77.0,2:40:03,+01:16:00.882782,1.0,22B242_03,,1.0
78,78,ACT-CLJ0240.0+0303,fall,78.0,2:40:03,+03:03:15.1299,1.0,22B242_03,,1.0
79,79,ACT-CLJ0241.2-0018,fall,79.0,2:41:16,-0:18:47,1.0,22B242_03,,1.0
80,80,ACT-CLJ0241.4-0433,fall,80.0,2:41:30,-4:33:12,1.0,22B242_03,,1.0
81,81,ACT-CLJ0242.2-0345,fall,81.0,2:42:16,-3:45:30,1.0,22B242_03,,1.0
82,82,ACT-CLJ0242.7-0226,fall,82.0,2:42:45,-2:26:25,1.0,22B242_03,,1.0
83,83,ACT-CLJ0242.7-0450,fall,83.0,2:42:43,-4:50:45,1.0,22B242_03,,1.0
84,84,ACT-CLJ0242.9-0250,fall,84.0,2:42:57,-2:50:39,1.0,22B242_03,,1.0
85,85,ACT-CLJ0243.2+0256,fall,85.0,2:43:16,+02:56:34.1063,1.0,22B242_03,,1.0
86,86,ACT-CLJ0245.2+0032,fall,86.0,2:45:14,+00:32:47.7734,1.0,22B242_03,,1.0
87,87,ACT-CLJ0245.2+0407,fall,87.0,2:45:15,+04:07:14.1798,1.0,22B242_03,,1.0
88,88,ACT-CLJ0245.2-0240,fall,88.0,2:45:14,-2:40:48,1.0,"22B242_03, 22B_242_04",,1.0
89,89,ACT-CLJ0245.7-0028,fall,89.0,2:45:43,-0:28:30,1.0,"22B242_03, 22B_242_04",,1.0
90,90,ACT-CLJ0245.8-0042,fall,90.0,2:45:51,-0:42:28,1.0,"22B242_03, 22B_242_04",,1.0
91,91,ACT-CLJ0246.4+0429,fall,91.0,2:46:29,+04:29:40.1356,1.0,"22B242_03, 22B_242_04",,1.0
92,92,ACT-CLJ0247.3-0156,fall,92.0,2:47:23,-1:56:15,1.0,"22B242_03, 22B_242_04",,1.0
93,93,ACT-CLJ0248.0-0331,fall,93.0,2:48:04,-3:31:56,1.0,"22B242_03, 22B_242_04",1.0,1.0
94,94,ACT-CLJ0248.2+0238,fall,94.0,2:48:13,+02:38:09.91129,1.0,"22B242_03, 22B_242_04",1.0,1.0
95,95,ACT-CLJ0248.2-0216,fall,95.0,2:48:14,-2:16:06,1.0,"22B242_03, 22B_242_04",1.0,1.0
96,96,ACT-CLJ0248.3+0122,fall,96.0,2:48:23,+01:22:20.3694,1.0,"22B242_03, 22B_242_04",1.0,1.0
97,97,ACT-CLJ0248.3-0337,fall,97.0,2:48:21,-3:37:20,1.0,"22B242_03, 22B_242_04",1.0,1.0
98,98,ACT-CLJ0248.7-0019,fall,98.0,2:48:47,-0:19:33,1.0,"22B242_03, 22B_242_04",1.0,1.0
99,99,ACT-CLJ0248.9-0328,fall,99.0,2:48:58,-3:28:45,1.0,"22B242_03, 22B_242_04",1.0,1.0
100,100,ACT-CLJ0249.6+0210,fall,100.0,2:49:41,+02:10:14.8045,1.0,"22B242_03, 22B_242_04",1.0,1.0
101,101,ACT-CLJ0250.1+0008,fall,101.0,2:50:09,+00:08:15.7771,1.0,"22B242_03, 22B_242_04",1.0,1.0
102,102,ACT-CLJ0253.5-0017,fall,102.0,2:53:34,-0:17:43,1.0,"22B242_03, 22B_242_04",1.0,1.0
103,103,ACT-CLJ0254.4-0538,fall,103.0,2:54:26,-5:38:15,1.0,"22B242_03, 22B_242_04",1.0,1.0
104,104,ACT-CLJ0256.5+0006,fall,104.0,2:56:32,+00:06:17.5711,1.0,"22B242_03, 22B_242_04",1.0,1.0
105,105,ACT-CLJ0257.0-0300,fall,105.0,2:57:04,-3:00:56,1.0,"22B242_03, 22B_242_04",1.0,1.0
106,106,ACT-CLJ0258.4+0147,fall,106.0,2:58:28,+01:47:44.5755,1.0,"22B242_03, 22B_242_04",1.0,1.0
107,107,ACT-CLJ0259.4-0524,fall,107.0,2:59:27,-5:24:30,1.0,"22B242_03, 22B_242_04",1.0,1.0
108,108,ACT-CLJ0259.8-0037,fall,108.0,2:59:53,-0:37:20,1.0,"22B242_03 (1 bad, 1 good)",1.0,1.0
109,109,ACT-CLJ0300.2+0125,fall,109.0,3:00:13,+01:25:07.42604,1.0,"22B242_03 (1 bad, 1 good)",1.0,1.0
110,110,ACT-CLJ0301.5-0248,fall,110.0,3:01:32,-2:48:42,1.0,"22B242_03 (1 bad, 1 aborted), 22B_242_04",1.0,1.0
111,111,ACT-CLJ1153.4+0259,spring12,0.0,11:53:29,+02:59:15.0958,6.0,21B_298_5,1.0,
112,112,ACT-CLJ1154.2+0221,spring12,1.0,11:54:16,+02:21:36.9115,6.0,21B_298_5,1.0,
113,113,ACT-CLJ1158.3+0228,spring12,2.0,11:58:23,+02:28:14.5426,6.0,21B_298_5,1.0,
114,114,ACT-CLJ1158.9-0244,spring12,3.0,11:58:56,-2:44:45,6.0,21B_298_5,1.0,
115,115,ACT-CLJ1200.9-0125,spring12,4.0,12:00:56,-1:26:00,6.0,21B_298_5,1.0,
116,116,ACT-CLJ1202.8-0230,spring12,5.0,12:02:52,-2:30:15,6.0,21B_298_5,1.0,
117,117,ACT-CLJ1203.9+0126,spring12,6.0,12:03:57,+01:26:17.0269,6.0,21B_298_5,1.0,
118,118,ACT-CLJ1205.3-0245,spring12,7.0,12:05:23,-2:45:06,6.0,21B_298_5,1.0,
119,119,ACT-CLJ1205.5+0214,spring12,8.0,12:05:32,+02:14:44.7414,6.0,21B_298_5,1.0,
120,120,ACT-CLJ1208.3+0254,spring12,9.0,12:08:21,+02:55:00.0,6.0,21B_298_5,1.0,
121,121,ACT-CLJ1210.2+0223,spring12,10.0,12:10:18,+02:23:30.0396,6.0,21B_298_5,1.0,
122,122,ACT-CLJ1210.2+0321,spring12,11.0,12:10:13,+03:21:50.9493,6.0,21B_298_5,1.0,
123,123,ACT-CLJ1218.5+0233,spring12,12.0,12:18:30,+02:33:17.7068,6.0,21B_298_5,1.0,
124,124,ACT-CLJ1220.4-0240,spring12,13.0,12:20:24,-2:40:15,6.0,21B_298_5,1.0,
125,125,ACT-CLJ1222.4-0127,spring12,14.0,12:22:26,-1:27:09,6.0,21B_298_5,1.0,
126,126,ACT-CLJ1222.6-0214,spring12,15.0,12:22:37,-2:14:48,6.0,21B_298_5,1.0,
127,127,ACT-CLJ1224.3+0211,spring12,16.0,12:24:19,+02:11:59.9824,6.0,21B_298_6,1.0,
128,128,ACT-CLJ1238.5-0004,spring12,17.0,12:38:34,-0:04:00,6.0,21B_298_6,1.0,
129,129,ACT-CLJ1241.0+0010,spring12,18.0,12:41:01,+00:10:35.959,6.0,21B_298_6,1.0,
130,130,ACT-CLJ1245.0+0231,spring12,19.0,12:45:01,+02:31:29.7772,6.0,21B_298_6,1.0,
131,131,ACT-CLJ1249.7+0145,spring12,20.0,12:49:43,+01:45:10.2552,6.0,21B_298_6,1.0,
132,132,ACT-CLJ1250.6+0036,spring12,21.0,12:50:36,+00:36:05.33988,6.0,21B_298_6,1.0,
133,133,ACT-CLJ1256.7+0235,spring12,22.0,12:56:44,+02:35:42.0219,6.0,21B_298_6,1.0,
134,134,ACT-CLJ1258.4+0043,spring13,0.0,12:58:29,+00:44:00.0,7.0,21B_298_6,1.0,
135,135,ACT-CLJ1258.8+0059,spring13,1.0,12:58:51,+00:59:49.9202,7.0,21B_298_6,1.0,
136,136,ACT-CLJ1301.2+0218,spring13,2.0,13:01:13,+02:18:47.6249,7.0,21B_298_6,1.0,
137,137,ACT-CLJ1311.5-0119,spring13,3.0,13:11:31,-1:19:55,7.0,21B_298_6,1.0,
138,138,ACT-CLJ1315.0+0121,spring13,4.0,13:15:04,+01:21:14.8413,7.0,21B_298_6,1.0,
139,139,ACT-CLJ1322.9-0227,spring13,5.0,13:22:57,-2:27:45,7.0,21B_298_6,1.0,
140,140,ACT-CLJ1324.9+0223,spring13,6.0,13:24:55,+02:24:00.0,7.0,21B_298_6,1.0,
141,141,ACT-CLJ1325.0+0209,spring13,7.0,13:25:01,+02:09:06.48098,7.0,21B_298_6,1.0,
142,142,ACT-CLJ1326.8+0216,spring13,8.0,13:26:52,+02:16:15.6359,7.0,21B_298_8,1.0,
143,143,ACT-CLJ1327.0+0212,spring13,9.0,13:27:01,+02:12:13.798,7.0,21B_298_8,1.0,
144,144,ACT-CLJ1328.4-0038,spring13,10.0,13:28:27,-0:38:30,7.0,21B_298_8,1.0,
145,145,ACT-CLJ1331.1+0100,spring13,11.0,13:31:11,+01:00:18.2077,7.0,21B_298_8,1.0,
146,146,ACT-CLJ1332.8-0006,spring13,12.0,13:32:52,-0:06:50,7.0,21B_298_8,1.0,
147,147,ACT-CLJ1336.8-0104,spring13,13.0,13:36:51,-1:05:00,7.0,,1.0,
148,148,ACT-CLJ1340.9-0152,spring13,14.0,13:40:58,-1:52:03,7.0,,1.0,
149,149,ACT-CLJ1343.1-0000,spring13,15.0,13:43:06,-0:00:46,7.0,,1.0,
150,150,ACT-CLJ1344.6-0212,spring13,16.0,13:44:38,-2:12:26,7.0,,,
151,151,ACT-CLJ1345.0-0248,spring13,17.0,13:45:06,-2:48:26,7.0,,,
152,152,ACT-CLJ1346.2-0142,spring13,18.0,13:46:14,-1:42:47,7.0,,,
153,153,ACT-CLJ1346.3-0232,spring13,19.0,13:46:21,-2:32:47,7.0,,,
154,154,ACT-CLJ1347.7+0124,spring13,20.0,13:47:45,+01:24:43.2058,7.0,,,
155,155,ACT-CLJ1348.9-0158,spring13,21.0,13:48:57,-1:58:30,7.0,,,
156,156,ACT-CLJ1357.1-0111,spring13,22.0,13:57:08,-1:11:30,7.0,,,
157,157,ACT-CLJ1357.6+0026,spring13,23.0,13:57:38,+00:26:14.9726,7.0,,,
158,158,ACT-CLJ1401.0+0252,spring14,,14:01:02,+02:52:32.57,,,,
159,159,ACT-CLJ1405.4+0020,spring14,,14:05:29,+00:20:04.86111,,,,
160,160,ACT-CLJ1407.1-0015,spring14,,14:07:08,-0:15:24,,,,
161,161,ACT-CLJ1407.9+0120,spring14,,14:07:56,+01:20:22.6192,,,,
162,162,ACT-CLJ1412.4+0246,spring14,,14:12:28,+02:46:40.7183,,,,
163,163,ACT-CLJ1415.9+0118,spring14,,14:15:59,+01:18:19.9518,,,,
164,164,ACT-CLJ1420.2+0057,spring14,,14:20:18,+00:57:34.344,,,,
165,165,ACT-CLJ1420.4-0042,spring14,,14:20:28,-0:42:56,,,,
166,166,ACT-CLJ1420.5+0027,spring14,,14:20:33,+00:27:04.55552,,,,
167,167,ACT-CLJ1421.0+0022,spring14,,14:21:03,+00:22:15.3541,,,,
168,168,ACT-CLJ1424.0-0033,spring14,,14:24:02,-0:33:35,,,,
169,169,ACT-CLJ1424.3-0243,spring14,,14:24:22,-2:43:30,,,,
170,170,ACT-CLJ1424.6+0108,spring14,,14:24:36,+01:08:14.8151,,,,
171,171,ACT-CLJ1424.9-0141,spring14,,14:24:57,-1:41:10,,,,
172,172,ACT-CLJ1425.5-0153,spring14,,14:25:31,-1:53:30,,,,
173,173,ACT-CLJ1426.2+0125,spring14,,14:26:17,+01:25:59.6656,,,,
174,174,ACT-CLJ1426.3-0126,spring14,,14:26:23,-1:26:50,,,,
175,175,ACT-CLJ1428.9+0144,spring14,,14:28:58,+01:44:40.6266,,,,
176,176,ACT-CLJ1436.1-0054,spring14,,14:36:09,-0:54:29,,,,
177,177,ACT-CLJ1440.5-0137,spring14,,14:40:30,-1:37:27,,,,
178,178,ACT-CLJ1441.5-0053,spring14,,14:41:34,-0:53:25,,,,
179,179,ACT-CLJ1443.1+0102,spring14,,14:43:10,+01:02:30.4468,,,,
180,180,ACT-CLJ1444.8-0325,spring14,,14:44:53,-3:25:22,,,,
181,181,ACT-CLJ1445.3-0326,spring15,,14:45:23,-3:26:24,,,,
182,182,ACT-CLJ1446.0-0327,spring15,,14:46:02,-3:27:16,,,,
183,183,ACT-CLJ1448.2-0319,spring15,,14:48:16,-3:19:22,,,,
184,184,ACT-CLJ1450.0+0049,spring15,,14:50:06,+00:49:29.9669,,,,
185,185,ACT-CLJ1450.6+0055,spring15,,14:50:40,+00:55:39.0499,,,,
186,186,ACT-CLJ1451.6+0255,spring15,,14:51:41,+02:55:00.354219,,,,
187,187,ACT-CLJ1452.3+0009,spring15,,14:52:19,+00:09:44.4784,,,,
188,188,ACT-CLJ1458.2-0007,spring15,,14:58:18,-0:07:24,,,,
189,189,ACT-CLJ1500.5+0152,spring15,,15:00:34,+01:52:32.467,,,,
190,190,ACT-CLJ1513.4+0100,spring15,,15:13:29,+01:00:14.8978,,,,
191,191,ACT-CLJ1516.1+0140,spring15,,15:16:12,+01:40:55.5852,,,,
192,192,ACT-CLJ1516.3+0005,spring15,,15:16:19,+00:05:14.9975,,,,
193,193,ACT-CLJ1521.0+0033,spring15,,15:21:02,+00:33:48.0263,,,,
194,194,ACT-CLJ1525.2-0051,spring15,,15:25:13,-0:51:30,,,,
195,195,ACT-CLJ1526.4+0157,spring15,,15:26:24,+01:57:55.9048,,,,
196,196,ACT-CLJ1531.3-0007,spring15,,15:31:19,-0:07:32,,,,
197,197,ACT-CLJ1535.0+0120,spring15,,15:35:04,+01:20:40.4355,,,,
198,198,ACT-CLJ1535.4+0147,spring15,,15:35:27,+01:47:07.88803,,,,
199,199,ACT-CLJ1535.7+0004,spring15,,15:35:46,+00:04:00.103016,,,,
200,200,ACT-CLJ1537.9-0128,spring15,,15:37:55,-1:28:15,,,,
201,201,ACT-CLJ1538.8-0139,spring15,,15:38:48,-1:39:15,,,,
202,202,ACT-CLJ1541.4+0101,spring15,,15:41:24,+01:01:42.0003,,,,
203,203,ACT-CLJ1543.5-0104,spring15,,15:43:35,-1:04:14,,,,
204,204,ACT-CLJ1543.5-0117,spring15,,15:43:36,-1:17:38,,,,
205,205,ACT-CLJ1548.5+0147,spring15,,15:48:30,+01:47:05.66532,,,,
206,206,ACT-CLJ0943.7+0059,winter10,0.0,9:43:47,+00:59:20.3868,4.0,21B_298_3,1.0,
207,207,ACT-CLJ0947.9-0120,winter10,1.0,9:47:58,-1:20:03,4.0,21B_298_3,1.0,
208,208,ACT-CLJ0951.6-0014,winter10,2.0,9:51:41,-0:14:24,4.0,21B_298_3,1.0,
209,209,ACT-CLJ0956.1+0158,winter10,3.0,9:56:11,+01:58:48.9931,4.0,21B_298_3,1.0,
210,210,ACT-CLJ0957.6+0234,winter10,4.0,9:57:37,+02:34:33.0302,4.0,21B_298_3,1.0,
211,211,ACT-CLJ1005.5+0235,winter10,5.0,10:05:32,+02:35:09.04211,4.0,21B_298_3,1.0,
212,212,ACT-CLJ1006.9+0255,winter10,6.0,10:06:57,+02:55:42.568,4.0,21B_298_3,1.0,
213,213,ACT-CLJ1020.1-0013,winter10,7.0,10:20:07,-0:13:10,4.0,"21B_298_3, 21B_298_07",1.0,
214,214,ACT-CLJ1020.3-0100,winter10,8.0,10:20:21,-1:01:00,4.0,"21B_298_3, 298_8",1.0,
215,215,ACT-CLJ1027.8+0004,winter10,9.0,10:27:50,+00:04:08.21867,4.0,21B_298_3,1.0,
216,216,ACT-CLJ1029.9+0016,winter10,10.0,10:29:55,+00:16:40.5588,4.0,21B_298_3,1.0,
217,217,ACT-CLJ1031.2+0031,winter10,11.0,10:31:14,+00:31:45.2387,4.0,"21B_298_3, 298_8",1.0,
218,218,ACT-CLJ1032.1-0249,winter10,12.0,10:32:09,-2:49:32,4.0,"21B_298_3, 298_8",1.0,
219,219,ACT-CLJ1035.1+0249,winter10,13.0,10:35:09,+02:50:00.0,4.0,21B_298_3 - aborted/unfinished + 21B_298_4 + 298_8,1.0,
220,220,ACT-CLJ1035.1-0248,winter10,14.0,10:35:08,-2:48:10,4.0,21B_298_4,1.0,
221,221,ACT-CLJ1035.4-0001,winter10,15.0,10:35:26,-0:01:55,4.0,21B_298_4,1.0,
222,222,ACT-CLJ1036.2-0223,winter10,16.0,10:36:15,-2:23:09,4.0,21B_298_4,1.0,
223,223,ACT-CLJ1036.9+0154,winter10,17.0,10:36:57,+01:54:30.0,4.0,21B_298_4,1.0,
224,224,ACT-CLJ1049.3-0002,winter10,18.0,10:49:24,-0:02:03,4.0,21B_298_4,1.0,
225,225,ACT-CLJ1050.6+0017,winter10,19.0,10:50:40,+00:17:03.93992,4.0,21B_298_4,1.0,
226,226,ACT-CLJ1053.7-0156,winter10,20.0,10:53:46,-1:56:19,4.0,21B_298_4,1.0,
227,227,ACT-CLJ1107.4+0121,winter10,21.0,11:07:27,+01:21:21.1696,4.0,21B_298_4,1.0,
228,228,ACT-CLJ1110.2-0030,winter10,22.0,11:10:18,-0:30:18,4.0,21B_298_4,1.0,
229,229,ACT-CLJ1110.3+0143,winter10,23.0,11:10:23,+01:43:39.8627,4.0,21B_298_4,1.0,
230,230,ACT-CLJ1110.8+0216,winter11,0.0,11:10:53,+02:17:00.0,5.0,21B_298_4,1.0,
231,231,ACT-CLJ1111.1+0044,winter11,1.0,11:11:12,+00:44:54.3337,5.0,21B_298_4,1.0,
232,232,ACT-CLJ1112.8+0229,winter11,2.0,11:12:49,+02:29:47.556,5.0,21B_298_4,1.0,
233,233,ACT-CLJ1116.7+0218,winter11,3.0,11:16:47,+02:18:14.9507,5.0,21B_298_4,1.0,
234,234,ACT-CLJ1116.9-0036,winter11,4.0,11:16:55,-0:36:45,5.0,21B_298_4,1.0,
235,235,ACT-CLJ1117.9-0211,winter11,5.0,11:17:59,-2:11:00,5.0,21B_298_4,1.0,
236,236,ACT-CLJ1118.7+0039,winter11,6.0,11:18:46,+00:39:35.5729,5.0,21B_298_4,1.0,
237,237,ACT-CLJ1118.9-0041,winter11,7.0,11:18:56,-0:41:45,5.0,21B_298_4,1.0,
238,238,ACT-CLJ1125.7+0010,winter11,8.0,11:25:44,+00:10:41.8418,5.0,21B_298_4,1.0,
239,239,ACT-CLJ1127.5+0003,winter11,9.0,11:27:34,+00:04:00.0,5.0,21B_298_4,1.0,
240,240,ACT-CLJ1128.3-0058,winter11,10.0,11:28:18,-0:58:55,5.0,21B_298_4,1.0,
241,241,ACT-CLJ1129.8+0256,winter11,11.0,11:29:51,+02:56:26.131,5.0,21B_298_4,1.0,
242,242,ACT-CLJ1131.6-0107,winter11,12.0,11:31:39,-1:07:24,5.0,21B_298_4,1.0,
243,243,ACT-CLJ1134.0+0116,winter11,13.0,11:34:03,+01:16:45.0115,5.0,21B_298_4,1.0,
244,244,ACT-CLJ1136.9+0006,winter11,14.0,11:36:56,+00:06:02.14731,5.0,21B_298_4,1.0,
245,245,ACT-CLJ1138.5-0011,winter11,15.0,11:38:33,-0:11:50,5.0,21B_298_4,1.0,
246,246,ACT-CLJ1139.3+0154,winter11,16.0,11:39:19,+01:54:16.5314,5.0,21B_298_4 - abort slightly early,1.0,
247,247,ACT-CLJ1144.0+0440,winter11,17.0,11:44:06,+04:40:44.7823,5.0,21B_298_5,1.0,
248,248,ACT-CLJ1144.2+0227,winter11,18.0,11:44:13,+02:27:45.1407,5.0,21B_298_5,1.0,
249,249,ACT-CLJ1145.1-0100,winter11,19.0,11:45:09,-1:00:15,5.0,21B_298_5,1.0,
250,250,ACT-CLJ1148.0-0234,winter11,20.0,11:48:06,-2:34:31,5.0,21B_298_5,1.0,
251,251,ACT-CLJ1152.2+0031,winter11,21.0,11:52:13,+00:31:24.5452,5.0,21B_298_5,1.0,
252,252,ACT-CLJ1152.5+0356,winter11,22.0,11:52:35,+03:56:38.8333,5.0,21B_298_5,1.0,
253,253,ACT-CLJ0839.5-0140,winter8,0.0,8:39:30,-1:40:36,2.0,21B_298_2,1.0,
254,254,ACT-CLJ0839.5-0150,winter8,1.0,8:39:30,-1:50:26,2.0,21B_298_2,1.0,
255,255,ACT-CLJ0842.3+0033,winter8,2.0,8:42:23,+00:33:15.0618,2.0,21B_298_2,1.0,
256,256,ACT-CLJ0842.9+0424,winter8,3.0,8:42:56,+04:24:00.310801,2.0,21B_298_2,1.0,
257,257,ACT-CLJ0844.6+0216,winter8,4.0,8:44:41,+02:16:36.9347,2.0,21B_298_2,1.0,
258,258,ACT-CLJ0845.0+0127,winter8,5.0,8:45:02,+01:27:55.1173,2.0,21B_298_2,1.0,
259,259,ACT-CLJ0845.4+0327,winter8,6.0,8:45:29,+03:27:45.2745,2.0,21B_298_2,1.0,
260,260,ACT-CLJ0848.4+0412,winter8,7.0,8:48:25,+04:12:16.3916,2.0,21B_298_2,1.0,
261,261,ACT-CLJ0848.5-0122,winter8,8.0,8:48:33,-1:22:04,2.0,21B_298_2,1.0,
262,262,ACT-CLJ0849.6-0051,winter8,9.0,8:49:40,-0:51:16,2.0,21B_298_2,1.0,
263,263,ACT-CLJ0849.8+0440,winter8,10.0,8:49:48,+04:40:24.9029,2.0,21B_298_2,1.0,
264,264,ACT-CLJ0852.2-0101,winter8,11.0,8:52:17,-1:01:15,2.0,21B_298_2,1.0,
265,265,ACT-CLJ0853.4+0132,winter8,12.0,8:53:27,+01:32:30.0,2.0,21B_298_2,1.0,
266,266,ACT-CLJ0854.7-0122,winter8,13.0,8:54:47,-1:22:20,2.0,21B_298_2,1.0,
267,267,ACT-CLJ0855.4-0106,winter8,14.0,8:55:29,-1:06:56,2.0,21B_298_2,1.0,
268,268,ACT-CLJ0856.3+0146,winter8,15.0,8:56:21,+01:46:59.0725,2.0,21B_298_2,1.0,
269,269,ACT-CLJ0856.4-0013,winter8,16.0,8:56:25,-0:13:45,2.0,21B_298_2,1.0,
270,270,ACT-CLJ0856.5+0143,winter8,17.0,8:56:31,+01:43:32.5207,2.0,21B_298_2,1.0,
271,271,ACT-CLJ0857.8+0310,winter8,18.0,8:57:51,+03:10:41.0795,2.0,21B_298_2,1.0,
272,272,ACT-CLJ0859.0-0119,winter8,19.0,8:59:01,-1:20:00,2.0,21B_298_2,1.0,
273,273,ACT-CLJ0859.4+0308,winter8,20.0,8:59:30,+03:08:45.1665,2.0,21B_298_2,1.0,
274,274,ACT-CLJ0901.5+0301,winter8,21.0,9:01:32,+03:01:09.60865,2.0,21B_298_2,1.0,
275,275,ACT-CLJ0901.7+0408,winter8,22.0,9:01:47,+04:08:30.0,2.0,21B_298_2,1.0,
276,276,ACT-CLJ0903.4-0136,winter8,23.0,9:03:29,-1:36:11,2.0,21B_298_2,1.0,
277,277,ACT-CLJ0904.3+0206,winter9,0.0,9:04:19,+02:06:23.937,3.0,21B_298_2 - sun up,1.0,
278,278,ACT-CLJ0904.5+0426,winter9,1.0,9:04:32,+04:26:44.6732,3.0,21B_298_2 - sun up,1.0,
279,279,ACT-CLJ0905.6+0434,winter9,2.0,9:05:40,+04:34:35.5995,3.0,21B_298_2 - sun up,1.0,
280,280,ACT-CLJ0907.8+0057,winter9,3.0,9:07:53,+00:57:11.1088,3.0,21B_298_2 - sun up,1.0,
281,281,ACT-CLJ0907.9+0254,winter9,4.0,9:07:56,+02:54:45.0077,3.0,21B_298_2 - sun up,1.0,
282,282,ACT-CLJ0909.5-0050,winter9,5.0,9:09:32,-0:50:07,3.0,21B_298_2 - sun up,1.0,
283,283,ACT-CLJ0913.2+0349,winter9,6.0,9:13:15,+03:49:25.6724,3.0,"21B_298_2 - sun up, 298_8",1.0,
284,284,ACT-CLJ0914.7+0011,winter9,7.0,9:14:47,+00:11:30.0,3.0,"21B_298_2 - sun up, 298_7",1.0,
285,285,ACT-CLJ0915.9-0132,winter9,8.0,9:15:57,-1:32:44,3.0,"21B_298_2 - sun up, 298_7",1.0,
286,286,ACT-CLJ0916.1-0024,winter9,9.0,9:16:10,-0:24:07,3.0,"21B_298_2 - sun up, 298_7",1.0,
287,287,ACT-CLJ0916.7+0155,winter9,10.0,9:16:48,+01:55:45.0284,3.0,"21B_298_2 - sun up, half scan, 298_7",1.0,
288,288,ACT-CLJ0916.8-0059,winter9,11.0,9:16:53,-0:59:40,3.0,21B_298_3,1.0,
289,289,ACT-CLJ0918.7+0211,winter9,12.0,9:18:45,+02:11:24.0955,3.0,21B_298_3,1.0,
290,290,ACT-CLJ0920.4+0134,winter9,13.0,9:20:24,+01:34:38.6118,3.0,21B_298_3,1.0,
291,291,ACT-CLJ0921.0-0148,winter9,14.0,9:21:04,-1:48:37,3.0,21B_298_3,1.0,
292,292,ACT-CLJ0921.3+0317,winter9,15.0,9:21:21,+03:17:17.2485,3.0,21B_298_3,1.0,
293,293,ACT-CLJ0922.1+0346,winter9,16.0,9:22:08,+03:46:23.8272,3.0,21B_298_3,1.0,
294,294,ACT-CLJ0922.1-0027,winter9,17.0,9:22:09,-0:27:30,3.0,21B_298_3,1.0,
295,295,ACT-CLJ0930.4+0216,winter9,18.0,9:30:25,+02:16:46.7946,3.0,21B_298_3,1.0,
296,296,ACT-CLJ0935.0+0053,winter9,19.0,9:35:02,+00:53:55.1285,3.0,21B_298_3,1.0,
297,297,ACT-CLJ0935.2+0048,winter9,20.0,9:35:14,+00:48:02.79562,3.0,21B_298_3,1.0,
298,298,ACT-CLJ0935.3+0233,winter9,21.0,9:35:22,+02:33:04.92462,3.0,21B_298_3,1.0,
299,299,ACT-CLJ0940.9+0322,winter9,22.0,9:40:56,+03:22:14.5261,3.0,21B_298_3,1.0,
