Cluster_1,project,scanno,amp_jy,X_loc_pixels,y_loc_pixels,RA,DEC,cluster_2,x,y,sigma_dog,theta_1,theta_2,ra_deg,dec_deg,dist_center_radians,amp_fit,x_center_fit,y_center_fit,sigma,int_flux_Jy,int_flux_err_Jy,amp_snr,x_snr,y_snr,sigma_snr,int_snr,snr,masked,noise_ps,hits_ps,Unnamed: 0,Source,rms_map,rms_snr,avg_snr,ntail,amp_fit_snr,mean_fit_snr,std_fit_snr,red_type,Separation
ACT-CLJ0200.3+0019,AGBT21B_298_01,8,0.03,162,162,30.0901,0.3243,ACT-CLJ0200.3+0019_298_01_s008,163.0,163.0,3.2,2.0,10.0,30.090129326233832,0.3242632255267501,1.3712601992228881E-5,0.01716959380015089,162.9999603626513,162.99996304042125,2.99989330225367,0.027738532587224432,1.4374443550202565E-4,93.7650824340783,162.51018340430645,162.5587890968785,2.738188145547276,126.20587049261997,89.25102996826172,0.0,1.6873845015652478E-4,1960165.5,,,,,,,,,,,0.16930375867377584
ACT-CLJ0203.0-0042,AGBT21B_298_01,13,0.01,162,279,30.7535,-0.6431,ACT-CLJ0203.0-0042_298_01_s013,163.0,279.0,5.120000000000001,2.0,10.0,30.753533765227125,-0.6436905503819519,0.0011345049908367353,0.01629487161221761,162.99997838003975,278.9999971722651,2.9999072568140117,0.026325610120774424,1.5496323619535382E-4,20.587964363879628,162.61035467467477,279.3363487749353,2.8420889545808756,29.853866504146787,19.924671173095703,0.0,6.591881392523646E-4,228788.96875,,,,,,,,,,,2.129369468752728
ACT-CLJ0203.2-0123,AGBT21B_298_01,14,0.007,162,162,30.8177,-1.3973,ACT-CLJ0203.2-0123_298_01_s014,163.0,162.0,3.2,2.0,10.0,30.817719730755083,-1.397835731444271,9.696273857006367E-6,0.005775490147011004,162.99999634011147,161.9999991177734,2.999986606638819,0.00933123923360781,1.5138699251804604E-4,26.240866575895637,162.60227236708636,162.27256737220253,2.6062667662255943,31.99836222855195,24.962812423706055,0.0,2.035293000517413E-4,1774710.375,,,,,,,,,,,1.9299221530342299
ACT-CLJ0203.7+0216,AGBT21B_298_01,15,0.003,172,172,30.928,2.2725,ACT-CLJ0203.7+0216_298_01_s015,173.0,173.0,5.120000000000001,2.0,10.0,30.928351395813188,2.272209597604622,1.5083862077891377E-4,0.004514778112840895,172.99999923373653,172.9999988651994,2.9999862955580276,0.007294353353270436,1.5765785120109367E-4,13.609563604836902,173.22236832358007,172.9828855150385,3.028937597153602,22.414894373086756,13.918294906616211,0.0,2.6500524836592376E-4,1257400.625,,,,,,,,,,,1.640433553425607
ACT-CLJ0253.5-0017,AGBT21B_298_01,26,0.01,236,236,43.3495,-0.2544,ACT-CLJ0253.5-0017_298_01_s026,237.0,236.0,3.2,2.0,10.0,43.34961025068642,-0.2550754534569545,0.0010216115005270987,0.017331618202663483,236.99996776951528,236.00000621949437,2.9997615122872734,0.02799783281534238,2.8450781110127385E-4,11.239613352323165,236.79000144858864,236.45316214997544,2.4200535854800775,11.817161783800294,10.341862678527832,0.0,0.0014510503970086575,70437.09375,,,,,,,,,,,2.4637581739767813
ACT-CLJ0258.4+0147,AGBT21B_298_01,21,0.003,162,162,44.6195,1.7961,ACT-CLJ0258.4+0147_298_01_s021,163.0,162.0,3.2,2.0,10.0,44.61952321201936,1.7955439089855758,9.696273856956065E-6,0.002609346644801591,162.9999984562106,161.9999995021864,2.9999754098488447,0.004215790420596858,1.819355847513629E-4,10.764802782891715,162.91397725397087,162.35651257060846,1.950262281867998,7.350281397666286,9.402434349060059,0.0,3.014802932739258E-4,1110640.625,,,,,,,,,,,2.0037426129496363
ACT-CLJ0259.8-0037,AGBT21B_298_01,18,0.001,172,172,44.9649,-0.6144,ACT-CLJ0259.8-0037_298_01_s018,175.0,177.0,8.192000000000002,2.0,10.0,44.96412898850172,-0.6125159730093309,1.9246553823670174E-4,0.0013682415402261356,175.00000037507064,177.00000021538597,2.9999969502836623,0.002210630934805605,1.6857399641356465E-4,4.136013279442387,173.8088390902688,175.6044284579695,4.197669435464631,13.083087311480902,2.527665376663208,0.0,2.925958251580596E-4,1121614.25,,,,,,,,,,,7.328505639895802
ACT-CLJ0839.5-0140,AGBT21B_298_02,7,0.01,237,162,129.8383,-1.6792,ACT-CLJ0839.5-0140_298_02_s007,237.0,162.0,3.2,2.0,10.0,129.8388543679248,-1.6797104207355866,7.27220411076709E-4,0.01752690848121175,237.00000132978093,161.9999976341623,2.999836165444508,0.028314717774141143,1.2423867909436636E-4,66.87118150572431,237.46911138021315,162.40811105809442,2.7376232783252035,89.97010176867546,63.31264877319336,0.0,2.2337844711728394E-4,1458576.75,,,,,,,,,,,2.7120566649833897
ACT-CLJ0839.5-0150,AGBT21B_298_02,8,0.007,236,236,129.8381,-1.8023,ACT-CLJ0839.5-0150_298_02_s008,238.0,237.0,5.120000000000001,2.0,10.0,129.8376549654393,-1.8024465576423092,0.001035323783287762,0.005682043414736755,237.99999632916604,236.9999978509478,2.999998268051294,0.009180332281361897,1.2518216812449793E-4,14.59042410964664,237.33898007678496,236.8799896872019,3.0674753265152193,24.645743105493146,13.881181716918945,0.0,3.317023511044681E-4,712125.5625,,,,,,,,,,,1.6860376663434058
ACT-CLJ0842.3+0033,AGBT21B_298_02,9,0.003,162,279,130.5984,0.6166,ACT-CLJ0842.3+0033_298_02_s009,162.0,280.0,3.2,2.0,10.0,130.598968506,0.6165624417216691,0.0011441598158499755,0.0030841582197928073,161.99999828303078,279.99999968260784,2.999988699868208,0.004982963802474229,1.247561942929909E-4,8.725240892212112,162.13278845403235,280.0728225449086,2.039146979717733,6.513078790428886,7.3448710441589355,0.0,4.1873182635754347E-4,409047.1875,,,,,,,,,,,2.0509593458314805
ACT-CLJ0842.9+0424,AGBT21B_298_02,10,0.001,162,162,130.7384,4.3969,ACT-CLJ0842.9+0424_298_02_s010,163.0,163.0,3.2,2.0,10.0,130.73836492351955,4.3969407482318985,1.3712601992339265E-5,0.0019115224810146122,162.99999966037637,162.99999957678892,2.999999325201317,0.0030884001803012486,1.2561163892863754E-4,13.360288847140025,162.63703168529568,162.421475957386,2.8475320633364563,19.44755187263716,13.221419334411621,0.0,1.2683443492278457E-4,4822222.0,,,,,,,,,,,0.19283209828737993
ACT-CLJ0845.0+0127,AGBT21B_298_02,13,0.01,162,207,131.2626,1.4881,ACT-CLJ0845.0+0127_298_02_s013,162.0,207.0,3.2,2.0,10.0,131.263168335,1.4875568380087998,4.363322958734061E-4,0.017679080395565434,161.999998653256,207.0000001855665,2.999848328482484,0.028560783078631084,1.2690772239893185E-4,107.46021426039242,162.46332207283382,207.46970163378708,2.7024072596935187,140.88382849868086,102.23580932617188,0.0,1.417386665707454E-4,3746498.75,,,,,,,,,,,2.8297653963838965
ACT-CLJ0845.4+0327,AGBT21B_298_02,14,0.007,237,162,131.3298,3.4601,ACT-CLJ0845.4+0327_298_02_s014,237.0,162.0,3.2,2.0,10.0,131.3303275804848,3.4595787902781265,7.272204110766207E-4,0.005469334126872517,236.9999988755503,161.9999995971938,2.9999688203183985,0.008836489843912464,1.2516789742902213E-4,24.127759544343473,237.17411030779496,162.41906260247615,2.4114383453722934,25.18727397199452,22.18105125427246,0.0,2.1191999258007854E-4,1438689.75,,,,,,,,,,,2.6672084594262544
ACT-CLJ0848.4+0412,AGBT21B_298_02,15,0.003,236,236,132.0658,4.2443,ACT-CLJ0848.4+0412_298_02_s015,237.0,237.0,3.2,2.0,10.0,132.06593056694535,4.2441687403603385,0.0010284447868819289,0.00435335445328794,236.99999928206825,236.999999243587,2.9999927434466427,0.007033577589597354,1.2560310873430662E-4,11.283723987259696,237.12485433436197,237.05240517887682,2.9329632283175493,17.425190532691914,10.834724426269531,0.0,3.13261232804507E-4,796231.25,,,,,,,,,,,0.6653109436077423
ACT-CLJ0849.8+0440,AGBT21B_298_02,19,0.01,172,172,132.4499,4.6756,ACT-CLJ0849.8+0440_298_02_s019,173.0,173.0,3.2,2.0,10.0,132.45022835026003,4.6752600065535175,1.5083862077905092E-4,0.018289944131871017,172.99998280184968,172.99998152574886,2.999840470650482,0.029547486552312336,1.2903734238805815E-4,110.32215501931441,173.09885131166004,173.0995432477302,2.7702544686174595,151.98961326281636,107.25403594970703,0.0,1.4318122703116387E-4,3305689.5,,,,,,,,,,,1.6989879339246508
ACT-CLJ0852.2-0101,AGBT21B_298_02,20,0.007,162,207,133.0735,-0.9984,ACT-CLJ0852.2-0101_298_02_s020,162.0,208.0,3.2,2.0,10.0,133.074066162,-0.9983614052803205,4.4602856784319733E-4,0.005805105318535607,161.9999996149968,207.99999604804785,2.9999861451508596,0.009379084451559194,1.273693811206345E-4,35.96271912797153,162.3481136305248,207.64658323980163,2.680839271240006,46.3987114447909,34.482086181640625,0.0,1.4377519255504012E-4,3125978.5,,,,,,,,,,,2.0425981138753047
ACT-CLJ0853.4+0132,AGBT21B_298_02,21,0.003,237,162,133.3229,1.5397,ACT-CLJ0853.4+0132_298_02_s021,237.0,163.0,3.2,2.0,10.0,133.32341533692386,1.5396715309435978,7.272850499956574E-4,0.003860167196040752,237.00000019456027,162.99999812612853,2.9999925365055984,0.006236749620953751,1.276847269058916E-4,16.046252692176463,237.4225133719277,162.67462290231435,2.7699417005513847,22.101753406399887,15.860054969787598,0.0,2.0707389921881258E-4,1665716.875,,,,,,,,,,,1.8573791075411414
ACT-CLJ0856.3+0146,AGBT21B_298_02,25,0.01,162,162,134.0875,1.7822,ACT-CLJ0856.3+0146_298_02_s025,162.0,162.0,3.2,2.0,10.0,134.087860107,1.7817120552099937,1.1449174941446924E-16,0.01813981623797258,161.9999872256228,161.99999517707857,2.999853783717605,0.029305214375184768,1.282679491967039E-4,123.42075001328507,162.20506410445415,162.370680206812,2.780367798583587,171.27916074046053,119.0649185180664,0.0,1.251889916602522E-4,4102961.25,,,,,,,,,,,2.182743610066239
ACT-CLJ0856.4-0013,AGBT21B_298_02,26,0.007,172,172,134.0993,-0.2242,ACT-CLJ0856.4-0013_298_02_s026,173.0,173.0,5.120000000000001,2.0,10.0,134.09966276787952,-0.22451851042300056,1.5083862077910733E-4,0.006240197789244997,172.99999853164675,172.999998342213,2.999980451982712,0.010082008285833763,1.259961655302049E-4,42.077061420243155,173.24531371485529,173.18259043448992,2.8643526955765277,61.974100568040676,41.98013687133789,0.0,1.2341432739049196E-4,4591581.0,,,,,,,,,,,1.7379103463229284
ACT-CLJ0856.5+0143,AGBT21B_298_02,27,0.003,162,207,134.1296,1.7494,ACT-CLJ0856.5+0143_298_02_s027,162.0,207.0,3.2,2.0,10.0,134.130142212,1.748800538988803,4.363322958734615E-4,0.003937393191590442,161.99999991092685,206.99999978063755,2.999990864907828,0.006361514121605217,1.2567285102937128E-4,24.494132978205432,162.40922859329277,207.3720346287078,2.578489967561015,29.235115119201993,22.956270217895508,0.0,1.437148603145033E-4,3480870.5,,,,,,,,,,,2.9093190437677703
ACT-CLJ0857.8+0310,AGBT21B_298_02,28,0.001,237,162,134.4235,3.1765,ACT-CLJ0857.8+0310_298_02_s028,238.0,163.0,3.2,2.0,10.0,134.42351786716458,3.1765037888699,7.369804682173095E-4,0.0014783526862452608,237.99999999986954,162.9999999999435,2.9999999627998135,0.002388539339106912,1.2576884627730036E-4,5.851517881931852,237.91403026498276,163.15941993100236,2.6312982954632065,7.273116605031973,5.603302001953125,0.0,2.27522716159001E-4,1445189.875,,,,,,,,,,,0.06559473906178274
ACT-CLJ0859.4+0308,AGBT21B_298_02,31,0.01,162,279,134.876,3.2094,ACT-CLJ0859.4+0308_298_02_s031,163.0,279.0,3.2,2.0,10.0,134.87599996837153,3.2088698503977846,0.0011345049908367338,0.016579643457940583,162.9999670720074,278.99999097001694,2.9998631928544444,0.0267848939219258,1.2579651946909777E-4,39.63633475027257,162.47831785099652,279.17647550148934,2.6458016819801995,49.810386206441045,37.14675521850586,0.0,3.7846542545594275E-4,440595.0,,,,,,,,,,,1.908317471507996
ACT-CLJ0901.5+0301,AGBT21B_298_02,32,0.007,162,162,135.3858,3.0181,ACT-CLJ0901.5+0301_298_02_s032,163.0,162.0,3.2,2.0,10.0,135.38581147109048,3.017490148398033,9.696273857066524E-6,0.005821243955167659,162.99999613838304,161.99999937620643,2.999989945078386,0.009405182849513777,1.2810156383105282E-4,41.172749050698464,162.5382425928968,162.31602057897283,2.663433934613486,52.43310392978025,38.99921798706055,0.0,1.2878444977104664E-4,4050978.75,,,,,,,,,,,2.195936793258217
ACT-CLJ0901.7+0408,AGBT21B_298_02,33,0.003,172,172,135.4404,4.1459,ACT-CLJ0901.7+0408_298_02_s033,173.0,173.0,3.2,2.0,10.0,135.4407264956522,4.145583572204284,1.5083862077884294E-4,0.0041453159538082564,172.9999990653859,172.99999871555067,2.9999919977890435,0.0066974530131947325,1.3157306477379446E-4,25.08638465046043,173.07930632104453,172.91774228370178,2.8438761064830302,36.42262705287213,24.56045913696289,0.0,1.4026711869519204E-4,3765681.0,,,,,,,,,,,1.6340391662789187
ACT-CLJ0903.4-0136,AGBT21B_298_02,34,0.001,162,207,135.8725,-1.5797,ACT-CLJ0903.4-0136_298_02_s034,163.0,207.0,3.2,2.0,10.0,135.87247584912498,-1.5802119740968734,4.3644001893199694E-4,0.0018045239008719995,162.99999992841356,206.99999996510036,2.9999997403282146,0.0029155259948674883,1.3404727689318805E-4,9.424756353318356,162.94703604566485,207.19805659107865,2.492404839658125,10.51039767710002,8.572978019714355,0.0,1.763424079399556E-4,2148526.5,,,,,,,,,,,1.8451793877801048
ACT-CLJ0904.5+0426,AGBT21B_298_02,37,0.01,236,236,136.0924,4.4857,ACT-CLJ0904.5+0426_298_02_s037,237.0,237.0,3.2,2.0,10.0,136.09257423278603,4.4855598580986,0.0010284447868818619,0.016668453439651915,236.99996198042186,236.9999644433265,2.999839022096976,0.026927935080656114,1.3957338690492847E-4,31.89592871380203,236.60764816585424,236.47183298185593,2.6935551171895242,41.543093264638465,29.82366943359375,0.0,4.830100806429982E-4,267563.46875,,,,,,,,,,,0.8037576751664193
ACT-CLJ0905.6+0434,AGBT21B_298_02,38,0.007,162,279,136.4153,4.6395,ACT-CLJ0905.6+0434_298_02_s038,161.0,279.0,3.2,2.0,10.0,136.41637464209168,4.638913547690242,0.001134504990836768,0.004453356120955003,161.00000330500734,279.0000014883145,2.9999533921336967,0.007194958374178882,1.4204638785541833E-4,6.754586858350731,161.82756217381453,279.3730932347035,2.3916323989585644,6.935846801911301,5.918116092681885,0.0,5.740965134464204E-4,217758.765625,,,,,,,,,,,4.396413309577209
ACT-CLJ0907.8+0057,AGBT21B_298_02,39,0.003,162,162,136.9716,0.9518,ACT-CLJ0907.8+0057_298_02_s039,162.0,162.0,5.120000000000001,2.0,10.0,136.972167969,0.9512657523160044,7.979727989493313E-17,0.004160715754434566,161.99999942935167,162.00000010467525,2.9999904392269956,0.006722326988557249,1.4689719652331918E-4,21.643621727641175,162.24311798491402,162.4919928611791,2.7139736631630837,28.61890663494557,20.652563095092773,0.0,1.6634292842354625E-4,2403636.5,,,,,,,,,,,2.806865275326027
ACT-CLJ0907.9+0254,AGBT21B_298_02,40,0.001,172,172,136.9775,2.9162,ACT-CLJ0907.9+0254_298_02_s040,173.0,172.0,3.2,2.0,10.0,136.9778287235929,2.9153038548858876,1.441454727524515E-4,0.0019204399603389587,172.99999979631812,171.99999997919826,2.999996837758306,0.00310280278844963,1.487468655183438E-4,8.458430214573356,173.072200423891,172.50005915175655,2.7137781698110643,11.182793485267227,8.336390495300293,0.0,1.945969561347738E-4,2162627.0,,,,,,,,,,,3.4355335422154765
ACT-CLJ0913.2+0349,AGBT21B_298_02,43,0.01,237,162,138.2706,3.8234,ACT-CLJ0913.2+0349_298_02_s043,237.0,163.0,3.2,2.0,10.0,138.27115238283855,3.823404770422511,7.272850499958304E-4,0.01664501684940263,236.99999821522366,162.99996979243522,2.999890173310518,0.026890990231122455,1.6287730656998245E-4,42.149693052978236,237.31306402141522,162.6053062665079,2.6658636168571155,53.77521017045195,39.95307922363281,0.0,3.5236310213804245E-4,625948.4375,,,,,,,,,,,1.9842259507197384
ACT-CLJ0914.7+0011,AGBT21B_298_02,44,0.007,236,236,138.6537,0.2327,ACT-CLJ0914.7+0011_298_02_s044,237.0,236.0,3.2,2.0,10.0,138.65381335592681,0.23196218075648795,0.0010216115005271672,0.005216005359297713,236.99999705085406,235.99999697357464,2.9999883950642174,0.00842731104085331,1.6998950166262458E-4,7.578397472542934,236.51396037397782,235.7605968513353,2.4558350684711754,8.20517064833977,7.135047435760498,0.0,6.978611345402896E-4,104593.03125,,,,,,,,,,,2.6873324249380097
ACT-CLJ0916.1-0024,AGBT21B_298_02,47,0.001,162,162,139.0435,-0.4047,ACT-CLJ0916.1-0024_298_02_s047,161.0,162.0,5.120000000000001,2.0,10.0,139.04463821146481,-0.4052386879729378,9.696273857236086E-6,0.0025580194778740406,161.0,162.0,3.0,0.00413293144557337,4.712160915387242E-5,6.97589674766149,161.7198556402037,162.1711925166481,2.885955518899342,10.43016442800133,6.352874755859375,0.0,2.9235356487333775E-4,742184.125,,,,,,,,,,,4.533189820708576
ACT-CLJ0935.0+0053,AGBT21B_298_03,13,0.001,236,236,143.7215,0.9373,ACT-CLJ0935.0+0053_298_03_s013,240.0,235.0,5.120000000000001,2.0,10.0,143.7199665647828,0.9360840157490595,0.0010358684990623927,0.0010385546800826552,240.0000000138235,235.0000000522195,3.000000305561216,0.0016779685247732775,1.1908039475616587E-4,2.602894794715869,240.2897355390338,235.3003446515907,4.515625967946377,9.528057813895291,2.1466586589813232,0.0,2.7094967663288116E-4,870770.875,,,,,,,,,,,7.044857929969939
ACT-CLJ0916.8-0059,AGBT21B_298_03,4,0.007,236,236,139.1803,-0.9534,ACT-CLJ0916.8-0059_298_03_s004,237.0,237.0,3.2,2.0,10.0,139.18044977189103,-0.9535338407203696,0.00102844478688186,0.005546548600452773,236.99999783600936,236.99999687796614,2.999985574540488,0.008961340939461363,1.2272454112860563E-4,20.547054413146043,236.7615541754521,236.8315351347351,2.5620482960779554,24.212299670824155,19.57948875427246,0.0,2.518663532100618E-4,1063361.75,,,,,,,,,,,0.7230043131065714
ACT-CLJ0918.7+0211,AGBT21B_298_03,5,0.003,162,279,139.6891,2.2549,ACT-CLJ0918.7+0211_298_03_s005,162.0,279.0,3.2,2.0,10.0,139.689620972,2.254366791158759,0.0011344635545785249,0.003995689567004992,161.9999998477007,278.99999961737285,2.999998439111442,0.006455734218139572,1.2140091454247073E-4,8.56343525277462,162.44192629832227,278.8008603915299,2.7810384719827446,11.889781046670791,8.419902801513672,0.0,3.9448795723728836E-4,462837.5625,,,,,,,,,,,2.682617613107965
ACT-CLJ0920.4+0134,AGBT21B_298_03,6,0.001,162,162,140.1022,1.5767,ACT-CLJ0920.4+0134_298_03_s006,162.0,162.0,3.2,2.0,10.0,140.102706909,1.5761201381699976,4.510281037539699E-17,0.0015795237260817958,161.9999999340149,161.99999988303307,2.9999989883033473,0.0025519973284301753,1.1974704432281125E-4,14.164847334009922,162.35487390172884,162.18122404487417,2.3543305388163067,14.094790181944282,13.292916297912598,0.0,1.1090686894021928E-4,4847297.5,,,,,,,,,,,2.772162967322979
ACT-CLJ0921.3+0317,AGBT21B_298_03,8,0.01,162,207,140.3386,3.3117,ACT-CLJ0921.3+0317_298_03_s008,162.0,207.0,3.2,2.0,10.0,140.339187622,3.311194800348801,4.3633229587342683E-4,0.01761214422986939,161.9999967271839,206.99999745094752,2.99984251692887,0.028452536595529734,1.2008559472087865E-4,123.70228080387187,162.4081533426244,207.4203663291131,2.6976871787445176,161.61167369219993,117.10980987548828,0.0,1.2356785009615123E-4,4359744.5,,,,,,,,,,,2.787341575115946
ACT-CLJ0922.1+0346,AGBT21B_298_03,10,0.007,237,162,140.4949,3.7713,ACT-CLJ0922.1+0346_298_03_s010,237.0,162.0,5.120000000000001,2.0,10.0,140.49542861030466,3.7707809953398637,7.272204110766921E-4,0.006204469091377516,236.99999958267898,161.9999994041953,2.9999840736259342,0.010024307230829832,1.1856095181675985E-4,28.489083446916297,237.32364418625855,162.39221821024097,2.9350645880905386,44.058088160208804,28.665699005126953,0.0,1.7444661352783442E-4,1812890.625,,,,,,,,,,,2.6641614398569695
ACT-CLJ0922.1-0027,AGBT21B_298_03,11,0.003,236,236,140.4991,-0.4189,ACT-CLJ0922.1-0027_298_03_s011,236.0,237.0,5.120000000000001,2.0,10.0,140.49978136127456,-0.41904408513513847,0.0010216115005270694,0.0041270372546594325,236.00000026806876,236.99999818286636,2.99999560133967,0.006667936728578839,1.1838530636706952E-4,13.430376033470225,236.54351505256045,236.53261476614156,2.8065337658897187,18.990681971059587,12.233370780944824,0.0,2.6400256319902837E-4,787392.0625,,,,,,,,,,,2.50707151078155
ACT-CLJ0930.4+0216,AGBT21B_298_03,12,0.001,162,279,142.6074,2.3426,ACT-CLJ0930.4+0216_298_03_s012,160.0,279.0,3.2,2.0,10.0,142.6090679723641,2.3420809859781393,0.001134629290530223,0.0015452050335824654,159.99999961664267,278.99999933331225,2.9999946778433806,0.002496542293524888,1.1891284495296674E-4,4.3938525059936975,160.09977068684933,278.9035105353294,2.154052109704396,3.659904303984444,3.538550615310669,0.0,3.978554450441152E-4,305312.0625,,,,,,,,,,,6.28400748048921
ACT-CLJ0935.2+0048,AGBT21B_298_03,14,0.01,172,172,143.8059,0.8044,ACT-CLJ0935.2+0048_298_03_s014,173.0,173.0,3.2,2.0,10.0,143.80635776915167,0.8039530132106676,1.5083862077919775E-4,0.018437792414434693,172.99998854369213,172.99998454311938,2.999846829144828,0.02978646238510483,1.181129640243325E-4,140.07340122283114,173.26054684712258,173.1378275228103,2.811575530803436,198.77741073814246,136.73989868164062,0.0,1.1137504043290392E-4,5417699.0,,,,,,,,,,,2.303247435936029
ACT-CLJ0935.3+0233,AGBT21B_298_03,16,0.007,162,207,143.8459,2.574,ACT-CLJ0935.3+0233_298_03_s016,163.0,208.0,3.2,2.0,10.0,143.84589468937875,2.5740339192986115,4.461339496544333E-4,0.005073217166010455,162.99999604177324,207.99999615455386,2.999988047685859,0.00819661142763339,1.191054192591806E-4,43.48766572801573,162.50152716674862,207.56457648953264,2.548141747267741,50.690328785865375,40.580360412597656,0.0,1.1550374620128423E-4,5051476.5,,,,,,,,,,,0.12401469204237354
ACT-CLJ0940.9+0322,AGBT21B_298_03,17,0.003,237,162,145.1948,3.3685,ACT-CLJ0940.9+0322_298_03_s017,237.0,163.0,3.2,2.0,10.0,145.19539806696423,3.3685206004808608,7.272850499953572E-4,0.003946805907193434,237.00000019112935,162.99999840972686,2.9999958653920626,0.006376743188388328,1.1905102940213297E-4,20.84057467618813,237.51521063023995,162.6718378035649,2.647758242504106,26.2287861856656,19.602130889892578,0.0,1.7118417599704117E-4,1913729.5,,,,,,,,,,,2.150600996470298
ACT-CLJ0943.7+0059,AGBT21B_298_03,19,0.001,236,236,145.9088,1.028,ACT-CLJ0943.7+0059_298_03_s019,237.0,234.0,5.120000000000001,2.0,10.0,145.90890344786865,1.0261976715450434,0.0010080857699180947,0.001984698786987348,236.99999994077,234.00000037474123,3.0000004824555697,0.003206631824327031,1.2036912493319858E-4,5.035023907277602,237.13521488981218,235.5963618665334,3.1253149424497924,8.828785362510654,3.887589931488037,0.0,2.9388442635536194E-4,644823.75,,,,,,,,,,,6.499047574912965
ACT-CLJ0951.6-0014,AGBT21B_298_03,21,0.01,162,162,147.9243,-0.2419,ACT-CLJ0951.6-0014_298_03_s021,163.0,162.0,3.2,2.0,10.0,147.92429490345543,-0.24248953162460207,9.69627385710108E-6,0.017916427674958994,162.99995675915542,161.9999980767371,2.999878970063108,0.028944811976217916,1.1971471645435059E-4,138.64964606072917,162.503233997293,162.43723093219532,2.7783198796662045,192.12996479268392,130.97787475585938,0.0,1.1449769954197109E-4,4545570.0,,,,,,,,,,,2.122403967940706
ACT-CLJ0956.1+0158,AGBT21B_298_03,22,0.007,172,172,149.041,1.9839,ACT-CLJ0956.1+0158_298_03_s022,173.0,173.0,3.2,2.0,10.0,149.04130954077357,1.9835735108786845,1.508386207790017E-4,0.005922340468053798,172.99999775173453,172.9999983076112,2.9999824371847907,0.009568473101439882,1.2239894989242615E-4,47.46450543437471,173.0806158148962,173.13249082247586,2.751109790963906,64.49063453708042,46.151546478271484,0.0,1.0792863758979365E-4,4946510.0,,,,,,,,,,,1.6190550028010708
ACT-CLJ0957.6+0234,AGBT21B_298_03,23,0.003,162,207,149.407,2.5983,ACT-CLJ0957.6+0234_298_03_s023,163.0,208.0,3.2,2.0,10.0,149.40702138772915,2.5983254346474687,4.46133949654454E-4,0.0037820800823965203,162.99999858783622,207.9999984233849,2.9999966339895376,0.006110603441916119,1.214280197270693E-4,28.999254572993923,162.65647573361792,207.5342682735476,2.6985139199852286,37.90949549917462,27.367334365844727,0.0,1.2066742056049407E-4,3980635.0,,,,,,,,,,,0.11963843870817613
ACT-CLJ1005.5+0235,AGBT21B_298_03,25,0.001,237,162,151.3435,2.5838,ACT-CLJ1005.5+0235_298_03_s025,238.0,163.0,3.2,2.0,10.0,151.34347700338253,2.5838108597685543,7.369804682173855E-4,0.001269865850978952,237.99999997396293,162.99999998249206,3.000000043514055,0.00205169221924044,1.244552732087641E-4,6.639127733233499,237.73096036835133,162.93889663444986,2.4817756822365666,7.340876520625547,5.687597751617432,0.0,1.8726623966358602E-4,1388458.25,,,,,,,,,,,0.09135976615164387
ACT-CLJ1020.1-0013,AGBT21B_298_03,27,0.01,162,279,155.0293,-0.1563,ACT-CLJ1020.1-0013_298_03_s027,163.0,279.0,3.2,2.0,10.0,155.02926011670627,-0.15686949499283795,0.0011345049908367338,0.015223023298305868,162.99996372806817,279.00000001308473,2.999879969195284,0.02459350985484442,1.290408091846795E-4,35.38713460657589,162.5351423166568,279.35232864483976,2.6257301301667577,43.79831659007011,33.261932373046875,0.0,3.9401056710630655E-4,332871.3125,,,,,,,,,,,2.0552271494935956
ACT-CLJ1020.3-0100,AGBT21B_298_03,28,0.007,162,162,155.0889,-1.0185,ACT-CLJ1020.3-0100_298_03_s028,163.0,163.0,3.2,2.0,10.0,155.0889218956501,-1.0184634520631213,1.3712601992105782E-5,0.005856246551953106,162.99999606649726,162.99999642193384,2.9999920563033093,0.009461748653776188,1.2795740773398156E-4,45.06394803301082,162.49573676704057,162.609792724948,2.6330691118703173,56.08743760095763,42.43436813354492,0.0,1.2457315460778773E-4,3909973.0,,,,,,,,,,,0.15327967977133844
ACT-CLJ1027.8+0004,AGBT21B_298_03,29,0.003,172,172,156.9538,0.0731,ACT-CLJ1027.8+0004_298_03_s029,173.0,173.0,3.2,2.0,10.0,156.9541244798742,0.07273864306586823,1.5083862077910554E-4,0.004539588014657646,172.9999990156885,172.99999966620598,2.9999932203493875,0.007334471617245816,1.286209887590838E-4,30.784744743378734,173.11092590898414,173.3810687190111,2.7204679135818863,40.9010651385506,29.969402313232422,0.0,1.2819719268009067E-4,3903466.25,,,,,,,,,,,1.7483784627567893
ACT-CLJ1029.9+0016,AGBT21B_298_03,31,0.001,162,207,157.474,0.2953,ACT-CLJ1029.9+0016_298_03_s031,162.0,207.0,5.120000000000001,2.0,10.0,157.474594116,0.29478132030578763,4.3633229587319703E-4,0.0013607615837827325,161.9999999939755,206.99999999746797,2.9999999763676897,0.0021985502063547736,4.712160915387242E-5,7.637626736286816,162.0167279810968,207.32996973385244,2.8297924636793073,10.97942120159984,7.4072370529174805,0.0,1.565272395964712E-4,2236631.25,,,,,,,,,,,2.839211637513047
ACT-CLJ1032.1-0249,AGBT21B_298_03,33,0.01,236,236,157.9963,-2.7863,ACT-CLJ1032.1-0249_298_03_s033,237.0,237.0,3.2,2.0,10.0,157.9964310011487,-2.78645426442081,0.0010284447868818985,0.015772926741498612,236.99996793258592,236.99997084459818,2.999872845129939,0.025481783693380874,1.3801495078885774E-4,36.68731277314775,236.77970679778792,236.5891286893701,2.4671154793615173,40.08729053471389,35.11662673950195,0.0,4.1222822619602084E-4,430304.0,,,,,,,,,,,0.7283713903568185
ACT-CLJ1035.1-0248,AGBT21B_298_04,9,0.003,162,162,158.7841,-2.8031,ACT-CLJ1035.1-0248_298_04_s009,162.0,162.0,3.2,2.0,10.0,158.784683228,-2.803636550899995,8.326672684688674E-17,0.004060961027528147,161.99999960646272,161.99999988944018,2.99998661818249,0.006561139954062221,1.2634099401611173E-4,30.31054425356307,162.35440219728363,162.4404113529374,2.520132970017706,34.55830966271992,28.11337661743164,0.0,1.2372848868835717E-4,3883289.5,,,,,,,,,,,2.8508523429320975
ACT-CLJ1035.4-0001,AGBT21B_298_04,10,0.001,172,172,158.8553,-0.0254,ACT-CLJ1035.4-0001_298_04_s010,173.0,173.0,5.120000000000001,2.0,10.0,158.8555832241839,-0.025703974177977283,1.5083862077913825E-4,0.001721567644399634,172.9999998091016,172.9999998009147,2.9999980349490896,0.0027814923982077125,1.251178642157085E-4,13.340534276997799,172.98974116819585,173.11602575260358,2.6297488917317637,16.562032388294835,12.921937942504883,0.0,1.161857508122921E-4,4882801.5,,,,,,,,,,,1.4956967179415126
ACT-CLJ1107.4+0121,AGBT21B_298_04,13,0.01,237,162,166.8206,1.3571,ACT-CLJ1107.4+0121_298_04_s013,237.0,162.0,3.2,2.0,10.0,166.82111462695383,1.356581329149188,7.272204110765452E-4,0.01714975017452815,236.99999861367974,161.99999965167117,2.9998114193535335,0.027704961501325787,1.233103729166728E-4,76.28967428427812,237.31113978217445,162.4189629600863,2.646613960740462,95.93096293093691,72.96258544921875,0.0,1.9225856522098184E-4,1765725.75,,,,,,,,,,,2.630026426090683
ACT-CLJ1110.2-0030,AGBT21B_298_04,14,0.007,236,236,167.5339,-0.4623,ACT-CLJ1110.2-0030_298_04_s014,236.0,237.0,3.2,2.0,10.0,167.53463219578407,-0.4624323512574416,0.0010216115005270716,0.004882362460371015,236.0000002063208,236.99999700361946,2.9999926448724805,0.007888278636005155,1.25007832982653E-4,17.06377110773036,236.58545231413174,236.5265592930099,2.6568079190353373,21.622563245090145,16.21210289001465,0.0,2.590916701592505E-4,954163.875,,,,,,,,,,,2.6785353067725532
ACT-CLJ1110.3+0143,AGBT21B_298_04,15,0.003,162,279,167.5972,1.7937,ACT-CLJ1110.3+0143_298_04_s015,164.0,278.0,3.2,2.0,10.0,167.59660563052,1.792618270461492,0.0011249344575964637,0.0037988950918047826,163.9999974289287,278.0000011204018,2.9999927752603046,0.006137755203800121,1.224220604007974E-4,8.984747187611458,163.31578787724823,278.58680106770424,2.3982670465742992,9.277111719707957,8.048910140991211,0.0,3.9026018930599093E-4,454056.59375,,,,,,,,,,,4.4427912313533495
ACT-CLJ1110.8+0216,AGBT21B_298_04,16,0.001,162,162,167.7224,2.2845,ACT-CLJ1110.8+0216_298_04_s016,162.0,162.0,5.120000000000001,2.0,10.0,167.722991943,2.2839052677200016,2.7755575615628914E-17,0.002059195504112861,161.99999997314325,162.0000000415523,2.999999711481658,0.0033269927333176197,1.2473937806212418E-4,12.730916045548893,162.37469822114616,162.40648771076627,3.506790276274526,28.105485160546387,12.937647819519043,0.0,1.1539094703039154E-4,4063741.5,,,,,,,,,,,3.0192992209110567
ACT-CLJ1111.1+0044,AGBT21B_298_04,17,0.03,172,172,167.7944,0.7552,ACT-CLJ1111.1+0044_298_04_s017,177.0,171.0,8.192000000000002,2.0,10.0,167.79250823033982,0.7537808983351754,1.6961551763116495E-4,3.742919957843401E-4,176.99999994753236,171.00000001804565,3.00000003402113,6.047347206185226E-4,1.2465208212540806E-4,3.53074758327115,174.02895846047298,172.36442912482545,3.492656286333056,7.731970935796692,1.649039626121521,0.0,1.2267124839127064E-4,4411815.0,,,,,,,,,,,8.513145316798646
ACT-CLJ1112.8+0229,AGBT21B_298_04,19,0.01,162,207,168.2042,2.5222,ACT-CLJ1112.8+0229_298_04_s019,162.0,208.0,3.2,2.0,10.0,168.204772949,2.5221516524296703,4.460285678430343E-4,0.016714984372984333,161.99999972040953,207.99996240388893,2.999857511468007,0.027003438804831865,1.267417081347387E-4,115.5668127725353,162.46836029836015,207.5371566843168,2.632365691391833,143.75978835265047,108.51063537597656,0.0,1.32077417219989E-4,3786108.25,,,,,,,,,,,2.0679885036379795
ACT-CLJ1116.7+0218,AGBT21B_298_04,20,0.007,237,162,169.1556,2.3049,ACT-CLJ1116.7+0218_298_04_s020,238.0,162.0,3.2,2.0,10.0,169.15558907227214,2.3043600021053154,7.369166797367966E-4,0.0055327770534197235,237.99999704616337,161.99999984310404,2.999993423633288,0.008939137567406646,1.2829815978949123E-4,24.21477036144488,237.47082222366933,162.37570984717223,2.632392267203711,30.122666431011503,22.714954376220703,0.0,2.0673591643571854E-4,1448316.125,,,,,,,,,,,1.9441412740516077
ACT-CLJ1116.9-0036,AGBT21B_298_04,21,0.003,236,236,169.1893,-0.5713,ACT-CLJ1116.9-0036_298_04_s021,237.0,237.0,3.2,2.0,10.0,169.18931882712226,-0.5714633407805009,0.0010284447868821236,0.0036853608313704286,236.99999952074668,236.99999968466105,3.000000394238623,0.005954351717487132,1.329283915163814E-4,12.162737556637707,236.51188370483354,236.71743950224044,2.566851354929617,14.38615118693384,11.099116325378418,0.0,2.85400717984885E-4,752637.5,,,,,,,,,,,0.5918132451994267
ACT-CLJ1125.7+0010,AGBT21B_298_04,32,0.007,162,207,171.4308,0.2038,ACT-CLJ1125.7+0010_298_04_s032,163.0,207.0,3.2,2.0,10.0,171.43081040798901,0.2032307167872688,4.364400189319735E-4,0.005800085342253171,162.99999602392197,206.9999994578451,2.9999833727558416,0.009370956549667584,1.5977514586635797E-4,13.741193070485068,162.60428813290955,207.3310182103413,2.5594292507517116,16.159300038496852,12.912984848022461,0.0,3.934621927328408E-4,2961542.5,,,,,,,,,,,2.0497361299234047
ACT-CLJ1131.6-0107,AGBT21B_298_04,37,0.01,162,162,172.9121,-1.1229,ACT-CLJ1131.6-0107_298_04_s037,162.0,162.0,3.2,2.0,10.0,172.912628174,-1.1234575510000013,2.42861286636753E-17,0.01573702789966152,161.9999970798221,161.99999891640516,2.9998576060044577,0.025423529400898995,1.7402783248657123E-4,31.00292611783641,162.427955298456,162.45660225818014,2.3944005725043005,31.908629089772123,27.346921920776367,0.0,4.916799371130764E-4,2158664.5,,,,,,,,,,,2.764540988732774
ACT-CLJ1134.0+0116,AGBT21B_298_04,38,0.007,172,172,173.5068,1.2855,ACT-CLJ1134.0+0116_298_04_s038,173.0,174.0,5.120000000000001,2.0,10.0,173.50717775474246,1.2857607594832858,1.5784390125744203E-4,0.008028038867582233,172.99999856923787,173.99999690861767,2.9999982539747165,0.012970697036442384,2.1985413615764195E-4,10.48070939421162,172.9839844998971,173.69504602592974,3.4477454646306334,22.36520667996229,11.011027336120605,0.0,5.620447918772697E-4,1969611.5,,,,,,,,,,,1.6520684322446717
ACT-CLJ1144.0+0440,AGBT21B_298_05,7,0.01,162,279,176.0266,4.7434,ACT-CLJ1144.0+0440_298_05_s007,162.0,279.0,3.2,2.0,10.0,176.027191162,4.742816364678788,0.0011344635545790104,0.014373558076183363,161.9999902167952,279.00000435589084,2.9998733022582345,0.023221055637212707,1.19774731385027E-4,32.72673197749968,162.38181592997924,279.14247257711435,2.739257273368521,44.08391250244498,30.509519577026367,0.0,3.668605349957943E-4,273444.34375,,,,,,,,,,,2.9856706702564706
ACT-CLJ1144.2+0227,AGBT21B_298_05,8,0.007,162,162,176.0558,2.4617,ACT-CLJ1144.2+0227_298_05_s008,163.0,162.0,3.2,2.0,10.0,176.05580989851174,2.4611120222842433,9.696273856848387E-6,0.006175971171481354,162.99999511969207,161.99999951830327,2.9999845469421755,0.009978267454520157,1.2081506119491878E-4,48.9925727332961,162.56491740734037,162.37611995595202,2.754775465094884,66.74434936037795,46.89705276489258,0.0,1.1151953367516398E-4,4758156.0,,,,,,,,,,,2.1168845906170985
ACT-CLJ1145.1-0100,AGBT21B_298_05,9,0.003,172,172,176.2832,-0.9996,ACT-CLJ1145.1-0100_298_05_s009,173.0,173.0,5.120000000000001,2.0,10.0,176.28354555096934,-0.9999655766056463,1.5083862077879993E-4,0.0046288799534549025,172.999999443859,172.999998875929,2.9999932814906387,0.0074787381393381334,1.2029519071257178E-4,35.029352851956695,173.2427237537054,173.06885332249996,2.905125047902842,53.07299799267244,34.625205993652344,0.0,1.0876343003474176E-4,4755421.0,,,,,,,,,,,1.81084052371968
ACT-CLJ1148.0-0234,AGBT21B_298_05,10,0.001,162,207,177.0255,-2.5523,ACT-CLJ1148.0-0234_298_05_s010,162.0,207.0,5.120000000000001,2.0,10.0,177.026077271,-2.552878953011202,4.363322958733714E-4,0.0019699004042195156,161.99999999492138,207.0000000053551,2.9999999392894097,0.003182721267821426,4.712160915387242E-5,14.018341049971255,162.38567530451405,207.5929291717685,2.856096058994885,20.5283520318669,13.647892951965332,0.0,1.1974232620559633E-4,4396685.0,,,,,,,,,,,2.9418736608563383
ACT-CLJ1152.2+0031,AGBT21B_298_05,11,0.03,237,162,178.0157,0.5217,ACT-CLJ1152.2+0031_298_05_s011,241.0,160.0,8.192000000000002,2.0,10.0,178.01403167389378,0.5200219803306955,7.662509207030954E-4,7.864011985986347E-4,240.99999999697513,160.00000000253894,3.0000001080406244,0.0012705698704547528,1.2000123360291588E-4,2.531680581799723,240.7397161438416,160.34606430803612,5.440741780573283,13.45355271752562,1.5891138315200806,0.0,2.0798941841349006E-4,1241302.625,,,,,,,,,,,8.518329228575027
ACT-CLJ1152.5+0356,AGBT21B_298_05,12,0.01,236,236,178.1045,3.9826,ACT-CLJ1152.5+0356_298_05_s012,237.0,237.0,3.2,2.0,10.0,178.10480842246605,3.982512048736767,0.0010284447868818796,0.016108783518805944,236.99998167538985,236.999967645116,2.9998849229594264,0.026024583085084634,1.2038390162016894E-4,51.80629257014427,236.917531737699,236.57388601937532,2.72546216004723,69.08355409509247,48.44748306274414,0.0,2.8164347168058157E-4,642277.3125,,,,,,,,,,,1.1519795399446502
ACT-CLJ1153.4+0259,AGBT21B_298_05,14,0.007,162,279,178.3722,3.05,ACT-CLJ1153.4+0259_298_05_s014,162.0,279.0,5.120000000000001,2.0,10.0,178.372772217,3.0494093059687657,0.0011344635545786495,0.006751361764393447,161.99999909327363,278.9999999490359,2.999994617945274,0.010907976057752644,1.2087213394333494E-4,13.560288869600296,162.25205380330678,279.3855195205922,2.9269988735581354,20.855754063320934,12.52137279510498,0.0,4.1072856402024627E-4,262352.5,,,,,,,,,,,2.958509289433127
ACT-CLJ1154.2+0221,AGBT21B_298_05,15,0.003,162,162,178.568,2.3577,ACT-CLJ1154.2+0221_298_05_s015,163.0,163.0,3.2,2.0,10.0,178.56797119572192,2.3577454491781085,1.3712601992403196E-5,0.003940208654066819,162.99999811942112,162.9999982902247,2.999995245124027,0.006366081559790811,1.2110847554039202E-4,33.531227599497775,162.53588286655838,162.61081444761928,2.5692180140371987,39.73408489615516,30.79815101623535,0.0,1.14363559987396E-4,4937412.0,,,,,,,,,,,0.1933293973508194
ACT-CLJ1158.3+0228,AGBT21B_298_05,16,0.001,172,172,179.5926,2.4744,ACT-CLJ1158.3+0228_298_05_s016,173.0,173.0,3.2,2.0,10.0,179.59295850422674,2.474036407284651,1.508386207791017E-4,0.001774445691935565,172.9999997656065,172.99999988723607,2.9999976868959366,0.002866925429256631,1.2192796504471031E-4,13.833590749144674,173.09712220820413,173.30564633493242,2.6212008145052357,17.062684361517636,12.92041015625,0.0,1.1559475387912244E-4,4630187.0,,,,,,,,,,,1.8374713322232599
ACT-CLJ1200.9-0125,AGBT21B_298_05,18,0.01,237,162,180.1904,-1.4345,ACT-CLJ1200.9-0125_298_05_s018,237.0,163.0,3.2,2.0,10.0,180.19090999994327,-1.4344547366662976,7.272850499953754E-4,0.016737846451833994,237.0000011945926,162.99996394875896,2.999886084677943,0.02704088812883811,1.205799311768686E-4,78.34080205429797,237.40024674629018,162.57667396624964,2.6880747386855277,101.6207832064337,74.20024108886719,0.0,1.8960103625431657E-4,1442654.75,,,,,,,,,,,1.8426367498665095
ACT-CLJ1202.8-0230,AGBT21B_298_05,20,0.007,236,236,180.6762,-2.4642,ACT-CLJ1202.8-0230_298_05_s020,237.0,236.0,3.2,2.0,10.0,180.6763276016243,-2.4648437004707455,0.0010216115005273478,0.005196850817884863,236.99999737340752,235.99999909369285,2.9999750355153965,0.008396288960472127,1.19848442633534E-4,16.54944243443923,236.74529949993823,236.28395535098204,2.445925598871607,17.773857598719683,15.652145385742188,0.0,2.904125431086868E-4,759039.875,,,,,,,,,,,2.36226071261894
ACT-CLJ1203.9+0126,AGBT21B_298_05,21,0.003,162,279,180.9881,1.5019,ACT-CLJ1203.9+0126_298_05_s021,163.0,279.0,3.2,2.0,10.0,180.98813749101214,1.501323139508199,0.0011345049908367854,0.003589674439577071,162.99999794525496,279.0000002112626,2.9999838363282825,0.0057996894203797104,1.2285249768250787E-4,10.666111194532553,162.890900780421,279.38808959655415,2.3067100949363453,10.188353016568236,9.45842456817627,0.0,3.379171248525381E-4,589267.875,,,,,,,,,,,2.080923901708782
ACT-CLJ1205.3-0245,AGBT21B_298_05,22,0.001,162,162,181.3459,-2.7523,ACT-CLJ1205.3-0245_298_05_s022,163.0,162.0,3.2,2.0,10.0,181.34592512558532,-2.7528352736104957,9.696273857235093E-6,0.0018170704063382582,162.99999968362332,161.99999998835756,2.9999991538491777,0.0029357959350334514,1.249531515614837E-4,13.148242735174337,162.74950983177087,162.4423624863558,2.6754721012385447,16.895864252230208,12.39487075805664,0.0,1.2455722026061267E-4,4396603.0,,,,,,,,,,,1.9290154144782776
ACT-CLJ1208.3+0254,AGBT21B_298_05,24,0.01,162,207,182.088,2.9392,ACT-CLJ1208.3+0254_298_05_s024,162.0,207.0,3.2,2.0,10.0,182.088546753,2.9387189378488188,4.3633229587372526E-4,0.017422855647801265,161.99999821198168,206.9999952841249,2.999829590300069,0.028146497053515095,1.1976877102637366E-4,105.79773047776777,162.40179557903787,207.3850314353169,2.7019708431831253,138.65946273119624,101.13661193847656,0.0,1.419615582562983E-4,4434876.5,,,,,,,,,,,2.6196057818357836
ACT-CLJ1210.2+0223,AGBT21B_298_05,26,0.007,237,162,182.5338,2.3901,ACT-CLJ1210.2+0223_298_05_s026,238.0,162.0,5.120000000000001,2.0,10.0,182.53380610197652,2.3895233338126625,7.369166797369026E-4,0.006135977951176937,237.99999695542436,161.99999928310035,2.99999541030313,0.009913723819539146,1.247657540864411E-4,27.408355706431028,237.53498839804774,162.36111060433018,2.768025627041057,37.69945224797005,25.528526306152344,0.0,1.9776356930378824E-4,1369405.5,,,,,,,,,,,2.076122530578555
ACT-CLJ1210.2+0321,AGBT21B_298_05,27,0.003,236,236,182.5154,3.4041,ACT-CLJ1210.2+0321_298_05_s027,238.0,236.0,5.120000000000001,2.0,10.0,182.51503046895522,3.4033707599294925,0.0010285362000692364,0.0023115381688120443,237.99999980754743,235.999999903504,3.0000001890801915,0.003734697906877941,1.2362144133076455E-4,5.844895954271279,237.2130024367803,235.6068481139899,2.500306802196039,6.55956793848603,4.810932159423828,0.0,4.146756255067885E-4,302619.5,,,,,,,,,,,2.9418350004121416
ACT-CLJ1218.5+0233,AGBT21B_298_05,28,0.001,162,279,184.6269,2.6187,ACT-CLJ1218.5+0233_298_05_s028,165.0,279.0,5.120000000000001,2.0,10.0,184.62581877585365,2.618108664750334,0.0011348364264313193,0.001918299654174815,164.9999993817781,278.9999997195087,2.9999874724142384,0.003099325402851861,1.2375470762384354E-4,4.377108704922458,164.44535973481905,279.2721506057437,3.38196036708341,8.987444160313562,4.482451438903809,0.0,3.2347749220207334E-4,447256.0,,,,,,,,,,,4.4329957654461305
ACT-CLJ1222.4-0127,AGBT21B_298_05,30,0.01,172,172,185.6036,-1.4478,ACT-CLJ1222.4-0127_298_05_s030,173.0,173.0,3.2,2.0,10.0,185.60393332321658,-1.448186184674952,1.508386207789477E-4,0.018200200722130282,172.99998168217238,172.99998042615334,2.9998457610765463,0.02940260937926624,1.2452925535172489E-4,135.5799556835141,173.10666925114802,173.07153647526508,2.709781274433434,178.72109115166072,133.67205810546875,0.0,1.1732529674191028E-4,4619574.5,,,,,,,,,,,1.8361444944415357
ACT-CLJ1222.6-0214,AGBT21B_298_05,31,0.007,162,207,185.6542,-2.2224,ACT-CLJ1222.6-0214_298_05_s031,162.0,207.0,3.2,2.0,10.0,185.654800415,-2.222923613571197,4.363322958734616E-4,0.005819417234745096,161.9999998838795,206.99999973224126,2.999978595540026,0.009402160339642335,1.249415853153739E-4,37.1389226967363,162.40754149382064,207.43393658281556,2.666118230392638,47.39144555152985,34.97848892211914,0.0,1.3637906522490084E-4,3612325.75,,,,,,,,,,,2.8668738395088487
ACT-CLJ1245.0+0231,AGBT21B_298_06,15,0.01,162,162,191.2566,2.5256,ACT-CLJ1245.0+0231_298_06_s015,162.0,162.0,3.2,2.0,10.0,191.257034302,2.525146245960002,3.469446951953614E-17,0.018786560103303637,161.9999846059377,161.99999138267202,2.999852837468465,0.030350022109318045,2.224131165090005E-4,23.35713913772224,162.11575026489595,162.23905378584152,2.9036031543529934,35.351350700573654,23.163497924804688,0.0,6.631226278841496E-4,2358691.0,,,,,,,,,,,2.260001040355693
ACT-CLJ1249.7+0145,AGBT21B_298_06,17,0.007,172,172,192.4232,1.7595,ACT-CLJ1249.7+0145_298_06_s017,173.0,173.0,5.120000000000001,2.0,10.0,192.42351247216718,1.7591847935463967,1.5083862077907556E-4,0.00812301749463972,172.99999811753324,172.999997200371,2.9999924885028304,0.013124101129971725,1.7768261057595598E-4,3.2438725707594487,160.075156883523,155.08342850622725,19.81380648430171,228.61854929487023,13.167435646057129,0.0,4.7339225420728326E-4,2960791.0,,,,,,,,,,,1.597519077227536
ACT-CLJ1258.8+0059,AGBT21B_298_06,23,0.01,162,279,194.7145,1.0613,ACT-CLJ1258.8+0059_298_06_s023,162.0,279.0,3.2,2.0,10.0,194.715011597,1.0607489108187735,0.0011344635545787816,0.015629878306312642,161.9999976350154,278.9999934480243,2.9998389828482623,0.02525011326704498,1.3465956606731265E-4,15.34598797648507,162.43119724018877,279.1080865570372,2.509569494930116,17.350226629853545,13.761384963989258,0.0,9.359075920656323E-4,233291.203125,,,,,,,,,,,2.7069135608427897
ACT-CLJ1301.2+0218,AGBT21B_298_06,24,0.007,162,162,195.3042,2.3124,ACT-CLJ1301.2+0218_298_06_s024,162.0,162.0,5.120000000000001,2.0,10.0,195.304718018,2.311822175979998,4.1633363423443376E-17,0.006394257148602851,161.9999984059543,161.99999929970684,2.9999888081985127,0.010330972649793182,2.174493571436453E-4,8.087696762291529,162.0679121540179,162.2498032499403,2.859717313121155,11.873613661691303,7.885434627532959,0.0,6.593868019990623E-4,2121741.0,,,,,,,,,,,2.792971555409015
ACT-CLJ1311.5-0119,AGBT21B_298_06,25,0.003,172,172,197.8729,-1.3271,ACT-CLJ1311.5-0119_298_06_s025,172.0,172.0,8.192000000000002,2.0,10.0,197.8738222237435,-1.328001090153425,1.3712601907081248E-4,0.005570640401821359,172.0000022069998,172.00000024404864,2.999996946023837,0.009000333348990978,2.1269888854959495E-4,1.8929737049598634,189.40061032543372,159.43791156359606,20.35608542709007,140.81371484219585,5.666466236114502,0.0,6.691665621474385E-4,2274484.25,,,,,,,,,,,4.640976903117765
ACT-CLJ1325.0+0209,AGBT21B_298_06,30,0.01,236,236,201.212,2.1926,ACT-CLJ1325.0+0209_298_06_s030,236.0,236.0,5.120000000000001,2.0,10.0,201.21267350005286,2.1919303189684283,0.001014732199200337,0.015363722299962123,235.9999911930483,236.00001395678868,2.9998196606452057,0.024819817738869793,1.451027487743949E-4,15.981978853596413,236.03768758601643,236.68431644456987,2.828079578287667,22.946985870984925,15.511446952819824,0.0,7.76749337092042E-4,346185.75,,,,,,,,,,,3.4179665219910045
ACT-CLJ0914.7+0011,AGBT21B_298_07,12,0.007,162,279,138.6919,0.2512,ACT-CLJ0914.7+0011_298_07_s012,162.0,279.0,3.2,2.0,10.0,138.692443848,0.2505958586077668,0.0011344635545786647,0.004504503270847957,161.99999817335285,278.99999623157163,2.9999482112617097,0.007277567907847103,1.3086581791239558E-4,13.327009375408581,162.31950909406177,278.8575730893234,2.351404589382481,13.228154884218005,12.726826667785645,0.0,3.3083889866247773E-4,571691.625,,,,,,,,,,,2.9262936801896124
ACT-CLJ0915.9-0132,AGBT21B_298_07,13,0.003,162,162,138.9859,-1.5511,ACT-CLJ0915.9-0132_298_07_s013,162.0,163.0,5.120000000000001,2.0,10.0,138.986495972,-1.55109651829099,9.696273857012745E-6,0.0041686459940150945,161.99999958614166,162.99999830528412,2.9999947286397446,0.006735158866973089,1.3032654089654354E-4,28.561537378866696,162.29386103439592,162.73481418764845,2.7742892002976407,39.463617040605705,27.481767654418945,0.0,1.2706912821158767E-4,3706699.0,,,,,,,,,,,2.1447500060402356
ACT-CLJ0916.1-0024,AGBT21B_298_07,14,0.001,172,172,139.0332,-0.4013,ACT-CLJ0916.1-0024_298_07_s014,174.0,172.0,5.120000000000001,2.0,10.0,139.0329602439891,-0.4021831570148078,1.5146063833948245E-4,0.0017516739971453225,173.99999952759666,172.00000022319404,2.9999982091040507,0.002830134783686501,1.2817916179114406E-4,12.530612796427329,173.39930154215924,172.83498829317483,2.7839026132162883,17.433806950223055,11.392126083374023,0.0,1.230525376740843E-4,3761640.25,,,,,,,,,,,3.2943901818436476
ACT-CLJ0916.7+0155,AGBT21B_298_07,15,0.03,162,207,139.1964,1.9486,ACT-CLJ0916.7+0155_298_07_s015,167.0,206.0,8.192000000000002,2.0,10.0,139.19419632503588,1.9474775595136342,4.2938181076532906E-4,5.636569113159393E-4,166.99999998524567,205.999999991526,3.000000037761618,9.106871359219193E-4,1.303041483680425E-4,2.6083518234687086,165.49977291182634,206.22644501205937,5.74039099275177,15.429823697949505,2.9873390197753906,0.0,1.4104627189226449E-4,3005840.5,,,,,,,,,,,8.899040720693758
ACT-CLJ1020.1-0013,AGBT21B_298_07,17,0.01,237,162,154.9834,-0.2252,ACT-CLJ1020.1-0013_298_07_s017,237.0,163.0,3.2,2.0,10.0,154.98395252481112,-0.2252037420952367,7.272850499954164E-4,0.01677708124410986,237.00000068355982,162.99996179835395,2.9998803588938516,0.02710417057285469,1.3144069868585944E-4,68.0028079719039,237.45839685392696,162.5636196304949,2.6751590902782856,87.36508821661238,64.10247802734375,0.0,2.2333255037665367E-4,1166710.5,,,,,,,,,,,1.9891196375595879
ACT-CLJ0913.2+0349,AGBT21B_298_08,8,0.007,236,236,138.2735,3.8618,ACT-CLJ0913.2+0349_298_08_s008,236.0,238.0,5.120000000000001,2.0,10.0,138.2742250145385,3.86222091469881,0.0010285362000689556,0.004621722653016058,236.00000059027715,237.99999663049852,2.999976512701419,0.0074670908335060645,1.6193296870368882E-4,6.957316690324581,236.43983395667655,238.02415957119058,3.58993546509694,16.096331235369497,7.321353435516357,0.0,4.771134990733117E-4,218997.53125,,,,,,,,,,,3.012983282334052
ACT-CLJ1020.3-0100,AGBT21B_298_08,9,0.003,162,279,155.0903,-0.9537,ACT-CLJ1020.3-0100_298_08_s009,163.0,277.0,5.120000000000001,2.0,10.0,155.09029519753278,-0.9553888278386249,0.001115113188262047,0.003685653394613486,163.00000037346356,276.9999994122408,2.9999977551570143,0.005954813928270389,1.6551983612175792E-4,4.935181528557122,162.55597607457955,279.2795018356101,2.776680269756617,6.830723806745697,3.9034042358398438,0.0,6.794237997382879E-4,98455.0390625,,,,,,,,,,,6.079783164859442
ACT-CLJ1031.2+0031,AGBT21B_298_08,10,0.001,162,162,157.8117,0.5285,ACT-CLJ1031.2+0031_298_08_s010,163.0,162.0,3.2,2.0,10.0,157.81170027985118,0.5278814434761832,9.696273856984494E-6,0.0022624669401999737,162.99999926705837,161.99999954082693,2.999992762554949,0.0036553965778030923,1.6663437117963795E-4,9.610548740927914,162.83538104105438,161.95930991732098,2.7804074131163525,13.337575970578994,9.643917083740234,0.0,2.0361083443276584E-4,1312451.5,,,,,,,,,,,2.2268775280075994
ACT-CLJ1035.1+0249,AGBT21B_298_08,12,0.01,162,207,158.7902,2.8575,ACT-CLJ1035.1+0249_298_08_s012,162.0,207.0,3.2,2.0,10.0,158.790542603,2.856847666708802,4.3633229587344765E-4,0.017482590775601378,161.9999885071795,207.0000044706112,2.9998596676251106,0.028243565070548537,1.7005879828643815E-4,66.01895504510921,162.20585231594274,207.48239315121597,2.679409466106854,85.08610938982072,62.76005935668945,0.0,2.275730948895216E-4,1157226.0,,,,,,,,,,,2.652111570988433
ACT-CLJ1036.9+0154,AGBT21B_298_08,15,0.007,237,162,159.1996,1.9059,ACT-CLJ1036.9+0154_298_08_s015,237.0,162.0,3.2,2.0,10.0,159.2001163193081,1.9053818907739182,7.272204110766025E-4,0.005596920049394304,236.99999960441713,161.99999973812237,2.9999854323975637,0.009042723256141765,1.6833037685266177E-4,14.80927754487596,237.27600396625817,162.47356656826358,2.6744736544609333,19.01613998499875,14.173253059387207,0.0,3.3056235406547785E-4,546467.25,,,,,,,,,,,2.6325074491515204
ACT-CLJ1118.7+0039,AGBT21B_298_08,25,0.01,172,172,169.6905,0.6608,ACT-CLJ1118.7+0039_298_08_s025,173.0,173.0,3.2,2.0,10.0,169.6908489317992,0.6604323607791467,1.5083862077896413E-4,0.018360474914074085,172.99998107934132,172.99998248718418,2.9998453763515296,0.029661526358406264,1.6687690917976353E-4,80.83506451828876,173.04172023793888,173.06729567714336,2.7174416468196068,107.15984785604903,79.77117156982422,0.0,1.976026687771082E-4,1672977.125,,,,,,,,,,,1.824604259734192
ACT-CLJ1118.9-0041,AGBT21B_298_08,26,0.007,162,207,169.7384,-0.6754,ACT-CLJ1118.9-0041_298_08_s026,162.0,207.0,3.2,2.0,10.0,169.738983154,-0.6759242186822121,4.3633229587319963E-4,0.005512395593578209,161.999999633422,206.99999991039817,2.999986575522251,0.008906167209642097,1.6651600942564943E-4,22.14034749655769,162.31563593078528,207.4013605297571,2.691663154695445,28.796366825435843,21.027067184448242,0.0,2.1173869026824832E-4,1234676.0,,,,,,,,,,,2.8227464980753987
ACT-CLJ1125.7+0010,AGBT21B_298_08,27,0.003,237,162,171.3943,0.1734,ACT-CLJ1125.7+0010_298_08_s027,237.0,162.0,3.2,2.0,10.0,171.39488710518532,0.17279411753581303,7.272204110764459E-4,0.0037900834065868107,236.99999979376585,161.99999992316907,2.9999993368475004,0.006123545228161696,1.6459309257987214E-4,11.847731027594662,237.04607618121082,162.35862427987666,2.4155159532595967,12.409859122114963,11.143411636352539,0.0,3.003101737704128E-4,731095.375,,,,,,,,,,,3.037219523543755
ACT-CLJ1127.5+0003,AGBT21B_298_08,28,0.001,236,236,171.8546,0.1034,ACT-CLJ1127.5+0003_298_08_s028,236.0,236.0,3.2,2.0,10.0,171.85528166152503,0.10267174294755055,0.0010147321992002346,0.0023904318658005104,235.99999999417037,236.00000001553352,2.9999998408230164,0.003862163702712171,1.6228341198487885E-4,5.0288918132929235,236.46143463386753,235.93022945304892,2.6746266799154994,6.458185016599409,4.623488426208496,0.0,4.156782815698534E-4,359445.09375,,,,,,,,,,,3.591022015641802
ACT-CLJ1129.8+0256,AGBT21B_298_08,31,0.01,162,162,172.4647,2.9367,ACT-CLJ1129.8+0256_298_08_s031,163.0,163.0,3.2,2.0,10.0,172.46491307394234,2.936586658560837,1.3712601992423887E-5,0.01750914579841554,162.9999766721296,162.9999688823714,2.9999023688733475,0.028287270666061803,1.6278344009246833E-4,83.78989699924428,162.7846511453402,162.52986010625753,2.7837536182708833,116.56417403666688,80.36954498291016,0.0,1.8576913862489164E-4,1628586.625,,,,,,,,,,,0.8681270599603443
ACT-CLJ1131.6-0107,AGBT21B_298_08,32,0.007,172,172,172.9097,-1.1213,ACT-CLJ1131.6-0107_298_08_s032,173.0,173.0,3.2,2.0,10.0,172.91001015465173,-1.1216273581833893,1.508386207788007E-4,0.006151885004794577,172.99999827870388,172.9999985531743,2.999984734032869,0.009939353646465017,1.6275159997529385E-4,27.98291046708656,173.0962048162816,173.18896296192332,2.632285271028335,34.807323958226156,27.511205673217773,0.0,1.955436891876161E-4,1697018.0,,,,,,,,,,,1.6233332826214997
ACT-CLJ1134.0+0116,AGBT21B_298_08,33,0.003,162,207,173.5155,1.3004,ACT-CLJ1134.0+0116_298_08_s033,162.0,208.0,5.120000000000001,2.0,10.0,173.516098022,1.300416890229684,4.460285678432667E-4,0.0037687536939992944,162.00000009350168,207.99999774933485,2.999982039320984,0.006089013115081927,1.6301493565151358E-4,15.036483218563365,162.5736897220004,207.59745059085049,2.6322389107894115,18.702890382312145,14.387207984924316,0.0,2.275683800689876E-4,1093255.25,,,,,,,,,,,2.1531815417131632
ACT-CLJ1136.9+0006,AGBT21B_298_08,34,0.001,237,162,174.1929,0.0964,ACT-CLJ1136.9+0006_298_08_s034,237.0,162.0,3.2,2.0,10.0,174.193440703366,0.0958496227729665,7.272204110766936E-4,0.002089738929571336,236.9999999326951,161.99999987402316,2.9999994081219876,0.0033763403296320684,1.6573496095171947E-4,6.577316213410431,237.20162964902005,162.17802317876354,2.3576271367185333,6.563127028556387,5.718388080596924,0.0,3.102831542491913E-4,631357.875,,,,,,,,,,,2.7775453954434353
ACT-CLJ1139.3+0154,AGBT21B_298_08,37,0.01,162,279,174.8338,1.9658,ACT-CLJ1139.3+0154_298_08_s037,162.0,279.0,3.2,2.0,10.0,174.834396362,1.9652738927987912,0.0011344635545790936,0.013261292275931643,161.99999898076618,278.9999969804157,2.9998673844710866,0.021424061404383844,1.669113327476332E-4,14.955842727869257,162.1945196136917,278.9181985377014,2.5173763730610523,17.014494007926245,14.199922561645508,0.0,7.713552331551909E-4,89388.34375,,,,,,,,,,,2.8620960418083183
ACT-CLJ1145.1-0100,AGBT21B_298_08,38,0.007,162,162,176.2898,-1.0089,ACT-CLJ1145.1-0100_298_08_s038,162.0,163.0,3.2,2.0,10.0,176.290328979,-1.0089165761610275,9.696273856357022E-6,0.005745259295644602,161.99999959031447,162.99999657097396,2.999988173015597,0.00928240609283884,1.7121824607879834E-4,27.40007044758488,162.37443510895014,162.58547387294198,2.628001637353972,33.971505005389474,26.465368270874023,0.0,1.904884702526033E-4,1778962.5,,,,,,,,,,,1.904958846990635
ACT-CLJ1148.0-0234,AGBT21B_298_08,39,0.003,172,172,177.0213,-2.5739,ACT-CLJ1148.0-0234_298_08_s039,173.0,173.0,3.2,2.0,10.0,177.02163845266176,-2.57423259741183,1.508386207788035E-4,0.0042086691673550395,172.99999878450402,172.99999947288535,2.9999917137095022,0.006799809465001115,1.6371581298343178E-4,19.304194225163265,172.98743442360146,173.33441075585864,2.601917349821675,23.461215981363747,18.476734161376953,0.0,1.9855158461723477E-4,1494387.75,,,,,,,,,,,1.7074424701088546
ACT-CLJ1224.3+0211,AGBT21B_298_08,46,0.001,162,207,186.0802,2.2223,ACT-CLJ1224.3+0211_298_08_s046,162.0,207.0,3.2,2.0,10.0,186.080764771,2.2217141618488085,4.363322958735587E-4,0.001611589789905914,161.99999984779896,206.99999983271533,2.99999796622421,0.0026038038986478528,1.5066561931127392E-4,7.425501779236399,161.9369460880041,207.08247815066332,2.690075267114443,9.646427722064002,7.156513214111328,0.0,1.8940356676466763E-4,1672771.5,,,,,,,,,,,2.9285393116808844
ACT-CLJ1241.0+0010,AGBT21B_298_08,48,0.01,236,236,190.2146,0.2148,ACT-CLJ1241.0+0010_298_08_s048,236.0,237.0,3.2,2.0,10.0,190.21526679132367,0.2146478374804736,0.0010216115005271262,0.016629103292349564,236.00000747061492,236.9999719550433,2.999912140346581,0.026865674406196013,1.471598566349387E-4,44.676077521298545,236.49128284819116,236.68797447841442,2.6801796870981676,57.61223236565993,41.4240837097168,0.0,3.2202695729210973E-4,485318.0,,,,,,,,,,,2.462141868780567
ACT-CLJ1250.6+0036,AGBT21B_298_08,49,0.007,162,279,192.6525,0.6638,ACT-CLJ1250.6+0036_298_08_s049,163.0,280.0,3.2,2.0,10.0,192.65245954450475,0.6638310111604342,0.001144200900964224,0.0033183099149705067,162.99999977552548,279.9999997496478,2.9999996072229487,0.005361313282108802,1.5372728288025529E-4,8.663047944791284,162.90005218246577,280.2197745668776,2.0512468243060744,6.543625051751417,7.044379711151123,0.0,4.6077044680714607E-4,341355.53125,,,,,,,,,,,0.18349580030338777
ACT-CLJ1256.7+0235,AGBT21B_298_08,50,0.003,162,162,194.1821,2.5927,ACT-CLJ1256.7+0235_298_08_s050,162.0,162.0,3.2,2.0,10.0,194.182632446,2.5921058654799936,1.179611963664229E-16,0.004229342876549911,161.9999997747041,161.99999975013475,2.999986803235934,0.006833188932884131,1.5213582719116793E-4,24.586572782651082,162.39393260082954,162.39299936873425,2.6380411086787663,30.71658695326642,23.3409366607666,0.0,1.5135391731746495E-4,2852341.0,,,,,,,,,,,2.870805386429145
ACT-CLJ1326.8+0216,AGBT21B_298_08,52,0.001,172,172,201.7114,2.2747,ACT-CLJ1326.8+0216_298_08_s052,173.0,173.0,5.120000000000001,2.0,10.0,201.71177957914202,2.2743267545725763,1.5083862077920035E-4,0.0016875583306750369,172.99999970739117,172.9999996945701,2.999997764134675,0.0027265439357656274,1.525825277191295E-4,9.668496211156306,172.7499610039489,172.8542604590945,2.5479149623987767,11.267839046382647,9.229708671569824,0.0,1.6503760707564652E-4,2531189.0,,,,,,,,,,,1.915492923000518
ACT-CLJ1328.4-0038,AGBT21B_298_08,54,0.01,237,162,202.0714,-0.6435,ACT-CLJ1328.4-0038_298_08_s054,237.0,163.0,3.2,2.0,10.0,202.0719323967015,-0.6434903424610324,7.272850499955686E-4,0.016488812761942136,236.99999868800745,162.99996654669323,2.999893625231992,0.026638694772315303,1.4947191010962677E-4,60.049632949524764,237.3778956812387,162.5425478395194,2.6274368011453633,74.41950196735107,57.34046173095703,0.0,2.5123043451458216E-4,1065919.75,,,,,,,,,,,1.9168206469724791
ACT-CLJ1331.1+0100,AGBT21B_298_08,55,0.007,236,236,202.7567,1.0447,ACT-CLJ1331.1+0100_298_08_s055,236.0,237.0,3.2,2.0,10.0,202.7573592454526,1.044588807132231,0.0010216115005270024,0.005471023686037458,235.99999956447687,236.99999798447794,2.999989448463241,0.008839341127353042,1.521054717125805E-4,14.697760265805162,236.48035230199213,236.77109589829374,2.493913873711405,16.410654674986308,13.438786506652832,0.0,3.5347987432032824E-4,449163.28125,,,,,,,,,,,2.406432004410681
ACT-CLJ1332.8-0006,AGBT21B_298_08,56,0.003,162,279,203.2169,-0.0506,ACT-CLJ1332.8-0006_298_08_s056,164.0,280.0,5.120000000000001,2.0,10.0,203.21634189215604,-0.05060376152882946,0.001144324147458065,0.003029328197757733,163.9999973497296,279.9999995720572,2.999998494868809,0.004894408863160564,1.515445484079938E-4,5.749227496972427,162.79747962200418,280.175562489193,2.8605669336690385,8.445503911339378,5.406074523925781,0.0,4.915759200230241E-4,378641.4375,,,,,,,,,,,2.00923309433093
ACT-CLJ1336.8-0104,AGBT21B_298_08,57,0.001,162,162,204.2129,-1.0852,ACT-CLJ1336.8-0104_298_08_s057,163.0,162.0,3.2,2.0,10.0,204.2128842856724,-1.085716724348947,9.69627385688646E-6,0.001831562924838908,162.99999972876154,161.99999992808992,2.999997952671147,0.0029592087708019193,1.499787015320427E-4,10.748287090288054,162.78264211988156,162.26949262404474,2.5622666436937434,12.66775772676587,10.154629707336426,0.0,1.5440848073922098E-4,2704054.0,,,,,,,,,,,1.861239628645476
ACT-CLJ1343.1-0000,AGBT21B_298_08,59,0.01,162,207,205.7748,0.0113,ACT-CLJ1343.1-0000_298_08_s059,163.0,207.0,3.2,2.0,10.0,205.77481981047418,0.010711318390396624,4.3644001893158245E-4,0.016948653571250114,162.99996591078417,207.00000012170716,2.999887786232228,0.027381489391866732,1.5545250593954014E-4,68.28564284570692,162.5311238685212,207.40649557692726,2.714726250392501,90.34275539400316,65.08521270751953,0.0,2.2046775848139077E-4,1541857.0,,,,,,,,,,,2.1204547592639194
ACT-CLJ0203.9-0205,AGBT22B_242_01,14,0.007,237,162,30.9531,-2.0953,ACT-CLJ0203.9-0205_242_01_s014,237.0,162.0,3.2,2.0,10.0,30.953680128160833,-2.0958251177145026,7.272204110764606E-4,0.00597817074374593,237.00000036535573,161.99999895273623,2.9999918798462297,0.009658736501407623,1.3580387408596373E-4,23.27244868656265,237.40243329107116,162.23562782718318,2.58471930577183,27.911340814371766,22.00051498413086,0.0,2.265452640131116E-4,1187599.0,,,,,,,,,,,2.8160427177497738
ACT-CLJ0204.5+0321,AGBT22B_242_01,15,0.003,236,236,31.0991,3.403,ACT-CLJ0204.5+0321_242_01_s015,236.0,236.0,3.2,2.0,10.0,31.099746492103623,3.402317951814538,0.0010147321992003413,0.00404661288484931,236.0,236.0,3.0,0.0065380165336956855,4.712160915387242E-5,12.17929479917459,236.45947123142105,236.50050333006365,2.4096178495133675,12.694930597402733,11.289563179016113,0.0,3.0976245761848986E-4,721724.625,,,,,,,,,,,3.3806053997555847
ACT-CLJ0205.2-0439,AGBT22B_242_01,18,0.01,172,172,31.3174,-4.6508,ACT-CLJ0205.2-0439_242_01_s018,173.0,173.0,3.2,2.0,10.0,31.317540039193187,-4.651083476660132,1.5083862077901156E-4,0.017575889536207676,172.99997213811716,172.99998010723968,2.999860505225561,0.028394307420818818,1.3765696067612326E-4,102.32281340378896,172.86947083441152,173.0514266668543,2.7584258761078155,139.7677436325233,100.69422149658203,0.0,1.494119642302394E-4,2919183.25,,,,,,,,,,,1.1367781599284736
ACT-CLJ0205.9-0307,AGBT22B_242_01,20,0.007,162,207,31.5031,-3.1009,ACT-CLJ0205.9-0307_242_01_s020,163.0,208.0,3.2,2.0,10.0,31.503122905354132,-3.1009123885643732,4.461339496547703E-4,0.0054186155819694075,162.99999639362173,207.99999648377968,2.9999893990548028,0.008754666902936838,1.3744335826427147E-4,34.20138922786365,162.54010934207827,207.50180353683754,2.513690580269918,38.795310082981835,31.407480239868164,0.0,1.5643477672711015E-4,2753479.5,,,,,,,,,,,0.09375336002333083
ACT-CLJ0206.2-0114,AGBT22B_242_01,21,0.003,237,162,31.5194,-1.2535,ACT-CLJ0206.2-0114_242_01_s021,237.0,163.0,3.2,2.0,10.0,31.519944078354932,-1.2535055734101201,7.272850499955893E-4,0.004066689857362095,236.99999981513002,162.9999979298543,2.9999931247628875,0.0065704243067752945,1.3651338623662376E-4,14.54098527513825,237.25825290719925,162.57041570610713,2.548432117926239,16.95320522793787,13.675653457641602,0.0,2.5644199922680855E-4,981886.25,,,,,,,,,,,1.9583167009324867
ACT-CLJ0206.4-0118,AGBT22B_242_01,22,0.001,236,236,31.573,-1.2708,ACT-CLJ0206.4-0118_242_01_s022,237.0,235.0,3.2,2.0,10.0,31.573175983710193,-1.2720957480266633,0.0010148248475912865,0.0017770233773891063,236.99999934410928,234.9999999795843,2.9999973222360388,0.002871089430149296,1.343708687928869E-4,5.345612584346973,236.38050540584481,235.44319761471692,2.6480052380288255,6.728945416399507,4.757876873016357,0.0,3.0282442457973957E-4,607648.5,,,,,,,,,,,4.7075176705479
ACT-CLJ0207.2+0536,AGBT22B_242_01,24,0.01,162,162,31.806,5.6078,ACT-CLJ0207.2+0536_242_01_s024,162.0,163.0,3.2,2.0,10.0,31.8065319061,5.607755701288994,9.69627385673172E-6,0.01857755206906095,162.00000182759757,162.99995705161507,2.9998658869059733,0.030012627020900406,1.313730844127593E-4,116.8537541449974,162.49162188541237,162.5537500675042,2.8025546583329324,164.76414055904695,111.7835693359375,0.0,1.3837679580319673E-4,3285719.5,,,,,,,,,,,1.9123608507123642
ACT-CLJ0207.7+0020,AGBT22B_242_01,26,0.007,172,172,31.9401,0.3521,ACT-CLJ0207.7+0020_242_01_s026,173.0,173.0,3.2,2.0,10.0,31.940402903221763,0.3517686962859824,1.5083862077888078E-4,0.006070115525033088,172.99999838249647,172.9999980743146,2.9999793764092155,0.009807206951340686,1.204875478903546E-4,49.01043028409433,173.1822721205569,173.1830766064942,2.6862335566640074,63.48745244387143,47.581748962402344,0.0,1.0881973139476031E-4,5143383.0,,,,,,,,,,,1.6160703647632835
ACT-CLJ0208.2-0237,AGBT22B_242_01,27,0.003,162,207,32.0671,-2.6066,ACT-CLJ0208.2-0237_242_01_s027,162.0,208.0,3.2,2.0,10.0,32.0676307678,-2.6066306199103337,4.460285678429649E-4,0.0037261115653041453,161.9999998772933,207.99999802511675,2.9999892823321535,0.006020147132703116,1.238019502679464E-4,22.74195667143415,162.432145418118,207.55527572734178,2.5293168027648893,26.118373678336667,21.520841598510742,0.0,1.5411950880661607E-4,2693247.25,,,,,,,,,,,1.9119577561456134
ACT-CLJ0208.3-0255,AGBT22B_242_01,28,0.001,237,162,32.0488,-2.9365,ACT-CLJ0208.3-0255_242_01_s028,237.0,164.0,3.2,2.0,10.0,32.04939643591473,-2.935944414865346,7.274789322915509E-4,0.0018150731979239755,236.99999981792612,163.99999953573683,2.9999965425985384,0.0029325639894379153,1.2267042840853737E-4,8.62664981455886,237.15863831989776,163.75826038089403,2.597941092653679,10.452317964282571,7.969827175140381,0.0,1.9105391402263194E-4,1709163.5,,,,,,,,,,,2.932525966794892
ACT-CLJ0209.9+0038,AGBT22B_242_01,30,0.01,162,279,32.504,0.6994,ACT-CLJ0209.9+0038_242_01_s030,162.0,279.0,3.2,2.0,10.0,32.5045089722,0.6988043545827622,0.0011344635545785838,0.014871611963071216,161.9999948564815,278.99999437509797,2.9998494851595523,0.024025300035315236,1.2467490545344849E-4,32.698597948208175,162.25485573053527,279.2548551608968,2.607643407854769,39.915114565446444,32.414894104003906,0.0,3.9405099232681096E-4,479303.625,,,,,,,,,,,2.820472607485979
ACT-CLJ0210.0-0243,AGBT22B_242_01,32,0.007,162,162,32.5081,-2.724,ACT-CLJ0210.0-0243_242_01_s032,162.0,163.0,5.120000000000001,2.0,10.0,32.5086212158,-2.724002321021004,9.696273856766416E-6,0.00613339915888381,161.999999765111,162.99999523978394,2.9999876656285185,0.009909506174486578,1.2501065905256824E-4,44.80498814000246,162.44174064969616,162.46854009076324,2.8117878165274934,63.59211968410746,42.950321197509766,0.0,1.191403716802597E-4,4352211.5,,,,,,,,,,,1.8742756707184869
ACT-CLJ0210.1+0254,AGBT22B_242_01,33,0.003,172,172,32.5465,2.9105,ACT-CLJ0210.1+0254_242_01_s033,173.0,173.0,3.2,2.0,10.0,32.546874771878834,2.910173127368379,1.5083862077904062E-4,0.004067271990814932,172.99999873942735,172.99999929708503,2.999993309568604,0.006571365651306657,1.259466177848464E-4,30.50684915501791,172.92664159097973,173.19505131822729,2.7780133112227925,42.26470523585307,29.832599639892578,0.0,1.146673021139577E-4,4279144.5,,,,,,,,,,,1.7890588312546485
ACT-CLJ0211.1-0453,AGBT22B_242_01,34,0.001,162,207,32.8034,-4.8738,ACT-CLJ0211.1-0453_242_01_s034,162.0,208.0,3.2,2.0,10.0,32.8039550781,-4.87382417574031,4.460285678433535E-4,0.0016526412751692197,161.9999998332692,207.99999975025062,2.9999986828510337,0.002670130996202074,1.2616826511120864E-4,11.061371386875535,162.16163453145032,207.98209186161827,2.70480325243121,14.527543317295777,10.461400032043457,0.0,1.324691838817671E-4,3355882.0,,,,,,,,,,,1.9929885457503116
ACT-CLJ0211.9-0146,AGBT22B_242_01,36,0.01,236,236,32.9488,-1.7313,ACT-CLJ0211.9-0146_242_01_s036,237.0,237.0,3.2,2.0,10.0,32.94893779224666,-1.7314463708429626,0.0010284447868818005,0.015965769260450676,236.9999722847015,236.99997066131564,2.9998589541958767,0.025793089497753323,1.2686407408894992E-4,47.98336383337913,236.71546361421758,236.68416961196715,2.4913869560165445,53.46688814301879,45.130226135253906,0.0,3.2023299718275666E-4,578541.5,,,,,,,,,,,0.7235449735786629
ACT-CLJ0212.5-0037,AGBT22B_242_01,39,0.003,162,162,33.1472,-0.6293,ACT-CLJ0212.5-0037_242_01_s039,163.0,163.0,3.2,2.0,10.0,33.1472105242203,-0.6292959644624239,1.3712601992215075E-5,0.0037399699265784725,162.99999816837763,162.99999817402602,2.999993244995626,0.006042553561685165,1.2570990269826984E-4,30.73401264399664,162.5928843455763,162.53657443518463,2.581127906614352,36.75785526031302,28.664567947387695,0.0,1.1735421139746904E-4,4189167.75,,,,,,,,,,,0.04057274487926343
ACT-CLJ0214.7-0432,AGBT22B_242_01,40,0.001,172,172,33.6753,-4.5457,ACT-CLJ0214.7-0432_242_01_s040,173.0,172.0,5.120000000000001,2.0,10.0,33.675651366333604,-4.54660658882149,1.4414547275224914E-4,0.0018773742392991573,172.99999995954457,172.00000003347273,2.9999993059601833,0.003033227661383513,1.2731976088189658E-4,11.646409404388333,173.3169044212424,172.54852772255708,2.9809175573365567,18.578208293980385,11.131024360656738,0.0,1.2914436229038984E-4,3873138.25,,,,,,,,,,,3.4985873005389143
ACT-CLJ0215.4-0440,AGBT22B_242_01,42,0.01,237,162,33.8275,-4.6737,ACT-CLJ0215.4-0440_242_01_s042,237.0,163.0,3.2,2.0,10.0,33.828059749067826,-4.673696192751365,7.27285049995587E-4,0.016360321522766116,236.9999992036357,162.9999638014045,2.999892476848838,0.02643108900835977,1.2805477808399714E-4,62.37559868554835,237.3124347757555,162.5555479331192,2.6584921024782875,79.14023236814144,60.133567810058594,0.0,2.3429833527188748E-4,1520412.0,,,,,,,,,,,2.008439530575555
ACT-CLJ0215.6-0113,AGBT22B_242_01,44,0.007,236,236,33.8583,-1.1933,ACT-CLJ0215.6-0113_242_01_s044,237.0,237.0,3.2,2.0,10.0,33.85847079527523,-1.1933937158911203,0.0010284447868820425,0.005952901815322707,236.99999638197875,236.9999973065506,2.9999884864389146,0.009617888555264959,1.249573823594125E-4,14.22577821664854,236.60628610574577,236.9042808815775,2.578964683131571,16.985513014248557,13.511524200439453,0.0,3.955654101446271E-4,447772.1875,,,,,,,,,,,0.7012093765321972
ACT-CLJ0215.8-0041,AGBT22B_242_01,45,0.003,162,279,33.9606,-0.6381,ACT-CLJ0215.8-0041_242_01_s045,163.0,279.0,5.120000000000001,2.0,10.0,33.96063368027805,-0.6386136055541797,0.0011345049908369242,0.0038064049695285722,162.99999675114,279.00000125378637,2.999985042444978,0.006149856972809597,1.229878402655315E-4,7.701308156680581,162.35656367413375,279.522726197073,3.0755599298434158,13.077500174843763,7.6183648109436035,0.0,3.8378447061404586E-4,330760.0,,,,,,,,,,,1.852850039023607
ACT-CLJ0217.7-0345,AGBT22B_242_01,46,0.001,162,162,34.435,-3.7626,ACT-CLJ0217.7-0345_242_01_s046,162.0,162.0,5.120000000000001,2.0,10.0,34.435508728,-3.7632038593300052,8.326672684688674E-17,0.0014717856118335317,161.9999999523895,161.9999999247679,2.9999981356937053,0.002377926176397104,1.2538439987275877E-4,10.616346165853678,162.31081722125296,162.27841587810306,2.602158830928743,12.904896306089865,9.90463924407959,0.0,1.236361131304875E-4,4390999.5,,,,,,,,,,,2.840128369103812
ACT-CLJ0218.1-0214,AGBT22B_242_02,7,0.01,162,207,34.5263,-2.2151,ACT-CLJ0218.1-0214_242_02_s007,162.0,207.0,3.2,2.0,10.0,34.5268859863,-2.2156454096111986,4.3633229587342683E-4,0.017173773025672318,162.00000066726759,206.99999778891603,2.999837979008985,0.027744261049494456,1.6356822222988207E-4,69.52156430794909,162.48633275315868,207.39958529509187,2.6058867034617412,84.750533446305,66.179443359375,0.0,2.1788571029901505E-4,1819833.375,,,,,,,,,,,2.8806388696972136
ACT-CLJ0218.2-0041,AGBT22B_242_02,8,0.007,237,162,34.5271,-0.6948,ACT-CLJ0218.2-0041_242_02_s008,237.0,162.0,5.120000000000001,2.0,10.0,34.5276433201517,-0.6953692385540909,7.272204110764485E-4,0.0058578199962212255,237.00000122013253,161.9999994937739,2.9999715398447697,0.009464161367873305,1.6048595930932174E-4,12.470314566105781,237.49474856210725,162.442653980782,2.819760674771168,17.79974385534481,12.1808443069458,0.0,3.861845179926604E-4,494825.125,,,,,,,,,,,2.8327309642858616
ACT-CLJ0219.0+0303,AGBT22B_242_02,12,0.03,162,162,34.7618,3.0599,ACT-CLJ0219.0+0303_242_02_s012,166.0,164.0,8.192000000000002,2.0,10.0,34.76016474056927,3.0604072399638222,4.33630549179518E-5,0.0010329930075510983,165.99999999645573,163.9999999518015,3.0000000775466003,0.001668982406743093,1.559920816201533E-4,3.938838098866602,166.64985165448752,163.78442429389938,3.9291593990976006,10.916395721376247,4.200109958648682,0.0,1.746534981066361E-4,2184367.0,,,,,,,,,,,6.155577795630453
ACT-CLJ0219.8+0022,AGBT22B_242_02,13,0.01,172,172,34.9537,0.3792,ACT-CLJ0219.8+0022_242_02_s013,173.0,173.0,3.2,2.0,10.0,34.95407475977879,0.3788867531447359,1.5083862077897424E-4,0.018623962955990857,172.9999819517999,172.99998249841735,2.999819785722265,0.030086680536437496,1.5625171481979344E-4,89.43951688598501,173.08568556433124,173.09679844787934,2.778277406236566,123.93458132162536,87.30050659179688,0.0,1.7875013872981071E-4,2002825.5,,,,,,,,,,,1.7583689039841945
ACT-CLJ0219.9+0130,AGBT22B_242_02,14,0.007,162,207,34.9782,1.5273,ACT-CLJ0219.9+0130_242_02_s014,162.0,207.0,3.2,2.0,10.0,34.9787979126,1.5267135133487955,4.3633229587333315E-4,0.006002996010550217,161.99999977088657,206.99999864395852,2.9999777408906882,0.009698754458430514,1.494528310779781E-4,28.782323899795795,162.43746020712146,207.22504599521727,2.5671748073493674,34.05246738522238,27.101234436035156,0.0,1.8798140808939934E-4,2174102.5,,,,,,,,,,,3.0145833905265564
ACT-CLJ0219.9+0246,AGBT22B_242_02,15,0.003,237,162,34.9375,2.7826,ACT-CLJ0219.9+0246_242_02_s015,238.0,163.0,3.2,2.0,10.0,34.9374947875061,2.7826199525486643,7.369804682172143E-4,0.003961428828201908,237.9999983890701,162.9999976698839,2.9999926242508246,0.006400355200499041,1.4194824495773975E-4,12.979970454525144,237.75139846163108,162.47442971309712,2.5592664734902892,15.262179738638643,12.381454467773438,0.0,2.966996980831027E-4,834164.0,,,,,,,,,,,0.07449207439012222
ACT-CLJ0221.7-0346,AGBT22B_242_02,19,0.01,162,162,35.4397,-3.7727,ACT-CLJ0221.7-0346_242_02_s019,162.0,163.0,3.2,2.0,10.0,35.4402580261,-3.772663314591,9.696273856842744E-6,0.01744153815756655,161.99999948176844,162.9999637988191,2.9998773682472923,0.02817757605337086,1.5338096344759037E-4,87.07539890564742,162.47462504513945,162.52951355928607,2.668878067537554,111.34347802276878,81.73824310302734,0.0,1.8235474999528378E-4,2502416.5,,,,,,,,,,,2.0089033595967183
ACT-CLJ0221.9-0340,AGBT22B_242_02,20,0.007,172,172,35.4756,-3.6638,ACT-CLJ0221.9-0340_242_02_s020,173.0,173.0,3.2,2.0,10.0,35.47591677649771,-3.6641037593239596,1.5083862077888875E-4,0.005909741006324931,172.9999968114277,172.99999722976634,2.9999856175665376,0.00954813693264329,1.4849877798589752E-4,29.80022079933054,172.8450801726018,172.94200737829368,2.7412115191716637,40.19910863503306,28.694713592529297,0.0,1.7628874047659338E-4,2194775.25,,,,,,,,,,,1.578289371091342
ACT-CLJ0222.2+0520,AGBT22B_242_02,21,0.003,162,207,35.5649,5.3579,ACT-CLJ0222.2+0520_242_02_s021,163.0,207.0,3.2,2.0,10.0,35.56494035913172,5.357344053946225,4.3644001893165243E-4,0.0035106365151539296,162.99999824886828,206.99999916482523,2.9999931685775767,0.0056720263836760945,1.5086616506444097E-4,15.88360969657214,162.5116114585668,207.00384616813122,2.3712367811166146,16.03285620395072,14.444271087646484,0.0,2.265665534650907E-4,1160245.25,,,,,,,,,,,2.007139077707235
ACT-CLJ0224.5+0102,AGBT22B_242_02,25,0.01,162,279,36.1249,1.1144,ACT-CLJ0224.5+0102_242_02_s025,162.0,279.0,5.120000000000001,2.0,10.0,36.125453949,1.1138822197087848,0.0011344635545789791,0.018036977264492327,161.99998961424706,278.9999873687984,2.999809472409901,0.0291382152496312,1.5753879315533E-4,24.32505203865439,162.14451117375333,279.1693738807038,2.790502026333313,34.004023489001,24.20201301574707,0.0,6.242973613552749E-4,144777.0,,,,,,,,,,,2.7295268587039754
ACT-CLJ0224.5-0002,AGBT22B_242_02,26,0.007,162,162,36.145,-0.0366,ACT-CLJ0224.5-0002_242_02_s026,163.0,162.0,3.2,2.0,10.0,36.14500566261395,-0.03719213604754446,9.696273857019259E-6,0.005585565425996164,162.99999621622922,161.9999997804634,2.99998484874946,0.009024374526995324,1.5886320912156376E-4,25.791565287908348,162.48523895899035,162.40952898699317,2.6516236293703535,32.55467066639666,23.74196434020996,0.0,1.9689102191478014E-4,1684615.375,,,,,,,,,,,2.1317830794233794
ACT-CLJ0225.4-0355,AGBT22B_242_02,27,0.003,172,172,36.3598,-3.9265,ACT-CLJ0225.4-0355_242_02_s027,173.0,173.0,3.2,2.0,10.0,36.3601197780283,-3.926812898603055,1.508386207791085E-4,0.004109796159953617,172.9999984318288,172.9999996185689,2.999990304826603,0.006640057335964333,1.6576770834630762E-4,16.35850320693404,172.78404476253615,173.34532179188614,2.8007780579952137,23.036303905494947,16.20244789123535,0.0,2.1695981558877975E-4,1474232.75,,,,,,,,,,,1.6084897990149085
ACT-CLJ0226.4+0426,AGBT22B_242_02,28,0.001,162,207,36.6194,4.4722,ACT-CLJ0226.4+0426_242_02_s028,163.0,208.0,5.120000000000001,2.0,10.0,36.61939971800132,4.472214165569037,4.461339496544933E-4,0.0022859417871700463,162.99999884778555,207.99999988542865,2.99999306264274,0.0036933248875839187,1.7097236110083828E-4,6.521350867246403,162.549811398838,208.4590940540781,3.1493248583851865,11.611393268884813,6.7860822677612305,0.0,2.7998624136671424E-4,940166.125,,,,,,,,,,,0.05130540986097617
ACT-CLJ0228.4+0030,AGBT22B_242_02,31,0.01,236,236,37.078,0.5535,ACT-CLJ0228.4+0030_242_02_s031,236.0,237.0,3.2,2.0,10.0,37.07869900001382,0.5533729893195602,0.0010216115005272457,0.01854497631562601,235.99999092455465,236.99997482699254,2.9999227391259615,0.029961135443622514,1.7064769617650865E-4,20.454240398157683,236.14853881264256,236.47870143726897,2.799008866265879,28.76760780429415,19.306270599365234,0.0,7.763617904856801E-4,95840.53125,,,,,,,,,,,2.55748595842258
ACT-CLJ0230.9+0248,AGBT22B_242_02,33,0.003,162,162,37.7311,2.8058,ACT-CLJ0230.9+0248_242_02_s033,162.0,162.0,5.120000000000001,2.0,10.0,37.7317008972,2.8052899837500007,1.3877787807814457E-17,0.004553335311439007,161.9999997789007,161.99999919707793,2.999991852092453,0.007356675987888149,1.6570272297483673E-4,16.71558496810095,162.43933458039902,162.0939967108481,3.0580682237913885,28.062590869175192,17.48447036743164,0.0,2.130008942913264E-4,1623820.625,,,,,,,,,,,2.835304052095081
ACT-CLJ0232.7+0214,AGBT22B_242_02,37,0.01,237,162,38.1536,2.2525,ACT-CLJ0232.7+0214_242_02_s037,237.0,163.0,3.2,2.0,10.0,38.154174381250265,2.252469222423189,7.27285049995647E-4,0.017131014887122882,237.00000134628718,162.9999672300281,2.999879711141768,0.027675955210110917,1.5774258655433117E-4,47.43275396223033,237.45141389183854,162.52809338196525,2.678816076675148,61.104891743247016,43.595375061035156,0.0,3.255281480960548E-4,554198.125,,,,,,,,,,,2.0691545322124423
ACT-CLJ0233.2+0248,AGBT22B_242_02,40,0.001,162,162,38.3045,2.816,ACT-CLJ0233.2+0248_242_02_s040,163.0,163.0,3.2,2.0,10.0,38.30449748364277,2.8160417481365116,1.3712601992284091E-5,0.001474642861124496,162.99999977048444,162.99999979953617,2.999998203597727,0.002382542668478609,1.5474596309283543E-4,8.02711373817816,162.80305152794244,162.9260318435725,2.3874900562053214,8.213994440451138,7.500277519226074,0.0,1.8292632012162358E-4,2086670.625,,,,,,,,,,,0.1506202294722837
ACT-CLJ0233.6-0530,AGBT22B_242_02,43,0.01,162,207,38.404,-5.4807,ACT-CLJ0233.6-0530_242_02_s043,162.0,207.0,3.2,2.0,10.0,38.4045639038,-5.481223679571201,4.363322958733991E-4,0.01754350558586511,161.99999851588822,206.99999839956413,2.9998208250032206,0.028341240531173286,1.5743801125562797E-4,64.94371082320568,162.4592401609984,207.38409937044403,2.6760076630064713,83.48792181389915,61.46165466308594,0.0,2.341165381949395E-4,1204154.5,,,,,,,,,,,2.76359498479915
ACT-CLJ0233.7+0127,AGBT22B_242_02,44,0.007,237,162,38.3885,1.4634,ACT-CLJ0233.7+0127_242_02_s044,237.0,162.0,3.2,2.0,10.0,38.389071555452965,1.4628828471133992,7.272204110764338E-4,0.005000325543459288,237.0000001764572,162.0000003044006,2.999985644429208,0.008078830155275246,1.5320133698057113E-4,14.513571958873728,237.46580163794087,162.52137263566252,2.5373121149344837,16.77389583557022,13.603278160095215,0.0,3.093979903496802E-4,716065.0625,,,,,,,,,,,2.774374676201782
ACT-CLJ0235.2-0323,AGBT22B_242_03,8,0.01,172,172,38.8013,-3.3818,ACT-CLJ0235.2-0323_242_03_s008,173.0,173.0,3.2,2.0,10.0,38.80161366936418,-3.38214541934383,1.5083862077903165E-4,0.018085452709095656,172.99998043581166,172.99998143772234,2.9998384181996487,0.02921708976424219,1.0416969779990529E-4,160.108503767318,173.1071980534082,173.150967752337,2.729199242174895,214.0901705234089,157.95252990722656,0.0,9.887051419354975E-5,1.0293064E7,,,,,,,,,,,1.6785600084055685
ACT-CLJ0235.5-0005,AGBT22B_242_03,9,0.007,162,207,38.8777,-0.0751,ACT-CLJ0235.5-0005_242_03_s009,162.0,207.0,3.2,2.0,10.0,38.8782730103,-0.0756601835171864,4.363322958736489E-4,0.005814959293762559,162.0000000002545,206.99999986296328,2.9999826607689215,0.009394983314795978,1.0541532058155378E-4,58.092517620136654,162.48693541101696,207.42955504860336,2.657469043707339,73.6492742951908,55.467430114746094,0.0,8.731737034395337E-5,9183377.0,,,,,,,,,,,2.884831019084343
ACT-CLJ0236.5+0106,AGBT22B_242_03,10,0.003,237,162,39.0944,1.1112,ACT-CLJ0236.5+0106_242_03_s010,237.0,163.0,5.120000000000001,2.0,10.0,39.09500229095898,1.1111801711085478,7.272850499956541E-4,0.004065794851577334,237.00000014927866,162.99999799564281,2.9999957849565373,0.006568989923636373,1.0417255875280481E-4,23.946509614955826,237.33588360744892,162.4968068947134,2.8473235394301617,34.851999791853196,22.813995361328125,0.0,1.4385563554242253E-4,3270159.0,,,,,,,,,,,2.169011712000761
ACT-CLJ0236.7-0228,AGBT22B_242_03,11,0.001,236,236,39.1354,-2.4299,ACT-CLJ0236.7-0228_242_03_s011,236.0,236.0,3.2,2.0,10.0,39.13611705393153,-2.430560088587359,0.001014732199200349,0.001471604367252482,235.9999999138698,235.99999999193534,2.9999995175979888,0.002377635534629936,1.0694040543808472E-4,7.018207274885798,236.0420803489116,236.3384238113016,2.2021816445968856,6.110043643316213,6.126313209533691,0.0,2.1645438391715288E-4,1441048.875,,,,,,,,,,,3.507091050469313
ACT-CLJ0238.1+0306,AGBT22B_242_03,14,0.01,162,162,39.5319,3.1033,ACT-CLJ0238.1+0306_242_03_s014,162.0,163.0,3.2,2.0,10.0,39.532333374,3.1031625673689973,9.696273856794172E-6,0.017665103294421492,161.99998890152548,162.99996298162398,2.9998608484843876,0.028538441102366266,9.770812070964013E-5,199.025067399094,162.23978325191646,162.70884801809495,2.7602881280781357,272.2252841379048,192.50457763671875,0.0,7.753258978482336E-5,1.2832152E7,,,,,,,,,,,1.6346392844046729
ACT-CLJ0239.3-0332,AGBT22B_242_03,15,0.007,172,172,39.8333,-3.5313,ACT-CLJ0239.3-0332_242_03_s015,173.0,173.0,3.2,2.0,10.0,39.83362182925678,-3.5316333907404345,1.5083862077895478E-4,0.005937832582397676,172.99999822471656,172.99999794632387,2.9999851515012113,0.009593520410334832,9.810286245737126E-5,69.1772191207177,173.16067880517332,173.10174293511497,2.6834746103458778,89.42726029548055,67.33191680908203,0.0,7.566898420918733E-5,1.2559978E7,,,,,,,,,,,1.6664742164875639
ACT-CLJ0239.8-0134,AGBT22B_242_03,16,0.003,162,207,39.9686,-1.5541,ACT-CLJ0239.8-0134_242_03_s016,163.0,208.0,3.2,2.0,10.0,39.96873592701497,-1.5542593563372056,4.46133949654729E-4,0.0038995813620862543,162.99999859352403,207.99999879001754,2.9999955849645827,0.006300442642508516,9.718659907131994E-5,42.12428854603885,162.800946245224,207.84937357873181,2.7343742828157365,56.54059124509071,40.6447868347168,0.0,8.178975258488208E-5,1.0541318E7,,,,,,,,,,,0.7538139880888232
ACT-CLJ0240.0+0116,AGBT22B_242_03,17,0.001,237,162,39.9701,1.2666,ACT-CLJ0240.0+0116_242_03_s017,237.0,162.0,3.2,2.0,10.0,39.970671340558525,1.2660396327132015,7.272204110764229E-4,0.001457999723934804,236.9999999698413,161.99999997003815,2.999996474716662,0.002355650063268956,9.729886942340338E-5,13.334186316683304,237.37267033713383,162.43501563795488,2.1394621659004645,10.956897172085416,11.860257148742676,0.0,1.1738792818505317E-4,5072447.0,,,,,,,,,,,2.8806668803012587
ACT-CLJ0241.2-0018,AGBT22B_242_03,21,0.01,162,279,40.3155,-0.2485,ACT-CLJ0241.2-0018_242_03_s021,162.0,279.0,3.2,2.0,10.0,40.3160400391,-0.24903627642521542,0.001134463554578974,0.015338316065283639,162.00000043967748,278.9999942195254,2.9998322448826715,0.02477898231680781,9.811072108806419E-5,51.17707934150375,162.46791742677962,278.904886687061,2.50098330135546,57.46572977569315,48.69244384765625,0.0,2.6445259572938085E-4,882584.25,,,,,,,,,,,2.739844574300682
ACT-CLJ0241.4-0433,AGBT22B_242_03,22,0.007,162,162,40.3704,-4.5534,ACT-CLJ0241.4-0433_242_03_s022,162.0,162.0,3.2,2.0,10.0,40.3709983826,-4.553997039790005,9.71445146547012E-17,0.006200120455403606,162.00000006122065,161.99999963417585,2.999980177059496,0.010017255295225172,9.825255448028082E-5,65.65104733544774,162.50423472929234,162.41976337501035,2.721696609326013,87.30375598966704,62.28416061401367,0.0,8.130929199978709E-5,1.2492937E7,,,,,,,,,,,3.0381395896266477
ACT-CLJ0242.2-0345,AGBT22B_242_03,23,0.003,172,172,40.56,-3.7524,ACT-CLJ0242.2-0345_242_03_s023,173.0,173.0,3.2,2.0,10.0,40.56037356008583,-3.752708209047831,1.5083862077918807E-4,0.004307689342253767,172.99999864111828,172.99999903877435,2.999991392981551,0.006959791642893989,9.897133412976158E-5,47.048994124290076,172.9814032972767,173.1491333999393,2.8342176185369734,67.84667594663387,46.53768539428711,0.0,7.743356400169432E-5,1.2644342E7,,,,,,,,,,,1.7414129415364807
ACT-CLJ0242.7-0226,AGBT22B_242_03,24,0.001,162,207,40.6824,-2.4148,ACT-CLJ0242.7-0226_242_03_s024,162.0,207.0,3.2,2.0,10.0,40.6829223633,-2.4153932104412092,4.3633229587324647E-4,0.0018022413227490534,161.9999999200187,207.00000001035198,2.999998406091333,0.0029118354980754053,9.744529181770895E-5,20.59468009819919,162.34226459163193,207.48465224389136,2.6368712547732884,25.706606349478946,19.629587173461914,0.0,7.703654409851879E-5,1.156982E7,,,,,,,,,,,2.8445972703453255
ACT-CLJ0242.9-0250,AGBT22B_242_03,27,0.01,236,236,40.693,-2.8023,ACT-CLJ0242.9-0250_242_03_s027,237.0,237.0,3.2,2.0,10.0,40.69312385500753,-2.8023875354176195,0.0010284447868818933,0.01588672375967602,236.9999695308494,236.99996957682126,2.9998816546091542,0.025665777993761338,9.858146067999842E-5,79.50129214897902,236.66743009892892,236.59536732772648,2.5985726739453114,96.37308619417946,74.53125,0.0,1.8766344874165952E-4,1911099.75,,,,,,,,,,,0.545610685922945
ACT-CLJ0243.2+0256,AGBT22B_242_03,28,0.007,162,279,40.8141,3.0086,ACT-CLJ0243.2+0256_242_03_s028,163.0,279.0,3.2,2.0,10.0,40.81411805565721,3.0080803988072735,0.001134504990837114,0.004647519666995096,162.99999638069738,279.00000038748163,2.999986381689506,0.007508819208087704,9.893517744186827E-5,19.806266851761766,162.8131497883626,279.08405151708024,2.3084408948794573,18.94750323416188,19.267562866210938,0.0,2.2534879099112004E-4,1604570.75,,,,,,,,,,,1.8716778433004047
ACT-CLJ0245.2+0032,AGBT22B_242_03,29,0.003,162,162,41.3067,0.5477,ACT-CLJ0245.2+0032_242_03_s029,162.0,162.0,3.2,2.0,10.0,41.30727005,0.5471166968350047,8.326672684688674E-17,0.004185459537592163,161.9999998078171,161.99999975022791,2.9999925585262317,0.006762314232031871,1.0333067868063712E-4,44.55862107372034,162.4196536691494,162.36893881182436,2.5898938504766105,53.65466855937398,41.1370735168457,0.0,8.471144246868789E-5,1.03494E7,,,,,,,,,,,2.936055021863824
ACT-CLJ0245.2+0407,AGBT22B_242_03,30,0.001,172,172,41.3034,4.1274,ACT-CLJ0245.2+0407_242_03_s030,173.0,173.0,3.2,2.0,10.0,41.303740859934365,4.127043189920295,1.5083862077894573E-4,0.0017128592452673077,172.9999999566565,172.99999987076427,2.999998865889134,0.002767423995592633,1.0406826639132651E-4,17.522068238834485,173.41057504165715,173.12459380394924,2.5683279237437153,20.74904724513982,16.366785049438477,0.0,8.868642908055335E-5,9289374.0,,,,,,,,,,,1.7740405142427962
ACT-CLJ0245.2-0240,AGBT22B_242_03,31,0.03,162,207,41.3027,-2.6541,ACT-CLJ0245.2-0240_242_03_s031,162.0,208.0,5.120000000000001,2.0,10.0,41.3032836914,-2.6540518368803134,4.460285678433188E-4,4.7037917318539657E-4,161.99999998450969,207.9999999826264,2.9999998290222774,7.599803955457672E-4,1.0955581972410326E-4,4.083901514804413,162.27759702564308,208.03009880499033,2.3957485492589687,4.207940332776829,3.534810781478882,0.0,1.1237742728553712E-4,6895057.0,,,,,,,,,,,2.1061666160577555
ACT-CLJ0245.7-0028,AGBT22B_242_03,33,0.01,237,162,41.384,-0.4746,ACT-CLJ0245.7-0028_242_03_s033,237.0,162.0,3.2,2.0,10.0,41.38460143828661,-0.4751129980204489,7.272204110764576E-4,0.017592067115697777,237.00000010946195,161.99999729918824,2.999804544272224,0.02841938239247247,1.117167779071795E-4,78.92994169908744,237.34050398533853,162.4418172162628,2.6831623066080987,102.01111995967959,74.5063247680664,0.0,1.9146369595546275E-4,2326097.25,,,,,,,,,,,2.8457839434977656
ACT-CLJ0245.8-0042,AGBT22B_242_03,34,0.007,236,236,41.414,-0.6734,ACT-CLJ0245.8-0042_242_03_s034,236.0,237.0,3.2,2.0,10.0,41.414685167774586,-0.6735492068872648,0.0010216115005271724,0.005438849639533558,235.99999975632645,236.99999909539977,2.9999972286998227,0.00878740422730949,1.1620903987397612E-4,19.300126870929134,236.23269801982008,236.9964041392256,2.551228377411105,22.551253285812606,18.095291137695312,0.0,2.5854550767689943E-4,1076066.0,,,,,,,,,,,2.5242578787527634
ACT-CLJ0246.4+0429,AGBT22B_242_03,35,0.003,162,279,41.6196,4.5595,ACT-CLJ0246.4+0429_242_03_s035,163.0,280.0,3.2,2.0,10.0,41.61962471844437,4.559517339391846,0.0011442009009641338,0.003896083050375915,162.99999937494812,279.9999988878537,2.999999988152901,0.006294808997963518,1.132320058793953E-4,8.181643041162069,162.86056553787574,279.30977354953296,3.0159848175659874,13.360129710222186,8.57746410369873,0.0,3.911984385922551E-4,650463.5,,,,,,,,,,,0.10801809803384978
ACT-CLJ0247.3-0156,AGBT22B_242_03,36,0.001,162,162,41.8454,-1.9379,ACT-CLJ0247.3-0156_242_03_s036,163.0,162.0,5.120000000000001,2.0,10.0,41.84544861244087,-1.938408851528827,9.696273857048163E-6,0.0018768283349866871,162.99999956740314,161.99999991480638,2.999998869229225,0.0030323447742522124,1.1534229371386575E-4,15.222591486791819,162.6024574436186,162.3666071378214,2.88622015373416,22.764564568696336,15.401472091674805,0.0,1.0426306107547134E-4,7410027.5,,,,,,,,,,,1.8403857606904799
ACT-CLJ0249.6+0210,AGBT22B_242_03,61,0.01,162,207,42.4203,2.1941,ACT-CLJ0249.6+0210_242_03_s061,163.0,207.0,3.2,2.0,10.0,42.42025855128295,2.1935738552656368,4.3644001893165227E-4,0.01707792522619503,162.99996151978726,206.99999797089833,2.999887015681118,0.027590320742892253,1.437332916837209E-4,78.77890070672129,162.54661722782598,207.39793613357182,2.682197091176751,101.7426712229072,75.18800354003906,0.0,1.940202055266127E-4,2046146.5,,,,,,,,,,,1.8996330839655629
ACT-CLJ0253.5-0017,AGBT22B_242_03,63,0.007,237,162,43.3477,-0.2972,ACT-CLJ0253.5-0017_242_03_s063,237.0,162.0,3.2,2.0,10.0,43.34821391102408,-0.2977544176016127,7.272204110765046E-4,0.0053728827326882025,236.99999964278325,161.99999982133855,2.9999916703664566,0.008680791088968343,1.47306428780189E-4,15.086892310964334,237.28882395429866,162.36653071625992,2.6630367185805124,19.20728341513025,13.83843994140625,0.0,3.133803838863969E-4,630237.5625,,,,,,,,,,,2.7214728312327274
ACT-CLJ0256.5+0006,AGBT22B_242_03,66,0.003,236,236,44.0902,0.1445,ACT-CLJ0256.5+0006_242_03_s066,235.0,237.0,5.120000000000001,2.0,10.0,44.09144811647391,0.1443366604286059,0.0010148248475912469,0.005021512811746296,235.00000166338882,237.00000000861695,2.9999960457662014,0.008113117853058523,1.5365457634465603E-4,5.916698422265636,235.40890337550988,237.18704241854434,3.5848293702038214,13.649861876044675,5.628772735595703,0.0,5.748105468228459E-4,201610.421875,,,,,,,,,,,4.531519774357256
ACT-CLJ0259.8-0037,AGBT22B_242_03,79,0.01,172,172,44.9738,-0.6083,ACT-CLJ0259.8-0037_242_03_s079,173.0,173.0,3.2,2.0,10.0,44.97415130032054,-0.6086075013111572,1.508386207790522E-4,0.017381135138123126,172.99998496878575,172.99998439621305,2.9998489972891624,0.028079461181412028,1.6611792187701542E-4,71.55876743394101,173.13355417228598,173.1172951059922,2.7034534048419077,93.88851584299634,70.08073425292969,0.0,2.1435717644635588E-4,1492157.5,,,,,,,,,,,1.6807532934335052
ACT-CLJ0300.2+0125,AGBT22B_242_03,72,0.007,162,207,45.0553,1.4431,ACT-CLJ0300.2+0125_242_03_s072,163.0,208.0,5.120000000000001,2.0,10.0,45.05528380683564,1.443051520371861,4.461339496547176E-4,0.005416772793978453,163.0,208.0,3.0,0.008751751426211086,4.712160915387242E-5,14.90038648289981,162.65322335870735,207.5048454987079,2.7565477830243603,20.32546211687124,14.291903495788574,0.0,3.2762164482846856E-4,717690.0,,,,,,,,,,,0.18391596477971983
ACT-CLJ0300.2+0125,AGBT22B_242_03,80,0.003,237,162,45.0258,1.4277,ACT-CLJ0300.2+0125_242_03_s080,237.0,163.0,5.120000000000001,2.0,10.0,45.026313564144864,1.4277360642319712,7.272850499956398E-4,0.0039006346824628775,237.0000000666156,162.99999962564956,3.000000636074461,0.006302165684200219,1.6063182432655369E-4,8.403922355218041,237.30254628564012,162.9341060962159,3.2113061283326765,15.558126290506406,8.88171672821045,0.0,3.5262032179161906E-4,469025.125,,,,,,,,,,,1.8528005875719864
ACT-CLJ0203.0-0042,AGBT22B_242_04,36,0.01,162,162,30.7519,-0.7101,ACT-CLJ0203.0-0042_242_04_s036,163.0,162.0,3.2,2.0,10.0,30.751853382991218,-0.7106832265515893,9.696273856993785E-6,0.017706505473222625,162.99995884364665,161.99999964576435,2.9998590460419208,0.028605293041552342,1.2610803561009023E-4,123.52264343905968,162.54302229083643,162.46888102753059,2.7286714704733934,165.1052649846478,117.14588928222656,0.0,1.278102135984227E-4,4634425.5,,,,,,,,,,,2.1063282675841166
ACT-CLJ0203.2-0123,AGBT22B_242_04,37,0.007,172,172,30.8101,-1.3937,ACT-CLJ0203.2-0123_242_04_s037,173.0,173.0,3.2,2.0,10.0,30.810407770311027,-1.3940867444128646,1.5083862077903303E-4,0.006165091724904178,172.99999829542475,172.99999771765107,2.9999773173229807,0.009960641963426223,1.2674044090990364E-4,41.752048743619625,173.21006155036395,173.08936341125104,2.830281219835794,60.04112418445059,41.42503356933594,0.0,1.2425248860381544E-4,4938916.0,,,,,,,,,,,1.779124776363687
ACT-CLJ0203.7+0216,AGBT22B_242_04,38,0.003,162,207,30.9331,2.2895,ACT-CLJ0203.7+0216_242_04_s038,163.0,208.0,3.2,2.0,10.0,30.933127396052786,2.289493504502026,4.461339496546933E-4,0.0039705732287925195,162.9999984987268,207.99999842350226,2.9999967457416847,0.006415147145817684,1.2522217490220196E-4,23.230745490245372,162.74025651080285,207.62548996641974,2.8183410071676134,33.1254717041423,22.003995895385742,0.0,1.5150423860177398E-4,3330083.0,,,,,,,,,,,0.1012818039746302
ACT-CLJ0226.4+0426,AGBT22B_242_04,40,0.001,237,162,36.579,4.4429,ACT-CLJ0226.4+0426_242_04_s040,236.0,159.0,8.192000000000002,2.0,10.0,36.58012207106702,4.440717384557287,7.181135381768932E-4,0.0015305785071462793,236.00000000132482,159.0000000084683,2.9999999967594544,0.0024729194140831762,1.2621202987541063E-4,2.235202211008238,234.26679667092046,154.0815230473774,11.64153327703025,54.38123062025208,3.2061448097229004,0.0,2.1230339189060032E-4,1541981.625,,,,,,,,,,,8.829979787828856
ACT-CLJ0228.4+0030,AGBT22B_242_04,42,0.01,162,279,37.1203,0.5722,ACT-CLJ0228.4+0030_242_04_s042,162.0,279.0,3.2,2.0,10.0,37.12084198,0.5716907142737568,0.00113446355457849,0.016571682673848134,161.9999965261257,279.0000008034084,2.999866623364353,0.026772094275434682,1.2585769994774803E-4,37.20844387543637,162.36905268250877,279.3754618926642,2.5984328901015976,45.099981316330705,35.23184585571289,0.0,3.889919607900083E-4,492183.53125,,,,,,,,,,,2.677309358329226
ACT-CLJ0245.7-0028,AGBT22B_242_04,32,0.007,162,162,41.432,-0.4774,ACT-CLJ0245.7-0028_242_04_s032,162.0,162.0,3.2,2.0,10.0,41.4325561523,-0.4779732227329987,2.4286128663675293E-17,0.005928694783532951,161.99999937985658,161.99999955061276,2.9999792376750225,0.009578719066534803,1.2386493173373734E-4,44.30526582411281,162.37859751973195,162.415708833868,2.7097716054218295,58.402651809069205,42.58622741699219,0.0,1.1561224528122693E-4,4658462.0,,,,,,,,,,,2.875186844760655
ACT-CLJ0245.8-0042,AGBT22B_242_04,31,0.003,172,172,41.4589,-0.7043,ACT-CLJ0245.8-0042_242_04_s031,173.0,173.0,3.2,2.0,10.0,41.45927004891855,-0.704643696519842,1.508386207788735E-4,0.004174663804411608,172.9999990767806,172.99999893894383,2.9999930277820535,0.006744874018373662,1.2528066250176614E-4,29.405351948779646,173.06974057729786,173.00919007555297,2.6953853809174255,38.351288874371996,28.321067810058594,0.0,1.2431663344614208E-4,4868691.0,,,,,,,,,,,1.8180968553217465
ACT-CLJ0246.4+0429,AGBT22B_242_04,30,0.001,162,207,41.6242,4.518,ACT-CLJ0246.4+0429_242_04_s030,162.0,208.0,3.2,2.0,10.0,41.6247634888,4.517974797339662,4.460285678428816E-4,0.0011718593000826464,161.99999970854049,207.99999976028272,2.9999981565515093,0.0018933429713296364,1.2228835222421964E-4,10.193670517144506,161.8054689010188,207.69145997835244,2.1023357488259573,8.08810140566852,8.957963943481445,0.0,1.3570074224844575E-4,4296862.0,,,,,,,,,,,2.0243108956398865
ACT-CLJ0248.2+0238,AGBT22B_242_04,26,0.01,236,236,42.0169,2.6761,ACT-CLJ0248.2+0238_242_04_s026,237.0,237.0,3.2,2.0,10.0,42.017083795327,2.6759432959800957,0.0010284447868819727,0.015020185891230498,236.99997446433966,236.9999733330477,2.9998692234574955,0.024265642644522033,1.258911703720697E-4,49.67301739014505,236.77203207057295,236.73359607745195,2.4863883977096095,55.1277577169147,46.878726959228516,0.0,2.9558053938671947E-4,815927.0,,,,,,,,,,,0.8689965918544152
ACT-CLJ0249.6+0210,AGBT22B_242_04,19,0.007,162,279,42.4246,2.2339,ACT-CLJ0249.6+0210_242_04_s019,161.0,280.0,5.120000000000001,2.0,10.0,42.42567728514095,2.233922437461577,0.0011442009009642795,0.006193225666896778,161.0000028069797,279.9999995982695,2.9999925326702184,0.010006198117883012,1.3473278014701511E-4,9.448539952110329,161.99323754342947,279.6094737263584,2.9793378100986785,15.056223230181006,8.238895416259766,0.0,5.12339873239398E-4,321541.625,,,,,,,,,,,3.87611560849063
ACT-CLJ0253.5-0017,AGBT22B_242_04,17,0.003,162,162,43.3929,-0.2964,ACT-CLJ0253.5-0017_242_04_s017,162.0,163.0,3.2,2.0,10.0,43.3932800293,-0.2964962318069979,9.696273856877439E-6,0.003792277304455638,162.0,163.0,3.0,0.006127092564183628,4.712160915387242E-5,23.93394948659288,162.1517846650857,162.60922852554447,2.7612023963693706,32.75840126656256,22.444005966186523,0.0,1.4231534441933036E-4,3401177.0,,,,,,,,,,,1.4112593532640212
ACT-CLJ0256.5+0006,AGBT22B_242_04,12,0.001,172,172,44.1298,0.1097,ACT-CLJ0256.5+0006_242_04_s012,173.0,172.0,5.120000000000001,2.0,10.0,44.130115531882005,0.1087644247500153,1.4414547275238223E-4,0.0018939668382393323,172.9999999323238,172.00000009805223,3.0000000364300066,0.0030600374080205304,1.3517920158511815E-4,10.527203086081933,173.2018894588452,172.803656053518,2.8180205321500833,15.007665882642586,9.369237899780273,0.0,1.5349278692156076E-4,3579911.0,,,,,,,,,,,3.554467941530736
