cluster,x,y,sigma_dog,theta_1,theta_2,ra_deg,dec_deg,dist_center_radians,amp_fit,x_center_fit,y_center_fit,sigma,int_flux_Jy,int_flux_err_Jy,amp_snr,x_snr,y_snr,sigma_snr,snr,masked,noise_ps,hits_ps
ACT-CLJ0200.3+0019,168.0,169.0,3.2,2.0,6.0,30.08734196611677,0.32757918364171584,8.939522765649985e-05,0.009381150879114925,167.99999983722125,168.99999094002874,2.9999662624400183,0.5304796527188017,3.1244855571929864,66.87311956825226,168.46231386715348,168.72140248354242,2.759506407782282,49.24818801879883,0.0,0.000122121098684147,3812276.75
ACT-CLJ0200.3+0019,181.0,179.0,3.2,2.0,6.0,30.080119620028288,0.33313473415316397,0.0002472074429934511,0.0013698412246638968,180.99999986128722,178.99999994895182,2.9999999227150607,0.07746269231266065,3.1273000219413647,11.891298807332447,179.93053139437407,178.75380799179348,2.553444137007886,7.799314022064209,0.0,0.00012454642273951322,3742779.5
ACT-CLJ0201.6-0211,156.0,171.0,5.120000000000001,2.0,6.0,30.428911042918273,-2.197522989260896,0.00010488123733208685,0.0006922779720732672,155.9999998373618,170.99999998327831,2.999999618854164,0.03914738709628922,3.2428474948012065,5.420387290402363,155.09846846910935,171.37962234841984,2.4259085519538828,5.656224727630615,0.0,0.00013706227764487267,4044124.0
ACT-CLJ0201.6-0211,128.0,168.0,5.120000000000001,2.0,6.0,30.44447806762012,-2.199189540112098,0.0003347672652227937,0.0009010858920667627,128.00000000188058,167.99999994816034,2.9999995408245823,0.05095519113961522,3.2428308271957276,5.39928237566392,128.6295836137111,168.0326409739337,2.6931986884319916,5.7704315185546875,0.0,0.00014799127529840916,3513853.25
ACT-CLJ0201.6-0503,270.0,164.0,3.2,2.0,6.0,30.35246993090884,-5.058017730577192,0.0010473767387989244,0.015525579760876748,269.9999767222555,163.99999029752425,2.9998980974063127,0.8778912091178948,3.206693213677214,31.715995469078518,269.5556016801794,164.0601340915108,2.6222934849276047,32.95976638793945,0.0,0.00043901591561734676,342866.9375
ACT-CLJ0203.0-0042,166.0,163.0,3.2,2.0,6.0,30.750186588333285,-0.7101276704818641,3.9978761266027554e-05,0.004177138808514334,165.99999831883156,162.99999955123766,2.9999918117070337,0.23621034524441065,3.179962626416699,30.317478111583753,165.8111234085981,163.27088765627758,2.642551670233405,31.862520217895508,0.0,0.00012373345089145005,4976848.0
ACT-CLJ0203.2-0123,164.0,179.0,3.2,2.0,6.0,30.815395900969442,-1.390753180310845,0.00016597347203687595,0.002216788333626812,163.99999969255197,178.9999996852545,2.9999977971638945,0.1253562428896986,3.194682608058307,14.90359552968335,164.01285724097275,179.09685946987454,2.856594759750528,17.60135269165039,0.0,0.00012473564129322767,4658644.0
ACT-CLJ0248.0-0331,173.0,172.0,3.2,2.0,6.0,42.013259755175,-3.529051119408406,0.0001441454727522926,0.001479414978422175,172.99999990775663,171.99999988110756,2.9999977694236764,0.08365882169572916,3.187143041046984,11.521868571463305,173.33449545804768,172.20729769507065,2.4533297498401456,13.697317123413086,0.0,0.00012152061390224844,4837591.5
ACT-CLJ0248.2+0238,184.0,160.0,3.2,2.0,6.0,42.04656078825868,2.6331518675496786,0.00021419768726784844,0.01731628698575565,183.9999680003637,159.99999469288176,2.999859597304597,0.9791213057264309,3.1854124952283676,121.33476433127016,183.68455647392318,160.40801477569963,2.7170965992888996,57.20205307006836,0.0,0.00012766664440277964,3814088.5
ACT-CLJ0248.2-0216,199.0,192.0,5.120000000000001,2.0,6.0,42.03920866104936,-2.253232556607977,0.00046187248409627104,0.00423311036992348,198.99999966540216,191.999999878111,2.999995367484886,0.23937601264271138,3.2500869626970457,23.695612568830306,199.29195039338106,192.36590299060785,2.6865536566164203,25.98055648803711,0.0,0.000154091976583004,3013779.0
ACT-CLJ0248.3+0122,166.0,236.0,5.120000000000001,2.0,6.0,42.09918320091757,1.4117895288292674,0.000718571622976345,0.001634072635934838,166.0000000144485,235.99999965742356,2.999998716092975,0.09240455150011063,3.2722820208327645,7.431194289942043,166.58421151564085,235.5794811653402,2.570583689917942,8.093278884887695,0.0,0.00020298597519285977,1759955.25
ACT-CLJ0248.3-0337,167.0,255.0,5.120000000000001,2.0,6.0,42.08960496814033,-3.572441894812793,0.0009030555454170754,0.004191480023219743,166.99999787693926,254.99999885713032,2.9999902921294916,0.2370210772876828,3.281077982988371,14.412039034993724,166.71573485589343,254.98708244577958,2.9016456215183855,17.791213989257812,0.0,0.00024280851357616484,1196997.25
ACT-CLJ0248.7-0019,165.0,163.0,3.2,2.0,6.0,42.199432701886565,-0.32737862002248563,3.0662310195255027e-05,0.01829554501976502,165.00000043272345,162.9999896232047,2.9998380446233233,1.0344769951090633,3.313408704647893,115.99056251814322,165.51445633666765,163.26909335658743,2.7351805312515305,58.65280532836914,0.0,0.00013571578892879188,4277739.0
ACT-CLJ0248.9-0328,162.0,178.0,3.2,2.0,6.0,42.243686676,-3.4724984877571785,0.000155140380467154,0.004367848462101413,161.99999902721203,177.99999930868267,2.999992394870219,0.24699475924000158,3.388201305195663,24.901119094231202,162.00934492135733,178.1930621229579,2.8161527156856296,27.488887786865234,0.0,0.00014753066352568567,3270699.5
ACT-CLJ0249.6+0210,207.0,165.0,3.2,2.0,6.0,42.400103366954504,2.170033369065867,0.00043730084809851704,0.0018665975375485326,206.99999972871382,164.9999999341955,2.999996320417364,0.105553345072436,3.342436498422336,9.910356915504398,207.068302500949,165.4777559735012,2.5853108611748365,11.858551025390625,0.0,0.0001701653382042423,2376223.5
ACT-CLJ0253.5-0017,160.0,272.0,5.120000000000001,2.0,6.0,43.39451703421994,-0.23585564208636464,0.0010667660009325377,0.01585076479888715,160.0000021772694,271.9999703068119,2.999852143748059,0.8962512816589223,3.3621998401278863,36.9187858605475,160.5737981391485,271.4565901579787,2.7046350914024813,36.59038543701172,0.0,0.0003756421501748264,533093.75
ACT-CLJ0254.4-0538,158.0,166.0,5.120000000000001,2.0,6.0,43.61411046495443,-5.637724234190981,5.4850407917009116e-05,0.0038811728920878723,158.00000025996152,165.99999827024445,2.9999906413758493,0.21947378709018164,3.4171083552350576,22.623299956051245,158.6327297949026,165.74135574164933,2.709677315010879,24.960098266601562,0.0,0.0001512175367679447,3347530.0
ACT-CLJ0256.5+0006,168.0,177.0,5.120000000000001,2.0,6.0,44.13289331440838,0.11154220298360502,0.0001566480969237335,0.0017348923227938024,167.99999989126422,177.00000015359103,2.999998872487749,0.09810577582536581,3.3510858358755082,10.284428451985201,168.07840748967095,177.85193530777093,2.6588630498413415,12.01146411895752,0.0,0.00014971847122069448,3825836.5
ACT-CLJ0258.4+0147,231.0,167.0,3.2,2.0,6.0,44.58158571161069,1.7967677491878946,0.0006707970669664193,0.016680991414392873,231.00000297163086,166.99996994229897,2.9998916162638625,0.9432196846677814,3.3546520322483526,67.7702607752327,231.46192898320237,166.6682056940582,2.677907192156793,50.44069290161133,0.0,0.00021793371706735343,1527353.5
ACT-CLJ0259.4-0524,233.0,240.0,5.120000000000001,2.0,6.0,44.82657375912039,-5.36686504053285,0.0010227152488874027,0.004095955247233934,232.99999785636277,239.99999939900005,2.999997124687844,0.2316203684666895,3.321507194009383,9.47627964826059,232.3194874215353,240.10789267545093,2.717027239247373,10.88502311706543,0.0,0.0004060600185766816,328206.375
ACT-CLJ0300.2+0125,136.0,175.0,3.2,2.0,6.0,45.07028844976206,1.4247181430348492,0.0002818598496804805,0.010972790667635585,135.99999844743613,174.99999791797117,2.999930551326702,0.6204679657992134,3.9519622027729895,58.457955219437785,136.3911587431999,175.37902234961115,2.6649077088161013,45.93809127807617,0.0,0.00016538726049475372,2523447.5
ACT-CLJ0301.5-0248,158.0,166.0,3.2,2.0,6.0,45.390564894952306,-2.810605362739421,5.485040791692745e-05,0.0012560081818725286,157.9999999578931,165.99999961959887,2.9999969840592318,0.07102544658044074,3.3227505255407936,10.984375513810717,158.36112243380825,165.73395327768006,1.9851829212275987,10.873100280761719,0.0,0.00014125971938483417,3604090.25
ACT-CLJ0839.5-0140,173.0,174.0,5.120000000000001,2.0,6.0,129.8744252225712,-1.6730429966128988,0.0001578439012574666,0.001988220996482307,172.99999986378307,173.99999971666008,2.9999993419936097,0.11243119925239765,3.1465006603748313,13.53675101980699,173.05621135380898,173.77292999748732,2.8353376213638803,15.052486419677734,0.0,0.00012624732335098088,4452519.0
ACT-CLJ0839.5-0140,254.0,123.0,5.120000000000001,2.0,6.0,129.82940530246785,-1.7013756619412368,0.0009688995890561799,0.002185018071058035,254.00000001499407,122.99999999929496,3.0000002787463966,0.12355988392118863,3.1468706850287322,4.258001691386909,254.213966830614,123.98961605787875,4.747440681722997,3.277693033218384,0.0,0.00037275184877216816,618927.125
ACT-CLJ0839.5-0150,95.0,104.0,3.2,2.0,6.0,129.9171402516615,-1.8763503130013244,0.0008592559830681089,0.0034753815676140075,94.99999857349653,103.99999944917656,2.999996892807871,0.19652779052190747,3.165920149720632,13.120868624597271,94.70759360611581,104.1784966348997,2.5163143545226805,15.458717346191406,0.0,0.0002573637175373733,1231719.5
ACT-CLJ0842.3+0033,225.0,212.0,3.2,2.0,6.0,130.5639667277687,0.5787845814668613,0.0007798720584037929,0.017017439251857946,224.99999871044875,211.9999890264677,2.9998461342732092,0.9622148096099594,3.1716006246994293,71.37836013448101,225.3971750296183,212.13438812777767,2.6151102106351534,52.25769805908203,0.0,0.00020898315415252,1668725.375
ACT-CLJ0842.3+0033,44.0,219.0,5.120000000000001,2.0,6.0,130.66452741454987,0.5826731959916571,0.0012706552179494153,0.00844334784090299,43.99999885447013,218.99999911318423,3.0000039872284288,0.47746134103873816,3.1797894265646485,6.930918112105706,43.996316303523734,219.16183407343323,3.7567142771413784,5.783632755279541,0.0,0.0009090364910662174,43087.58984375
ACT-CLJ0842.9+0424,178.0,265.0,3.2,2.0,6.0,130.73000631344266,4.453607343748663,0.0010106937741252435,0.004252276389035263,177.99999931746638,265.0000003861835,2.9999868224999653,0.24045845232544968,3.1797876918083903,11.47951290168127,178.23411403824477,265.42286144582187,2.824508174524978,14.081178665161133,0.0,0.00030188437085598707,688489.875
ACT-CLJ0844.6+0216,172.0,160.0,5.120000000000001,2.0,6.0,131.16813086676157,2.272737888642643,9.888297888940045e-05,0.0018232616626489661,171.99999957602182,159.99999969322016,2.999998952288247,0.1031029459942817,3.1745176048025106,11.637724362643892,171.6626299026341,159.78131237003828,3.0838476227981353,14.16569995880127,0.0,0.00012924656039103866,4473494.0
ACT-CLJ0845.4+0327,171.0,207.0,3.2,2.0,6.0,131.3670610511735,3.484586367644128,0.0004449733770848837,0.017183468402987,170.99999678313227,206.99998121568845,2.999854235287542,0.9716078214593383,3.1809160365334557,101.85443204054934,171.39156282629287,207.05862300900358,2.6858486209723913,57.79252243041992,0.0,0.00014798861229792237,3360045.0
ACT-CLJ0848.4+0412,246.0,159.0,3.2,2.0,6.0,132.06091942258416,4.200835141747444,0.0008150061012438209,0.0037210757966209328,245.99999938034583,159.00000010894294,2.999997894972995,0.21042158365435049,3.178769292350974,13.427307158459907,245.79149325539845,159.43532538700808,2.609819228231174,15.278803825378418,0.0,0.0002420328528387472,1141060.875
ACT-CLJ0849.8+0440,189.0,167.0,3.2,2.0,6.0,132.44130985807453,4.671926539352691,0.0002662505635467982,0.01633029074675184,188.99996978343245,166.99997519318737,2.9999068682567485,0.9233988514380064,3.238360302980203,105.61985058944786,188.57178234522056,166.7437184457226,2.6558370306985055,58.81897735595703,0.0,0.00014182906306814402,3846316.5
ACT-CLJ0852.2-0101,202.0,196.0,3.2,2.0,6.0,133.05184052236388,-1.0050279954979422,0.000509031246636049,0.003952056979936795,201.9999986773719,195.9999993516237,2.999995098483675,0.22348282687367274,3.2098758288415663,21.050479838196516,201.7967038008037,196.0782262856151,2.6388036901169873,22.764705657958984,0.0,0.0001697968109510839,2090797.875
ACT-CLJ0852.2-0101,182.0,72.0,5.120000000000001,2.0,6.0,133.0629531029575,-1.0739169280825478,0.0008939520408112825,0.0015988659207429924,181.99999995596096,72.00000000799129,3.0000005684873523,0.09041377201831027,3.210394639806561,4.047091579400989,181.091712263069,72.40122085510825,4.645873961734088,3.8967092037200928,0.0,0.0002627002540975809,978744.25
ACT-CLJ0853.4+0132,168.0,239.0,3.2,2.0,6.0,133.36176244266326,1.58189415078732,0.0007488761781139164,0.0018648626148408361,167.99999999236022,238.9999997366582,2.999999214043807,0.10545544117769493,3.2154874883669238,8.575815938596312,168.42208639588884,238.71142549431912,2.588465596859726,9.911149978637695,0.0,0.00019547481497284025,1638910.875
ACT-CLJ0853.4+0132,200.0,43.0,5.120000000000001,2.0,6.0,133.3439789708601,1.4730051992171447,0.0012112576894662396,0.0036670518578391397,199.99999672370885,42.99999821116898,2.9999830744191063,0.20736455732103637,3.216713703375654,5.573595237663399,199.31882196778471,42.853908334575294,2.629944897293418,6.211936950683594,0.0,0.000634708208963275,98522.375
ACT-CLJ0855.4-0106,168.0,163.0,3.2,2.0,6.0,133.86824806453697,-1.1165647085011958,5.8980131232011966e-05,0.017551231779668434,167.9999865949178,162.99998210689836,2.999864651284038,0.992409221165279,3.22689228309058,114.5669034240644,168.15754351411556,163.06916065635372,2.770964797803823,58.00179672241211,0.0,0.0001317826972808689,4073394.0
ACT-CLJ0856.3+0146,171.0,178.0,3.2,2.0,6.0,134.08302551140935,1.7905452666827109,0.00017799992480890036,0.0041453985325149234,170.99999864768367,177.99999995940013,2.9999913154500515,0.2344154071663461,3.2067088361316216,28.8960199909406,170.88727561006502,178.45527909208025,2.7513516213225517,30.3301944732666,0.0,0.0001243528677150607,4411286.0
ACT-CLJ0856.4-0013,212.0,164.0,5.120000000000001,2.0,6.0,134.07801118588128,-0.22950577413597442,0.00048520135071147336,0.0021285500243711096,211.99999975053012,163.9999999007672,2.9999994623438746,0.12036662500461401,3.1939892849999403,10.887394751185385,211.7646478617224,164.15247458175298,3.2174704188451746,12.373416900634766,0.0,0.00015120769967325032,2420234.5
ACT-CLJ0856.5+0143,110.0,60.0,5.120000000000001,2.0,6.0,134.15904331847557,1.6671336784353123,0.0011101276274352418,0.004060024251064727,109.99999550301287,59.999996982614995,2.999991674259897,0.22958768815949113,3.179884150605741,6.015474657099182,109.57544335173003,59.823055752705,3.1639941983602364,7.422779083251953,0.0,0.0005895851645618677,220210.8125
ACT-CLJ0857.8+0310,166.0,269.0,3.2,2.0,6.0,134.46357928524796,3.2353935187989684,0.0010382256316080456,0.016320074079838768,165.99999516111885,268.99997201729406,2.9998466886078354,0.9227841242585734,3.1911140499244874,50.992509428036236,166.47453148598558,268.6091878569636,2.556595038187973,44.49653625488281,0.0,0.0002973299997393042,824714.375
ACT-CLJ0859.0-0119,165.0,162.0,3.2,2.0,6.0,134.75373449188174,-1.3348456615551503,2.9088821562552194e-05,0.0039797347284342855,164.99999821271487,161.999998533195,2.9999932664061943,0.22504768669299505,3.161326360553023,29.43658281109973,164.66643831985022,161.80417567128237,2.669816911376931,32.35267639160156,0.0,0.00012355342914815992,4578817.5
ACT-CLJ0859.4+0308,175.0,173.0,3.2,2.0,6.0,134.86932324522832,3.1499809630456426,0.0001651215923193247,0.0017824123147526748,174.99999968229653,172.99999987715296,2.9999993045825533,0.10079299507768856,3.173810648007496,14.200072772715025,174.55470544244727,173.2553214036529,2.556363346179704,15.146773338317871,0.0,0.00011904272832907736,4789265.0
ACT-CLJ0901.5+0301,213.0,113.0,5.120000000000001,2.0,6.0,135.35799583851698,2.9902675617545826,0.0006857671044610391,0.003398596970522761,212.999999546955,112.99999994970926,2.9999909471823973,0.19218497106968016,3.2234018255512553,11.62621396099216,213.3741508770099,113.36775966886994,3.6423101549306733,14.738466262817383,0.0,0.00020239801960997283,1665719.0
ACT-CLJ0901.7+0408,238.0,161.0,3.2,2.0,6.0,135.40452101853452,4.138915803250638,0.000736980468217435,0.017118562116368266,237.99998065448435,161.00000030107853,2.9998994989266214,0.9679670239840671,3.2895290993686834,61.11923055747437,237.80346563441395,161.45109818130516,2.7139754575954482,48.876251220703125,0.0,0.00024034199304878712,1323443.5
ACT-CLJ0903.4-0136,239.0,235.0,3.2,2.0,6.0,135.83023790016222,-1.564655987223336,0.001028810390897029,0.0035699000079739565,238.99999918173322,234.9999987030618,2.9999921040625064,0.20187202685368777,3.330876149216433,7.251090424714434,239.02450406198483,234.8227676536533,2.5267759763389077,8.156469345092773,0.0,0.0004570396267808974,307533.5625
ACT-CLJ0904.3+0206,162.0,161.0,3.2,2.0,6.0,136.080947876,2.1036839082410097,9.69627385667621e-06,0.001588657072570597,161.99999981141826,160.99999993386012,2.999998678536028,0.08983636184497325,3.3883520276606562,10.096048474290159,162.02113811462158,161.2771631994023,2.5121843868395723,11.143421173095703,0.0,0.00014542450662702322,3132140.0
ACT-CLJ0904.3+0206,258.0,87.0,5.120000000000001,2.0,6.0,136.02757999477242,2.0625719095183808,0.0011812348556310402,0.003794443499845805,258.0000001891955,86.9999992650639,3.0000011767454167,0.21457089315449926,3.388111270198571,5.319760890395892,258.14372132353816,86.60918500361619,2.971971221235105,5.560536861419678,0.0,0.0005802405066788197,178523.53125
ACT-CLJ0905.6+0434,194.0,193.0,3.2,2.0,6.0,136.39798225652768,4.591135574862508,0.00043200134756613397,0.016541490038265366,193.99997872268946,192.9999764270344,2.999877547732421,0.9353228648932562,3.478272547666292,76.63334295273837,193.88581063679806,192.884463109382,2.67825678724481,53.4095458984375,0.0,0.00019221003458369523,2117953.5
ACT-CLJ0905.6+0434,132.0,141.0,5.120000000000001,2.0,6.0,136.43253690333134,4.562246714003681,0.0003550743033797462,0.003361813735145008,132.00000002170322,140.99999889573428,2.999992483388418,0.19010513536068366,3.4851190438060926,16.14223330623461,132.534929782263,140.83314662807854,2.700272084409104,10.581396102905273,0.0,0.000185050826985389,2192621.75
ACT-CLJ0907.8+0057,161.0,234.0,5.120000000000001,2.0,6.0,136.97272360758825,0.9912657467394668,0.00069819893623759,0.004272757320627508,160.99999899737094,233.99999892214925,2.99999604453014,0.24161809701967,3.566119956838349,13.454282541329853,160.94288034163063,233.80856357151686,3.0304003574507496,17.168109893798828,0.0,0.0002549363416619599,1014372.125
ACT-CLJ0914.7+0011,257.0,161.0,5.120000000000001,2.0,6.0,138.6396658086351,0.185040250845493,0.0009211967874427629,0.001964025908606085,256.99999982146716,161.0000002761138,2.999996771775584,0.11106280956269596,3.26797837152875,6.113235246945363,257.1315893373419,161.7845252868615,2.6108644755644432,6.978453159332275,0.0,0.0002920033293776214,530387.375
ACT-CLJ0915.9-0132,201.0,260.0,5.120000000000001,2.0,6.0,138.9648066571964,-1.497196927779451,0.0010227152488873979,0.0020133429404928962,200.99999999486738,259.99999996773994,3.000000244056697,0.11385187956237525,3.2595576965688395,4.455478603208655,201.2290129934633,259.70046796930046,3.4382366190287765,4.8202409744262695,0.0,0.00034771632635965943,409641.875
ACT-CLJ0915.9-0132,155.0,163.0,5.120000000000001,2.0,6.0,138.99037102743551,-1.5510859050873116,6.856300985718445e-05,0.0008281592989828514,154.99999994397544,162.99999996517616,3.0000000350208715,0.04683130614774087,3.2594110828198155,5.97896665071704,154.12354398041538,162.69265663192343,2.8728637277033355,6.230808258056641,0.0,0.00012595714360941201,3537822.5
ACT-CLJ0916.1-0024,153.0,176.0,3.2,2.0,6.0,139.04462719688794,-0.39996093596870647,0.00016137815789730843,0.017729647192914783,152.99996185373533,175.99999506661328,2.999878901235957,1.0025069888903113,3.2309141620129616,121.14200988472355,152.56094210843284,176.36022741092341,2.7499318556621772,58.50830841064453,0.0,0.00012822236749343574,3627053.5
ACT-CLJ0916.7+0155,197.0,161.0,3.2,2.0,6.0,139.17752031301384,1.9224774519319374,0.0003395080618900727,0.0038757876941406906,196.9999980259702,160.9999985308888,2.999992700819928,0.2191695641328479,3.2633521760681066,23.706939310667394,196.63089087751447,160.78930112712683,2.7975576887803073,26.960561752319336,0.0,0.00014411256415769458,2963456.0
ACT-CLJ0918.7+0211,226.0,210.0,3.2,2.0,6.0,139.65402355415785,2.2160411621891836,0.0007757017529751471,0.016563684411202217,225.99996532343044,209.9999992915979,2.9998714039597805,0.9365739884265201,3.1195826031141216,82.28659469913232,225.53221751266807,210.44638049466053,2.623313357444259,54.36943817138672,0.0,0.0001839718024712056,2060209.25
ACT-CLJ0918.7+0211,139.0,224.0,3.2,2.0,6.0,139.7023931191294,2.2238193095100467,0.0006412015332254917,0.0026001965148682556,138.9999997550907,223.99999888794443,2.9999933249277353,0.14703699451810495,3.1277712586910877,16.541042366897585,139.21697130306438,223.5889351903878,2.542526862809606,10.879907608032227,0.0,0.0001487217377871275,3147150.5
ACT-CLJ0920.4+0134,168.0,264.0,5.120000000000001,2.0,6.0,140.09937222324925,1.6327869041785175,0.0009907292387736383,0.003950423143572003,167.99999983801902,263.99999871447375,2.9999932897626884,0.22339016653813096,3.075588870723923,14.418168657053862,168.28739411368136,263.76546375838586,2.75320550302729,16.951892852783203,0.0,0.00022629326849710196,1445992.75
ACT-CLJ0921.0-0148,169.0,159.0,3.2,2.0,6.0,140.26689163331278,-1.813460109067964,7.384462153254052e-05,0.0016818610497031752,168.99999964809177,158.99999961153424,2.9999987565517157,0.09510692288550456,3.0930672330025524,14.551223656259769,168.60412905923226,158.53432488904988,2.7126357684548803,16.21649742126465,0.0,0.00010693822696339339,4889246.5
ACT-CLJ0922.1+0346,170.0,205.0,3.2,2.0,6.0,140.53273145951556,3.7946794535798207,0.00042409419900560206,0.017056691088574095,169.99997422097795,204.9999956576007,2.999870876159985,0.9644501298349004,3.0619649161309,127.25359838475036,169.8348474981614,205.3981713980935,2.700213579568055,58.795162200927734,0.0,0.00011852064199047163,4200948.0
ACT-CLJ0922.1-0027,245.0,160.0,5.120000000000001,2.0,6.0,140.49478095480808,-0.4618218149144115,0.0008050241674739554,0.003893504806755845,244.99999935572407,159.99999966330452,2.9999993515996146,0.22017241458388964,3.0518045460512293,17.645523880014462,244.39190579736152,159.8942414128399,2.8045690093360194,19.736772537231445,0.0,0.00019071548013016582,1886075.5
ACT-CLJ0930.4+0216,241.0,231.0,5.120000000000001,2.0,6.0,142.5640159405705,2.315416522620101,0.0010170458770184208,0.001875261409872487,241.00000004284706,231.00000007568795,3.0000002723841677,0.10604355369507265,3.058951218893429,5.80852445075569,241.53359774982755,232.20138201556847,2.991859085898511,4.978275299072266,0.0,0.0002619490260258317,1044251.8125
ACT-CLJ0935.2+0048,184.0,161.0,3.2,2.0,6.0,143.8002460762486,0.7972863328377586,0.00021353827775833393,0.017640949540785357,183.99997472979834,160.9999865721608,2.9998676245175524,0.9974841605095067,3.047228842587731,140.70826890983597,183.88526372452174,161.18709993520403,2.743824093983389,61.37641525268555,0.0,0.00010844167263712734,6132198.5
ACT-CLJ0935.3+0233,200.0,194.0,3.2,2.0,6.0,143.8253185030326,2.566255968261674,0.00048170085491457777,0.0036552627470782246,199.99999756584393,193.9999977327137,2.9999870914134696,0.2066984598754542,3.0644338685226944,29.664626759876928,199.5125402534385,193.56872250770252,2.557266345884717,29.87537384033203,0.0,0.00012017524568364024,4225724.5
ACT-CLJ0940.9+0322,168.0,236.0,5.120000000000001,2.0,6.0,145.23379759939206,3.4090770359353066,0.0007198788304878846,0.0018123686433969134,167.99999976838978,235.99999991923605,2.9999982762267647,0.10248691450622542,3.0630865857098826,10.652483626487715,168.14259720762075,236.2472924050546,2.591473923342109,12.433670997619629,0.0,0.00015384529251605272,2494807.25
ACT-CLJ0947.9-0120,169.0,163.0,3.2,2.0,6.0,146.992341131574,-1.3366281552616144,6.856300985764369e-05,0.01797709050413957,168.99998558637375,162.99998895082777,2.9998555146409505,1.0164825999835851,3.101655436847582,139.83974994208046,169.15077057440107,163.24012475950815,2.756022779386009,60.68122482299805,0.0,0.00010975773329846561,5298219.0
ACT-CLJ0951.6-0014,167.0,177.0,3.2,2.0,6.0,147.92207266298934,-0.23415581045446787,0.00015331154982265732,0.004102317650096891,166.99999834005817,176.99999891766757,2.9999954824467414,0.23197989920430598,3.0669533017067394,33.350565706391116,166.67138681159776,176.991158679709,2.7203211565357304,34.50728225708008,0.0,0.00011010929301846772,5219577.0
ACT-CLJ0956.1+0158,212.0,164.0,3.2,2.0,6.0,149.0196299689732,1.9785732894492163,0.0004852013507111036,0.0017447728920173885,211.9999999632584,163.99999982497337,2.9999969131036237,0.0986643795506095,3.121373788673103,13.510256374738647,212.38069563277097,164.22660725791746,2.3716970531152732,14.999241828918457,0.0,0.00012542487820610404,3926972.0
ACT-CLJ0957.6+0234,93.0,238.0,5.120000000000001,2.0,6.0,149.4459507925261,2.6149915102262558,0.0009953211200720857,0.0017695966166759458,93.0000000627491,237.9999998806249,3.0000000901466723,0.10006833716768189,3.10458434755551,5.232586271117864,93.69613944677671,237.96143818014502,3.184877370920678,5.597443103790283,0.0,0.00027044882881455123,785588.1875
ACT-CLJ1005.5+0235,169.0,268.0,5.120000000000001,2.0,6.0,151.38184916252632,2.642144869728146,0.001030043346394653,0.01696777127639451,168.9999846579603,267.9999863427129,2.9999307467595053,0.9594605619122311,3.161725832904337,50.722450233500986,169.208106948274,267.98428032541995,2.8066995487611797,43.81110763549805,0.0,0.0002890929172281176,694349.8125
ACT-CLJ1006.9+0255,167.0,164.0,3.2,2.0,6.0,151.73792599133228,2.926684218275393,5.221603268755926e-05,0.0037839933682106627,166.99999846203445,163.99999966780194,2.9999939701591045,0.21397892362728643,3.177901748620392,30.099111190930817,166.68604366745015,164.34625652556252,2.6343162264421243,31.29871368408203,0.0,0.00011425695265643299,4497568.0
ACT-CLJ1020.1-0013,209.0,218.0,3.2,2.0,6.0,154.9995082502344,-0.1946482281942924,0.0007088896817622533,0.0020128082180497324,208.99999988568166,217.9999999824457,2.9999984516024347,0.11382150570233113,3.277111303107819,8.403438741881923,209.16680525639,218.1546617532729,2.690811642766267,9.994261741638184,0.0,0.00020588355255313218,1441387.25
ACT-CLJ1020.3-0100,163.0,165.0,3.2,2.0,6.0,155.09029518680177,-1.0175843222055956,3.0662310195415224e-05,0.017498411877701115,162.99997059894184,164.99996914821702,2.999886537729048,0.9894370329192744,3.9207231640162457,76.54471096252716,162.64278729861442,164.6157463266193,2.779569230779124,52.15700912475586,0.0,0.00020489055896177888,1277064.125
ACT-CLJ1027.8+0004,242.0,163.0,3.2,2.0,6.0,156.9158063868415,0.06718377540519697,0.0007757623522832286,0.01651950590105756,241.99998361214446,162.99998483282133,2.9998719952812922,0.9340763349468825,3.234492093326031,63.53741990678004,241.91494061209238,163.13599496992506,2.7014297159334113,50.59148406982422,0.0,0.00022688665194436908,1234323.125
ACT-CLJ1029.9+0016,231.0,250.0,3.2,2.0,6.0,157.43626020850178,0.3186701281728189,0.0010842927422991073,0.0031695555284103243,230.9999978050655,249.9999972983618,2.9999834517243897,0.17923216519903884,3.3558155528404807,7.966120944293252,230.64287470702672,249.71632175278296,2.4017435988440594,9.079791069030762,0.0,0.00041749808588065207,332845.53125
ACT-CLJ1031.2+0031,173.0,177.0,5.120000000000001,2.0,6.0,157.80614448019654,0.5362147739272434,0.0001803611175838483,0.004397538173482985,172.99999857582242,176.99999871237543,2.9999903487808854,0.24867332514628657,3.937526268967077,17.729446608463135,172.82617786222397,176.96717588090934,2.952779207935808,21.798925399780273,0.0,0.00020390468125697225,1421792.5
ACT-CLJ1032.1-0249,163.0,209.0,3.2,2.0,6.0,158.0401542290609,-2.80079604783248,0.00045582797988580706,0.001840968520163247,162.99999991318478,208.99999985232222,2.9999985251550734,0.10410421485337118,3.910806814396715,7.4689535649358545,163.28081336178792,209.1475804593782,2.53435565883889,8.412123680114746,0.0,0.0002266616647830233,1024635.125
ACT-CLJ1035.1+0249,104.0,63.0,5.120000000000001,2.0,6.0,158.8227874286844,2.776846766953594,0.001112538696312663,0.005687471309418483,103.99999917037411,62.999997441962606,3.000004038478143,0.32161979139834307,3.9981639756913787,3.519682654008957,102.28377027990128,63.756520384110004,6.707330271078388,4.738231182098389,0.0,0.0008625256596133113,100119.359375
ACT-CLJ1035.1-0248,166.0,237.0,5.120000000000001,2.0,6.0,158.78247367987782,-2.7619536760305285,0.0007282539453048931,0.004022759991336911,165.99999955866463,236.99999927119345,2.999996019101446,0.22748111452620673,3.1967836297508883,18.766595856629,166.14711533163822,236.97623355503447,2.8508202926337294,22.10881996154785,0.0,0.0001776706922100857,1899241.375
ACT-CLJ1107.4+0121,162.0,179.0,3.2,2.0,6.0,166.862792969,1.366039722377593,0.00016483665407565707,0.0169581029391349,161.99999237364017,178.99996042510728,2.9998793644292263,0.9588810075997695,3.133686384569416,124.63842415078258,162.34398541338538,178.50759882270583,2.736632487515384,58.11136245727539,0.0,0.0001227713655680418,4303472.0
ACT-CLJ1110.2-0030,210.0,162.0,5.120000000000001,2.0,6.0,167.5490769314317,-0.504108791587365,0.0004654211115290565,0.0035797654297982395,209.99999957619778,161.99999888288752,2.999996852021727,0.2024305411329539,3.165070827958084,24.222877193483377,210.1647483360819,161.75657027515197,2.6777539941319333,25.939678192138672,0.0,0.00013089628191664815,3771745.0
ACT-CLJ1110.3+0143,215.0,216.0,3.2,2.0,6.0,167.56825897821008,1.7581736177189304,0.00073365611308646,0.0015460049746593282,214.9999999494529,215.99999919388105,2.999992667703272,0.08742409432662046,3.122642788826842,10.044931861197217,215.4849477855606,215.62657900025874,2.1049722725557913,10.986485481262207,0.0,0.00017626149929128587,2009790.5
ACT-CLJ1111.1+0044,166.0,161.0,3.2,2.0,6.0,167.7984825442597,0.7481582948432506,3.997876126602817e-05,0.017569112187165434,165.99996758553888,160.9999842013877,2.9998816955599117,0.9934315317822867,3.1679782094656534,122.81573864753963,165.68052493141664,161.11074458623247,2.766776547705286,60.2235107421875,0.0,0.00012520854943431914,4672076.0
ACT-CLJ1112.8+0229,178.0,171.0,3.2,2.0,6.0,168.19587558085533,2.5015972600243646,0.0001779999248090662,0.004115921315507844,177.99999993986182,170.99999882662163,2.9999920226285033,0.2327486291961645,3.191570012391321,30.119653886312516,178.50097200888155,171.0013000124879,2.680060928905196,30.63255500793457,0.0,0.00012113474076613784,4154842.5
ACT-CLJ1116.7+0218,166.0,205.0,3.2,2.0,6.0,169.19563665991615,2.3282576206909225,0.00041873982353776457,0.0015543248438307608,165.99999996068564,204.999999720701,2.999998981391982,0.08789493950505096,3.23451376114624,11.260484780015629,166.36620740246238,204.66423785798102,2.4106766592746682,12.448344230651855,0.0,0.00013547026901505888,3422692.25
ACT-CLJ1117.9-0211,244.0,232.0,3.2,2.0,6.0,169.45285613510853,-2.144645298539155,0.0010454000473702168,0.016313130358490167,243.99996857573495,231.9999822725976,2.9998839927663314,0.9224144468728855,3.3761292268355505,43.60482130921014,243.59121230136228,232.0732995319314,2.632566126430824,41.29958724975586,0.0,0.00034563979716040194,603474.75
ACT-CLJ1118.7+0039,166.0,237.0,3.2,2.0,6.0,169.69473806327056,0.6961587400188354,0.0007282539453046997,0.017517412268717003,165.99998653358534,236.99999700979126,2.9998799190011622,0.990507027669557,3.9438753661140167,50.106174025138095,166.07825726146552,237.23918230677086,2.6571161343879615,43.815547943115234,0.0,0.00030139461159706116,594365.25
ACT-CLJ1118.9-0041,271.0,163.0,3.2,2.0,6.0,169.67842309515214,-0.7003682709483346,0.0010569379342203835,0.0036048457250588174,270.99999995592816,162.99999968904046,2.999989655460683,0.20384781743393562,3.9350729805558076,6.249048727061967,271.33513167547727,163.35406791298797,2.4217208823367695,6.425690174102783,0.0,0.0005328558618202806,176764.984375
ACT-CLJ1125.7+0010,166.0,163.0,5.120000000000001,2.0,6.0,171.43433172255425,0.17334971866561255,3.9978761266209984e-05,0.0015661915824970172,166.00000000776302,163.0000000067232,2.9999998016006266,0.08856603574006394,3.899083476891982,6.686745092202943,166.19033658880673,163.23427313917858,2.966160966220452,8.068705558776855,0.0,0.00018741865642368793,1621108.375
ACT-CLJ1127.5+0003,264.0,192.0,5.120000000000001,2.0,6.0,171.83969560479036,0.0783960705863786,0.00103091009779213,0.004579257188243837,264.0000019352726,192.00000006197934,2.9999819724606627,0.2589477811911383,3.8985854322709304,5.301935251277507,264.25387525089707,191.85440233714843,3.9204500603236445,7.702284812927246,0.0,0.0005214871489442885,159648.3125
ACT-CLJ1128.3-0058,212.0,162.0,5.120000000000001,2.0,6.0,172.05130441298328,-0.9861282739316348,0.000484813654864591,0.016581454172534205,211.99997832694874,161.9999698636742,2.999922872120781,0.9376109305691867,3.882721878410475,69.7687737373817,211.7366719481159,161.51562019927033,2.738085732565072,49.42723846435547,0.0,0.00021604183712042868,1129656.5
ACT-CLJ1129.8+0256,219.0,215.0,3.2,2.0,6.0,172.43359238892816,2.9655807117821453,0.0007546914416776394,0.0034691335749812424,218.9999998336716,214.99999964085873,2.999999145802576,0.19617477024798652,2.0,11.995810983241379,219.10038987365616,214.61581445156762,2.4159135732361783,13.123602867126465,0.0,0.00029081435059197247,675469.6875
ACT-CLJ1136.9+0006,181.0,173.0,5.120000000000001,2.0,6.0,174.2245365906589,0.10194765950315432,0.0002128768256646621,0.018227955670993005,181.00000269144442,172.99997903196675,2.999859837146963,1.0306702947246293,3.906119323183903,78.01788009753506,181.50163818810398,172.97872564836626,2.7903250733090785,52.376644134521484,0.0,0.00019832466205116361,1449753.75
ACT-CLJ1138.5-0011,169.0,207.0,5.120000000000001,2.0,6.0,174.63841455981532,-0.17710109708424476,0.00044157982273595526,0.004243880430663844,168.99999981663183,207.0000002166218,2.9999969565668367,0.2399852975861498,3.9862694727752204,14.83020142520883,169.406627838126,207.5624042681158,2.779112600799001,16.336694717407227,0.0,0.00024386419681832194,1015992.75
ACT-CLJ1139.3+0154,196.0,267.0,3.2,2.0,6.0,174.81549644148015,1.958599855454734,0.0010701537528236386,0.00544763367981493,195.99999972388747,266.9999997684429,3.0000016698116685,0.3080567699940949,3.943494719299811,6.254700106246714,195.66366200247418,267.0414557153794,3.0844262651793035,6.3299126625061035,0.0,0.0006882416782900691,139739.875
ACT-CLJ1139.3+0154,74.0,241.0,3.2,2.0,6.0,174.883313384064,1.9441548206927062,0.0011466633139252378,0.004366153884470129,73.99999454731446,240.99999940499393,2.999967685774412,0.24689486652521006,3.9442451247328605,7.607455882079495,73.46388024978184,241.39226350862103,2.1501618683262667,8.559412002563477,0.0,0.0006496424321085215,107208.46875
ACT-CLJ1144.0+0440,179.0,169.0,3.2,2.0,6.0,176.01771510065822,4.681697109991677,0.0001782638240210118,0.018014083352064798,179.0000011972628,168.99997319394805,2.999863501712259,1.0185797186419665,3.0753071987670766,143.16396201201923,179.49407416524545,168.88267562039132,2.787958690823078,59.69674301147461,0.0,0.00010699624544940889,5374508.0
ACT-CLJ1144.2+0227,171.0,202.0,3.2,2.0,6.0,176.05136126718892,2.483334234584299,0.0003975472071933089,0.003947591421724474,170.99999910058722,201.99999892884819,2.9999929415584163,0.2232299853366318,3.0936738920694564,29.988314637457005,171.00156417369374,202.00717814491367,2.715352757193622,30.617685317993164,0.0,0.00011540524428710341,4163839.25
ACT-CLJ1145.1-0100,82.0,263.0,3.2,2.0,6.0,176.33477954757342,-0.9533607503472965,0.0012493144748487637,0.007070948261422354,81.99999982636254,263.00000001924735,3.0000002586552257,0.39985277296529426,4.025938356370354,7.561020280202058,81.7685526052641,263.2341471711171,2.69679052860084,9.176944732666016,0.0,0.0007974202744662762,88000.75
ACT-CLJ1148.0-0234,173.0,166.0,3.2,2.0,6.0,177.0216384339502,-2.578121486350643,0.00011349197526114981,0.017296061301635843,172.99997091779477,165.999989260385,2.999893356611278,0.9779996890075939,3.884958380065251,77.48038310871289,172.6601960391604,166.16280649647132,2.7237273689753025,52.109310150146484,0.0,0.0001978224900085479,1419516.5
ACT-CLJ1148.0-0234,277.0,150.0,5.120000000000001,2.0,6.0,176.96380169338687,-2.5870087806814714,0.0011211252985927752,0.011490099830552936,277.00000036132406,149.99999768988346,3.00000880274456,0.6497536509603732,2.0,8.722964003321065,277.23644720246824,150.12585071710623,4.579396770840676,4.763972282409668,0.0,0.0008530962513759732,71426.0859375
ACT-CLJ1152.2+0031,170.0,157.0,3.2,2.0,6.0,178.05349299558011,0.5183418747766287,9.14744643627518e-05,0.01746688501559151,169.99997811311937,156.99998193710582,2.99988791622599,0.9876552734063604,3.079676765403715,134.400288846053,169.9413933187081,156.98982310923645,2.7693236527298644,59.34132766723633,0.0,0.0001125275666709058,4392079.0
ACT-CLJ1152.5+0356,187.0,159.0,3.2,2.0,6.0,178.13253207947287,3.9391124265175197,0.0002441459325184888,0.003933820367558587,186.99999991196037,158.99999936808118,2.9999937105530656,0.22245136827710055,3.0846064511021734,30.919300189287252,187.47417135321805,159.2150496289971,2.674842294961107,31.10227394104004,0.0,0.00011145981261506677,5001429.5
ACT-CLJ1152.5+0356,63.0,121.0,5.120000000000001,2.0,6.0,178.20158268077762,3.9179996240372494,0.0010389950727422393,0.0026461932312245727,62.99999995506441,120.99999991696069,3.000001550062942,0.14963885650647238,3.085060413292533,2.50230158640983,68.10752142785563,120.05744827924418,15.535156407101955,5.2357096672058105,0.0,0.00030525418696925044,821716.375
ACT-CLJ1153.4+0259,202.0,190.0,5.120000000000001,2.0,6.0,178.3505195003149,2.999964661983736,0.0004734323890308638,0.0017839733391564572,201.99999991551462,190.0000000514459,2.999999503688239,0.10088128227783877,3.0948699105135384,10.443404562588908,202.15608097176528,190.64725779953906,3.060341967063464,11.701395034790039,0.0,0.00013470706471707672,3733550.25
ACT-CLJ1158.3+0228,276.0,161.0,3.2,2.0,6.0,179.53568323724716,2.4673682462466284,0.0011054172961403497,0.01524017341444527,275.9999934283489,160.99997686926227,2.999914100947684,0.8617621512675656,3.120184334985361,30.243564455032992,276.1751301958843,160.843451242503,2.591627991182646,33.091976165771484,0.0,0.00046040001325309277,379606.9375
ACT-CLJ1158.9-0244,171.0,162.0,3.2,2.0,6.0,179.72859104337184,-2.7485253706163446,8.726646449178901e-05,0.004290952798041856,170.99999949082274,161.99999802072085,2.9999953611253183,0.2426469137626291,3.073381065542694,36.30567493348577,171.23011846353364,161.5917897064421,2.6837848849313577,34.85002899169922,0.0,0.00010747186024673283,4711501.5
ACT-CLJ1200.9-0125,170.0,175.0,3.2,2.0,6.0,180.22814389716402,-1.4277884449646563,0.00014800719578267717,0.0014961520067255287,169.9999997817149,174.99999964757927,2.9999976186485036,0.08460526843693754,3.0831300237715458,13.955325095015095,169.90243962233973,174.61248093334095,2.4263126312335643,16.07440757751465,0.0,0.00010678289254428819,4911021.0
ACT-CLJ1203.9+0126,222.0,215.0,3.2,2.0,6.0,180.9553490003379,1.4657673603467205,0.0007762469764381937,0.016728733137541717,221.99999149659462,214.9999638371331,2.9998833260238995,0.9459139923276769,3.136109802013146,73.78260746141834,222.13016921880342,214.58336089920664,2.706648203167079,52.316932678222656,0.0,0.00019961094949394464,1540913.0
ACT-CLJ1203.9+0126,127.0,177.0,5.120000000000001,2.0,6.0,181.00814386346823,1.444656416156951,0.0003692230915572229,0.0017893330797244529,126.99999959216046,176.99999978645624,2.9999995862040065,0.10118437393244427,3.144270480725776,13.443691648765542,126.4604131835169,176.829803639846,2.7822153640976737,9.329422950744629,0.0,0.00012099804007448256,4264944.5
ACT-CLJ1205.3-0245,167.0,265.0,3.2,2.0,6.0,181.3437004694691,-2.6956130659870383,0.0009998919138836182,0.004020645313212449,166.99999931969185,264.999998683538,2.999985491914619,0.2273599369620085,3.168187227701982,13.233202580333442,167.21028977807458,264.90286363562046,2.4582525255154506,15.149577140808105,0.0,0.0002852192847058177,829835.375
ACT-CLJ1205.5+0214,168.0,162.0,5.120000000000001,2.0,6.0,181.3813839565579,2.2443842849898408,5.81776430762658e-05,0.0016682901101913376,167.9999997296195,161.99999988220145,2.999998949749309,0.09433951712274165,3.1304860728985706,12.914276361553151,167.6504855040159,162.21426874426754,2.731400092911299,15.221001625061035,0.0,0.00011346284009050578,4351036.0
ACT-CLJ1208.3+0254,237.0,98.0,3.2,2.0,6.0,182.04684273495812,2.8781261472391155,0.0009560051069316923,0.002173685796391201,236.99999930820618,97.99999911773232,2.999991987231263,0.12291837931112942,3.0780433755063323,7.918832280807679,236.84739702705832,97.81469211459182,2.5808315331769043,8.743537902832031,0.0,0.0002594988909550011,886767.75
ACT-CLJ1210.2+0223,167.0,209.0,3.2,2.0,6.0,182.57330007379048,2.415650348885141,0.0004582963801506859,0.01657448163485137,166.99997611355352,208.99997116770345,2.9998918629739584,0.9371972878683438,3.165825374417946,109.6129844143125,166.7947418909814,208.69711434218158,2.7246761592181308,57.950523376464844,0.0,0.00013558096543420106,3213078.25
ACT-CLJ1210.2+0321,241.0,164.0,3.2,2.0,6.0,182.5133626622845,3.3633707033095597,0.0007662509207030235,0.004057902977436148,240.99999886861303,163.99999914803388,2.9999842677643573,0.22946660059139745,3.1445652674167146,16.87209859492162,241.0452550767435,164.28555849234215,2.6579986596238694,19.415081024169922,0.0,0.00021183279750403017,1454537.75
ACT-CLJ1220.4-0240,207.0,143.0,5.120000000000001,2.0,6.0,185.07661136104502,-2.682974609724643,0.0004736309347802832,0.007387707192599985,206.99999444865074,142.999998767717,2.9999854459336652,0.41776094613342407,3.1389383207359716,44.52104786913029,206.64249290911903,143.32062784623037,2.9163372852083325,39.27515411376953,0.0,0.0001394475402776152,2571514.0
ACT-CLJ1222.4-0127,181.0,163.0,3.2,2.0,6.0,185.599487432785,-1.4537307566556092,0.00018448418982870292,0.017610071595306975,180.99998643537958,162.99997502228618,2.9998541610869935,0.9957292701780036,3.162421472304642,126.64487061120285,181.15416795034469,162.91853376482334,2.7591838810147027,58.930545806884766,0.0,0.00012085566413588822,3892078.5
ACT-CLJ1222.6-0214,197.0,196.0,5.120000000000001,2.0,6.0,185.6353412478188,-2.2290345955023865,0.00047313441418659333,0.004190688729934393,196.99999948845527,195.99999860386754,2.999993897412196,0.2369769005761444,3.1661416608006623,24.79391331097304,197.13921903795114,195.81813943543557,2.8519168715233953,27.877771377563477,0.0,0.00014022096002008766,3407184.5
ACT-CLJ1224.3+0211,187.0,163.0,3.2,2.0,6.0,186.0668656626527,2.197269653810371,0.00024260068963378808,0.0037291473229177207,186.9999991517672,162.99999926333467,2.999997506687353,0.21087796248541818,3.6364818505240732,20.029923257199993,186.90615363977327,162.85079617354106,2.7313911114353404,22.188735961914062,0.0,0.00016526467516086996,2110581.75
ACT-CLJ1224.3+0211,100.0,138.0,5.120000000000001,2.0,6.0,186.1152342357076,2.183380434682107,0.0006446380666158551,0.001924664870442717,99.99999947288725,137.9999996869638,2.9999988148803864,0.10883714832681636,3.6367454715530227,7.890015154266694,99.43532450627325,137.76562106517014,2.701135472659539,8.306709289550781,0.0,0.00022988546697888523,1167109.375
ACT-CLJ1238.5-0004,201.0,195.0,5.120000000000001,2.0,6.0,189.6226356941653,-0.05159665035143013,0.00049536474094248,0.0018806066655088216,200.9999999787833,194.9999999855063,2.999999989726348,0.10634580079540802,2.0,8.404727005126976,200.55229407229646,194.9556619009676,3.3066114183236954,11.168225288391113,0.0,0.00017944855790119618,1669633.125
ACT-CLJ1238.5-0004,140.0,278.0,5.120000000000001,2.0,6.0,189.65652458265765,-0.005485568238720033,0.0011448170007495124,0.0037239338654357843,139.99999981672042,277.99999938501264,2.9999999160065323,0.21058348714217268,3.580583455674928,4.7250446351575865,139.91379221853472,277.5858254377086,3.4993822700149644,6.904986381530762,0.0,0.0005883384728804231,133451.21875
ACT-CLJ1250.6+0036,274.0,164.0,3.2,2.0,6.0,192.59078953303907,0.5993695510433636,0.0010861553788034924,0.014818060843305496,273.99998967913933,163.999977237138,2.9997680296542115,0.8378120194855365,3.702209487737513,28.521667500442554,273.87259884926164,164.20968370009072,2.527598793794759,30.016115188598633,0.0,0.0004795576387550682,256983.390625
ACT-CLJ1256.7+0235,168.0,164.0,5.120000000000001,2.0,6.0,194.17928043754233,2.5932141112063336,6.132462033233309e-05,0.0038177729584276676,168.0,164.0,3.0,0.21588997462686238,2.0,20.529483023469545,168.25547333595986,163.63164872614414,2.8216231608062463,22.821016311645508,0.0,0.00015811144839972258,2216931.0
ACT-CLJ1301.2+0218,242.0,160.0,5.120000000000001,2.0,6.0,195.26023741313725,2.310710369272316,0.0007759441218113983,0.021313171033441176,242.000005323425,159.99999341618556,2.9999070787587683,1.2051567678699475,4.929653902344592,11.68914140283364,242.46731603827462,160.40381766857814,3.238104212767321,15.57562255859375,0.0,0.0013465371448546648,533560.875
ACT-CLJ1324.9+0223,201.0,194.0,3.2,2.0,6.0,201.2084471098397,2.416335029316158,0.0004891575168669922,0.015037997363919125,201.000002198658,193.9999799101689,2.9998195801456995,0.8502764363836453,3.8492150103221268,32.40213585271989,201.5102146008461,193.96321708147286,2.420247702311084,33.422481536865234,0.0,0.0004464302328415215,2324842.75
ACT-CLJ1325.0+0209,167.0,237.0,5.120000000000001,2.0,6.0,201.25103488490757,2.192486436192567,0.0007288346642371642,0.0037420412854610873,166.99999997712803,236.9999981023059,2.9999975115558737,0.21160709836428587,3.5266536103952038,8.465650999059324,167.50811683677026,236.40098288322088,2.8235632664371533,9.546195983886719,0.0,0.0003893088432960212,1626035.0
ACT-CLJ1036.9+0154,238.0,237.0,3.2,2.0,6.0,159.19955943463677,1.9470485262483728,0.0010353237832879118,0.01686289878116068,237.9999865132092,236.99998100014702,2.9999211561704797,0.953524339074703,3.9717546601307174,30.235264094325455,238.091999070739,236.8667205840145,2.7389596291569114,31.795326232910156,0.0,0.0004960782825946808,210970.09375
ACT-CLJ1049.3-0002,164.0,165.0,3.2,2.0,6.0,162.35243503165685,-0.03486607432688943,3.496041255807947e-05,0.0038035198231227696,163.9999996551196,164.99999994091922,2.9999992932134774,0.2150838774682752,2.0,15.254221246186335,163.67264766285862,165.29099097553393,2.7822460101053266,17.487579345703125,0.0,0.00020965791190974414,1321581.5
ACT-CLJ1050.6+0017,180.0,164.0,3.2,2.0,6.0,162.6617070306008,0.2833208012086121,0.00017560698655425493,0.001103975138272331,179.99999979845063,163.99999966877385,2.9999941990912355,0.0624280818874532,4.039187322227215,6.8500800559060675,179.86399012531962,163.68437947419375,1.8901087393024123,7.130980014801025,0.0,0.0002114230883307755,1339710.75
ACT-CLJ1326.8+0216,166.0,180.0,3.2,2.0,6.0,201.71567152788356,2.2782156547061825,0.00017879045388431407,0.0013958991832731444,165.99999995601064,180.00000000328117,2.9999986563336125,0.07893616843851389,3.6720168498244,8.455725073079442,166.3748008547768,180.48684192111057,2.275723499076645,9.762890815734863,0.0,0.00016734260134398937,2420236.75
ACT-CLJ1328.4-0038,220.0,217.0,3.2,2.0,6.0,202.0813623636573,-0.6135084183727003,0.0007750348478642726,0.01675891120237237,219.9999776102687,216.99999438135126,2.999927209412829,0.9476481134308399,3.6118026460815575,51.577798078269005,219.59141389334536,217.274995727178,2.724029742942862,43.819515228271484,0.0,0.0002868784940801561,631348.1875
ACT-CLJ1331.1+0100,166.0,270.0,5.120000000000001,2.0,6.0,202.796254569497,1.0629142882208704,0.0010479151893384906,0.003072094585619046,166.00000257634883,269.9999997672203,3.0000025431862247,0.1737231506034891,3.6633658705543084,4.537411659207594,166.29585439372778,269.51889513771494,4.5358136990029605,1.324411153793335,0.0,0.00047040858771651983,212821.328125
ACT-CLJ1332.8-0006,166.0,163.0,3.2,2.0,6.0,203.21523077620188,-0.11560373441904653,3.997876126596394e-05,0.0017418847497698343,166.00000002937196,162.99999993261616,2.9999968520128153,0.09850105527862095,3.652533342098761,9.666675665501854,166.46153027193495,163.33047069003035,2.549864704111419,10.557088851928711,0.0,0.00016234150098171085,2277788.25
ACT-CLJ1340.9-0152,169.0,209.0,3.2,2.0,6.0,205.2384949610035,-1.8437690852457655,0.0004607515565521687,0.01728716685928769,168.99999601013033,208.99997945167337,2.9998717678344033,0.9774826868114553,3.6275585587983334,76.10873749787847,169.37274899891656,208.87454676586995,2.703869455243128,51.97456359863281,0.0,0.00019797052664216608,1500452.625
ACT-CLJ1343.1-0000,240.0,162.0,3.2,2.0,6.0,205.73204203853214,-0.014288676541316827,0.0007563092166404356,0.003274717176315849,239.99999849516436,161.99999915730857,2.9999893214537936,0.18517957532042748,3.721351713309106,11.248691413349672,239.65095725009257,162.25254837762614,2.3165187660603275,11.468341827392578,0.0,0.00030279887141659856,725616.5
ACT-CLJ1343.1-0000,247.0,76.0,5.120000000000001,2.0,6.0,205.72815314203802,-0.06206642740826307,0.0011724469806683841,0.00735875033895892,247.00000008268918,76.0000000067765,3.000001538161068,0.41612795479476344,3.722409332498232,3.9174954123825914,245.50022527121482,74.69688396478392,10.945294329736791,6.3116021156311035,0.0,0.0007043774239718914,234931.5625
ACT-CLJ0203.9-0205,235.0,239.0,5.120000000000001,2.0,6.0,30.954793091282664,-2.0530473867556673,0.0010288103908968203,0.0025563434202677416,234.99999928483396,238.99999978499133,2.999999223011736,0.14455773988517606,3.3623092113958015,5.481300448028516,234.2755877598013,238.57220472368058,3.8784651625537165,6.622846603393555,0.0,0.000326597539242357,633904.25
ACT-CLJ0204.5+0321,195.0,97.0,3.2,2.0,6.0,31.12256593020791,3.3250964460041215,0.0007068309793205416,0.004528347186197088,195.00000028136665,96.99999898886527,2.9999934082585553,0.2560708752493845,3.370296077870037,16.61599650426363,195.49935446451735,97.15722867500598,2.8418590544904436,18.858135223388672,0.0,0.00022514053853228688,1102650.25
ACT-CLJ0204.7-0116,177.0,165.0,3.2,2.0,6.0,31.19027678408271,-1.284787162821979,0.00014832446772988087,0.018211475461986672,176.9999976580181,164.99997883507692,2.9998622264737196,1.0297400882721857,3.3667028891959165,104.4033697887136,177.4637560862515,164.981380835819,2.828877949155092,56.66360092163086,0.0,0.00014778543845750391,2781719.5
ACT-CLJ0204.8-0303,194.0,196.0,3.2,2.0,6.0,31.198473223331604,-3.047011528715378,0.00045272355386251557,0.0040278729628891174,193.99999933903362,195.9999976605536,2.999989500221703,0.2277692556170025,3.340994468032131,22.313082368653237,194.19268362423944,195.5755710007548,2.63762807738531,24.54643440246582,0.0,0.00016501279606018215,2358246.75
ACT-CLJ0205.2-0439,164.0,238.0,3.2,2.0,6.0,31.322716833227116,-4.615018651138593,0.0007371718005386659,0.0021154811486725367,163.99999936248832,237.99999995577812,2.9999948139936694,0.11962722704581515,3.3817848847785763,8.431936079985656,163.65250939995352,238.2934498658921,2.5983779298454928,10.117029190063477,0.0,0.00022873033594805747,1039608.1875
ACT-CLJ0206.2-0114,163.0,170.0,3.2,2.0,6.0,31.56083614266816,-1.2496496792380944,7.81738588738523e-05,0.017938361881305025,162.9999885391539,169.99996063756348,2.9998582353696808,1.0142945987395662,3.409020018837137,94.1212939880361,163.24660498148222,169.54342543456997,2.729121816411689,56.82305908203125,0.0,0.0001679157285252586,2224782.75
ACT-CLJ0206.4-0118,167.0,176.0,3.2,2.0,6.0,31.612074406950903,-1.3048738547678835,0.00014414547275231606,0.004295598095367618,166.9999984465699,175.99999962417152,2.999993051065057,0.24290922423442118,3.3364353424463173,27.772591075360403,166.82263911786228,176.32216894476107,2.7776247521829354,28.941984176635742,0.0,0.00013340325676836073,3207902.5
ACT-CLJ0206.9-0119,215.0,161.0,5.120000000000001,2.0,6.0,31.715197409829706,-1.3383557623797908,0.0005139939352979076,0.0015679057435676732,214.99999989698006,161.0000000415143,2.9999999388505714,0.08866297736478163,3.3274406289136738,7.5464283781198835,214.88503350959854,161.51259666105588,2.8629727994202554,8.863762855529785,0.0,0.000172838379512541,2123323.0
ACT-CLJ0207.7+0020,173.0,264.0,3.2,2.0,6.0,31.94041622218868,0.40232614167397,0.00099475420121267,0.016235457708994254,172.9999744137048,263.99998065918527,2.999854288459237,0.9180043216122431,3.0994960253086328,58.809613746049195,172.90366761402132,263.8129911600813,2.6100046627938522,48.780941009521484,0.0,0.0002520314301364124,1042549.875
ACT-CLJ0208.2-0237,165.0,167.0,3.2,2.0,6.0,32.065962344503596,-2.6294083954339045,5.653850635904228e-05,0.0042020663359685845,164.9999980997733,166.99999990844353,2.9999913868068906,0.23761988870769774,3.146589286730871,29.40052943738135,164.76285232269586,167.43141299698053,2.625576725792718,32.12620544433594,0.0,0.0001288134080823511,3794341.25
ACT-CLJ0208.3-0255,181.0,170.0,3.2,2.0,6.0,32.08054846154381,-2.9326118086663318,0.00019989380377400182,0.0016697000537533313,180.99999998882413,169.99999997495615,2.999999935447704,0.0944193095429368,2.0,13.528773547728159,181.05495579049494,169.7640857346555,2.5161908172342673,14.816497802734375,0.0,0.00011164867464685813,4539839.0
ACT-CLJ0208.3-0255,120.0,74.0,3.2,2.0,6.0,32.11448290473182,-2.9859449333982058,0.0009454734331678108,0.0021986777162483345,119.9999992664812,73.99999885651886,2.999993017186654,0.12433171690545675,3.127130683340507,7.566513815475027,120.17618558768615,73.71444225520233,2.520944741945965,8.390406608581543,0.0,0.0002902480191551149,722154.25
ACT-CLJ0209.6+0222,170.0,204.0,5.120000000000001,2.0,6.0,32.406261042581384,2.3976597929006975,0.00041456529610393655,0.0007691491726762079,170.00000000393857,203.9999999649489,3.0000000316224846,0.04349436194402954,3.1519335946330385,5.058470847380838,170.49497474452014,203.8008700829779,3.2083091886308175,5.762842178344727,0.0,0.00011759570043068379,3901028.0
ACT-CLJ0209.9+0038,246.0,159.0,3.2,2.0,6.0,32.457839474360966,0.6321375045024253,0.0008150061012435346,0.016687179596089785,245.9999930627218,158.99998552737594,2.999847109220018,0.9435415950150464,3.1599180571655383,61.32083139524617,246.20332663259742,159.17509294969562,2.653699267152244,48.03547286987305,0.0,0.00024155384744517505,959198.75
ACT-CLJ0210.0-0243,246.0,235.0,3.2,2.0,6.0,32.46190331997691,-2.6840014359056408,0.0010790776808922006,0.003992837867260829,245.99999728168711,235.0000005900745,2.9999704654686323,0.22578521628769233,3.170488446216612,11.35852190026716,245.7118243372337,235.24106465138962,2.375374214157708,12.699029922485352,0.0,0.0003362448187544942,526081.1875
ACT-CLJ0210.1+0254,171.0,159.0,5.120000000000001,2.0,6.0,32.547987352261586,2.9023953549324877,9.19869303546564e-05,0.0017045746311166118,170.99999981740905,159.0000000843921,2.999999792150375,0.0963914111383928,3.184682110824503,12.043888715518776,170.81387224177766,159.72762878024614,3.0090606861566447,13.887603759765625,0.0,0.0001143719200626947,4116891.75
ACT-CLJ0210.1+0254,262.0,192.0,5.120000000000001,2.0,6.0,32.49736597613404,2.9207273251093517,0.0010123203648058385,0.002040087001125676,262.0000001869,192.0000001318685,3.000000566757029,0.1153642456265539,3.184628105549172,3.7437134662377702,262.3636376061086,192.14078838197287,4.562287798493662,4.459918022155762,0.0,0.0003257066127844155,609781.625
ACT-CLJ0211.1-0453,240.0,175.0,5.120000000000001,2.0,6.0,32.76046331094145,-4.892156105285168,0.0007667415566557149,0.0011391123652828624,239.99999992871201,175.00000016046275,2.999999611898486,0.06441527002450101,3.1889000569741874,3.922829314246237,239.6415931919658,174.95460148182772,4.086366493981217,2.885284662246704,0.0,0.00021388597087934613,1139934.0
ACT-CLJ0211.2-0343,203.0,194.0,3.2,2.0,6.0,32.792073856425056,-3.709125844259988,0.000504299422596482,0.016487576467490116,202.99996988445193,193.99996875147372,2.999909082761118,0.932293973605666,3.174988191922828,105.45685421812193,202.59027272502016,193.5324319379857,2.726333836776481,56.35114669799805,0.0,0.00014336987806018442,2708761.0
ACT-CLJ0211.9-0146,170.0,237.0,3.2,2.0,6.0,32.98618844466119,-1.7314605326787262,0.0007313457845159545,0.003785841401954259,169.99999963881572,236.99999839694414,2.999990928503375,0.2140829929406694,3.1946920683544606,17.514035098602932,170.36551146033372,236.66614733681388,2.7966549469748423,19.89029312133789,0.0,0.00018716251361183822,1666156.125
ACT-CLJ0212.5+0152,80.0,250.0,5.120000000000001,2.0,6.0,33.17630704644986,1.9224467915886376,0.0011662963759346496,0.0024866215250692126,79.99999972456175,250.00000001582814,2.9999999898855916,0.1406151335293231,3.2205737339166087,3.935322588744662,80.03626505519075,250.7575791296016,4.363652556622998,4.665621280670166,0.0,0.0004079836653545499,292518.53125
ACT-CLJ0214.7-0432,169.0,177.0,3.2,2.0,6.0,33.6778806186435,-4.54382882644523,0.00016050188994531898,0.017549296389146006,168.9999656587096,176.99997999883013,2.9998883296344796,0.9923154520680829,3.2160148429789044,118.49631833107559,168.6024699260502,176.95546621118194,2.7747946090761957,58.19852066040039,0.0,0.00013038323959335685,3790665.5
ACT-CLJ0215.4+0030,212.0,163.0,3.2,2.0,6.0,33.84231161448315,0.5084631248247392,0.00048491060788620325,0.003932367467178796,211.9999999074553,162.9999994792432,2.999982521632529,0.22236755032606303,3.187018547095838,24.62379056424972,212.39453509452548,163.34280010813762,2.6129213875354558,26.94035530090332,0.0,0.00014247593935579062,2964498.0
ACT-CLJ0215.4-0440,220.0,215.0,5.120000000000001,2.0,6.0,33.837544660700026,-4.644801609322809,0.0007618209779364515,0.0015960694616413032,219.9999999746616,214.99999973370126,2.9999987406807964,0.09025552594187829,3.2122945905692473,5.624252386941721,220.40387596724025,214.62097349779575,2.6616860953922203,7.230907440185547,0.0,0.0002512111095711589,1186913.625
ACT-CLJ0215.8-0041,166.0,164.0,3.2,2.0,6.0,33.95896688067987,-0.7025024676067085,4.33630549180419e-05,0.017810638484875414,165.9999784109042,163.9999840357707,2.9998787744833733,1.0070864837038707,3.136952166767709,128.9187400665183,165.93170352336307,164.09603220033935,2.7644345615313295,60.88233184814453,0.0,0.00011837556667160243,4811406.0
ACT-CLJ0217.7-0345,179.0,175.0,3.2,2.0,6.0,34.426043954002836,-3.7559815858708037,0.0002075093193013628,0.003948321276246046,178.99999839811562,174.99999927808688,2.9999919706394227,0.22327111292409046,3.1752326448894306,29.13034695171324,178.74160559980754,175.09865629579042,2.533509578793043,31.158090591430664,0.0,0.00012614659499377012,4271120.5
ACT-CLJ0217.8-0048,169.0,206.0,3.2,2.0,6.0,34.450963809168286,-0.7796951687556872,0.00043200134756613115,0.0016349873774190937,168.9999997889946,205.9999994039025,2.999996587580559,0.09245614767188426,3.9228784320493766,6.964194355575448,168.99413557117762,205.49656562474868,2.4671979240935173,8.168052673339844,0.0,0.00023100868565961719,1532570.0
ACT-CLJ0218.1-0214,147.0,268.0,5.120000000000001,2.0,6.0,34.53522917543512,-2.1817662911238815,0.0010380445037480059,0.00370654225796444,146.9999999840249,267.9999998842319,3.000002036151897,0.2096003112195663,3.8811581539372892,3.2937865237113715,148.28031638501662,265.34012487724954,7.339431092238271,5.1523356437683105,0.0,0.0005667995428666472,269124.375
ACT-CLJ0218.2-0041,245.0,235.0,3.2,2.0,6.0,34.52318750299656,-0.6548068656770594,0.0010717778245748761,0.016405012391775838,244.9999986986122,235.00000163195458,2.999867250535841,0.9275994977435877,3.832951489157634,27.43822803229095,245.3514114121261,235.37333924644997,2.5885108529179846,29.348752975463867,0.0,0.0005092217470519245,317461.8125
ACT-CLJ0218.5-0114,173.0,160.0,5.120000000000001,2.0,6.0,34.63800670700891,-1.2456240196615642,0.00010840763693872753,0.0044335246202003575,172.99999849608602,159.99999842434542,2.9999977733601026,0.25070953861363465,3.823452675118654,18.672659391749775,172.74015545929223,159.64384308661707,3.026126589752846,21.82505226135254,0.0,0.00019909776165150106,1872199.625
ACT-CLJ0219.8+0022,171.0,236.0,3.2,2.0,6.0,34.955185875321796,0.4138867475393717,0.0007228114037224145,0.017451684212277708,171.0000022227849,235.99997811357917,2.999863719340373,0.9867798336726655,3.7391367005098166,59.6534487632519,171.4530861767129,235.77562908038095,2.713183384656849,47.1394157409668,0.0,0.00025194359477609396,946832.5
ACT-CLJ0219.9+0246,172.0,161.0,5.120000000000001,2.0,6.0,34.97420473702959,2.7815095844651814,9.744634594231077e-05,0.0018018459201950224,171.99999970917779,161.00000004224347,2.999999818030261,0.10189197394329923,3.4745943278267477,9.920213822430284,171.47970005585356,161.47093552496375,2.86510673929643,11.632623672485352,0.0,0.00015995479770936072,2738919.0
ACT-CLJ0220.9-0332,221.0,153.0,5.120000000000001,2.0,6.0,35.20532206641484,-3.5538320727700583,0.0005786977343756472,0.0021977573716909903,220.99999958460714,152.99999991927996,2.9999985601004657,0.1242801321383013,3.505047519540723,7.936881803089145,220.6030797684185,153.36316148147176,3.188974323692638,9.52684211730957,0.0,0.0002161033044103533,1663239.375
ACT-CLJ0221.6-0012,215.0,163.0,3.2,2.0,6.0,35.37412744168655,-0.21025229146650298,0.000513993935297852,0.01718224049564355,215.00000067395726,162.99998482207326,2.9998638796049066,0.9715446385456467,3.641970826219578,66.70294167974882,215.4327312217596,163.09206584034345,2.738463061608096,50.035709381103516,0.0,0.00021997548174113035,1378727.375
ACT-CLJ0221.7-0346,54.0,113.0,3.2,2.0,6.0,35.50039023199464,-3.800439004108654,0.0011499383289613947,0.01060688433854486,53.9999992432058,112.9999995989359,3.0000009713888605,0.5998055669075271,3.6854783545836445,12.166813384311196,54.28104483076604,113.21775161965455,2.7429175864337245,16.1013126373291,0.0,0.0007722151931375265,190277.328125
ACT-CLJ0221.7-0346,222.0,216.0,3.2,2.0,6.0,35.40685343685583,-3.7432182378005634,0.0007826999789436142,0.0040423700977284295,221.99999912022466,215.9999978964137,2.999995069497636,0.2285898922608759,3.6830109881708966,10.151595216841336,221.7184257341504,215.49149114374015,2.691792614372749,12.088861465454102,0.0,0.00036544722388498485,594525.9375
ACT-CLJ0221.7-0346,112.0,261.0,5.120000000000001,2.0,6.0,35.46809438376712,-3.718218448134676,0.001075412090584541,0.005345154232563456,112.00000009765708,260.9999998483125,2.999998012418991,0.30226095033538225,3.684556332092399,7.298197597427307,112.26151669454833,261.62216835241884,3.1558067075906804,8.111430168151855,0.0,0.0005572857335209846,250593.65625
ACT-CLJ0221.7-0346,48.0,194.0,3.2,2.0,6.0,35.50372761978015,-3.755438794932317,0.0011480972825333893,0.004561870567297393,47.99999884277336,193.99999936461515,3.0000000188339624,0.25796770633431787,3.6829791711661772,7.639671060453049,47.8072315874254,194.06290274367782,2.5357186421965965,9.478144645690918,0.0,0.0005771061405539513,276805.59375
ACT-CLJ0221.9-0340,166.0,270.0,5.120000000000001,2.0,6.0,35.47981376551706,-3.6102149091905984,0.0010479151893382896,0.0038833958630503174,166.00000038312893,269.9999997718134,2.9999834697383703,0.219598442424978,3.5967804051491123,4.4422155163502905,166.1765169583978,270.01548981323606,4.799369185188992,5.781060695648193,0.0,0.0005305992672219872,199622.875
ACT-CLJ0222.2+0520,252.0,110.0,5.120000000000001,2.0,6.0,35.515283406192935,5.30345314284804,0.0010078525842179707,0.003908355110909383,252.00000307664493,109.99999864441179,2.9999888946482542,0.2210106383966164,3.6410582153499433,3.8976828291837746,251.49472281347545,109.76445847896191,5.155743955487507,3.9296789169311523,0.0,0.0006565224612131715,93935.9296875
ACT-CLJ0223.1-0057,180.0,174.0,3.2,2.0,6.0,35.77988129915219,-0.9451270490645713,0.00020976247235721845,0.016835334315225627,179.9999769997619,173.99999530692617,2.999888507443026,0.9519449664343923,3.6313276496916336,84.54942660763635,179.76620161893706,174.28929521058063,2.664667460383797,55.59721374511719,0.0,0.00017518071399535984,2460154.25
ACT-CLJ0223.6+0020,168.0,211.0,3.2,2.0,6.0,35.90488116420532,0.3762182335993437,0.00047866602657112013,0.0035624317824840546,168.0,211.0,3.0,0.20145077130180053,2.0,14.513239195655666,167.7374930988868,211.35585359632273,2.7332755902139914,16.99823570251465,0.0,0.00021224119700491428,1237164.0
ACT-CLJ0225.4-0355,164.0,165.0,3.2,2.0,6.0,36.365131538079744,-3.9312573647630558,3.496041255822959e-05,0.018183716006787275,163.9999955028405,164.99997510100638,2.999885020081766,1.0281860968271512,3.923853322001079,72.51832216974776,164.34191139310826,164.819283086107,2.7878812146004326,52.75383758544922,0.0,0.00021485963952727616,1593660.25
ACT-CLJ0226.4+0426,217.0,216.0,3.2,2.0,6.0,36.590708090091894,4.472384557399074,0.0007473681197303723,0.016947925346397635,217.0000002600239,215.99999047397415,2.9998333541971407,0.9582761290450059,3.198846262028556,67.96526547406751,217.4002913917305,216.1852252288954,2.678343285990978,49.62027359008789,0.0,0.00021348503651097417,1619675.25
ACT-CLJ0227.6-0318,167.0,268.0,5.120000000000001,2.0,6.0,36.909765826561454,-3.2454586417133244,0.001028947458911028,0.00372821014176111,166.99999737503234,268.0000003528188,2.999987938169802,0.21082362137374933,3.206314244237148,10.86949124530472,166.5617522175718,268.50405650645763,2.8283934200396934,13.023431777954102,0.0,0.0002877798106055707,769150.875
ACT-CLJ0228.4+0030,164.0,163.0,3.2,2.0,6.0,37.11973082531759,0.5072462960586155,2.1681527469314643e-05,0.001609461269552853,163.99999988960576,162.9999998778165,2.9999985911549887,0.09101280512994393,3.1769294342908347,12.8838880709666,164.23903173573652,163.20715143126165,2.4236084506140467,14.949115753173828,0.0,0.00012017576955258846,5017715.0
ACT-CLJ0229.6-0336,266.0,163.0,5.120000000000001,2.0,6.0,37.35186311364347,-3.609377413639789,0.0010084587548857874,0.016768967095499118,265.99999763771285,162.99997953318316,2.999902132046999,0.9482008803589019,3.968661491328217,21.0391455249221,266.37584794585496,162.90211149745494,2.7699208822962467,22.672773361206055,0.0,0.0006980662001296878,98261.546875
ACT-CLJ0229.6-0336,114.0,138.0,5.120000000000001,2.0,6.0,37.43647578096968,-3.6232677472812007,0.0005203566123781482,0.002357255676133713,113.9999999500691,137.9999998427938,3.000000936346865,0.1332997512757718,3.9725184756843688,5.240657324073527,114.09826949537279,138.1138931105592,5.390734612176676,6.357028007507324,0.0,0.0002614096156321466,880166.375
ACT-CLJ0230.9+0248,161.0,160.0,5.120000000000001,2.0,6.0,37.732257118804306,2.8041788724801933,2.1681527469296015e-05,0.004690243183390408,160.9999992254921,159.99999996055064,2.999990264920613,0.2652252821783035,3.9199870860374397,17.922705583786936,161.19611893624332,160.39432626403678,2.964761758083052,22.623979568481445,0.0,0.00020949207828380167,1747598.75
ACT-CLJ0231.7-0453,187.0,171.0,5.120000000000001,2.0,6.0,37.92161129805145,-4.878703564855259,0.000257636395176771,0.0015845306916162372,187.0,171.0,3.0,0.08960309964304425,2.0,6.84497799772963,187.20000522076234,170.3402148155135,2.916166516957101,8.01063060760498,0.0,0.00020818936172872782,1559496.375
ACT-CLJ0231.7-0453,220.0,162.0,5.120000000000001,2.0,6.0,37.903211062737086,-4.883702934476177,0.0005623838244153964,0.0018263711409793777,219.99999992540327,161.99999999346798,3.00000038106409,0.10327888110336954,3.8990108068163303,4.716103927165325,219.7997180834643,162.05490454461918,3.8253479437793767,5.008299350738525,0.0,0.0002723420911934227,726270.75
ACT-CLJ0231.7-0453,161.0,176.0,3.2,2.0,6.0,37.93610826306723,-4.875925930501919,0.0001360936880717753,0.0014049901185625613,160.99999993806173,175.99999973398704,2.999998913843072,0.07945026189683028,3.899054974165521,6.668217695625618,161.36078260699318,175.58624517366215,2.5417071714660375,7.087361812591553,0.0,0.00020148989278823137,1523493.625
ACT-CLJ0232.7+0214,215.0,213.0,5.120000000000001,2.0,6.0,38.16640548810077,2.280247293219023,0.0007131870224737756,0.016618967950007054,215.00000234596652,212.99998725109967,2.9998410933992243,0.9396809416163082,3.7713861854381086,45.1473122583271,215.4497512865304,213.09850512293838,2.725609187995502,40.84987258911133,0.0,0.0003146645613014698,614701.375
ACT-CLJ0232.7+0350,163.0,264.0,5.120000000000001,2.0,6.0,38.19167719532175,3.8987677464889043,0.0009890671405044483,0.00485768662642755,162.99999622997805,263.99999564741904,2.999972276011416,0.2746906300588315,3.735109181020638,10.186318462012338,162.4144637749305,263.31034635522195,2.8475169100844107,12.332965850830078,0.0,0.0004264726594556123,339011.28125
ACT-CLJ0233.2+0211,158.0,160.0,3.2,2.0,6.0,38.304660686353955,2.1975223195984603,4.336305491802708e-05,0.0022026561433483526,157.9999996856178,159.9999995106596,2.999998400008961,0.12455713758958803,3.752441674938388,9.779762067425256,157.95588803049148,159.72028413124983,3.0469573070055374,12.376178741455078,0.0,0.0001834938011597842,2040695.875
ACT-CLJ0233.2+0448,158.0,203.0,3.2,2.0,6.0,38.31443641944727,4.832921721085695,0.00039943468208951855,0.01635744157703595,157.99998885621383,202.9999736285434,2.999891432614421,0.9249245811556714,3.7249205419391025,69.83715155913099,158.21195010160207,202.62452138644974,2.705382809338367,50.9454231262207,0.0,0.00021046683832537383,1554137.5
ACT-CLJ0233.6-0530,235.0,159.0,3.2,2.0,6.0,38.36382024020397,-5.507888961248165,0.0007084253364062624,0.00347392836275944,234.99999923816964,158.9999994065807,2.9999982068344107,0.19644578598366796,3.7576856657714193,9.964736844319622,234.60783028923632,158.84370461886135,2.730331895781167,11.625324249267578,0.0,0.0003090814861934632,685368.0
ACT-CLJ0233.7+0127,264.0,115.0,5.120000000000001,2.0,6.0,38.37406733543347,1.436771421240787,0.0010889649441103168,0.0036896699893102956,263.9999978705485,115.00000068105585,2.999942589542827,0.20863793682446535,3.6913777170843094,4.035079428748386,263.6772160085161,114.67677778358421,5.781655401468096,2.5119829177856445,0.0,0.0005859285593032837,163587.1875
ACT-CLJ0234.6-0259,173.0,158.0,3.2,2.0,6.0,38.65319753751379,-2.9966565619041496,0.00011349197526098443,0.018888789661937903,172.99999980708083,157.99999405272482,2.9998845454476313,1.0680536785498622,3.7561205095474057,84.72338323592456,173.47125543571426,158.337172707531,2.761400198117495,55.071815490722656,0.0,0.0001891572610475123,1874161.5
ACT-CLJ0235.2-0323,170.0,242.0,5.120000000000001,2.0,6.0,38.80879947835868,-3.3425563525059165,0.0007795706120847048,0.0011796990065602502,169.9999998122429,241.99999973885355,2.9999993028042997,0.06671037617742105,2.572574086949884,8.09425255652221,169.65992091494152,241.12872840006287,2.8346204633412166,8.86333179473877,0.0,0.0001345273485640064,4012235.25
ACT-CLJ0235.2-0323,197.0,190.0,5.120000000000001,2.0,6.0,38.79377334034271,-3.3714450492580617,0.00043460509566180564,0.0007325184997171164,197.0,190.0,3.0,0.04142294527193838,2.0,7.833432295947524,197.60342858693946,190.41936557898387,2.559210023428699,8.275087356567383,0.0,8.913670899346471e-05,10242318.0
ACT-CLJ0235.2-0323,168.0,274.0,5.120000000000001,2.0,6.0,38.80991254392786,-3.3247785942789436,0.001087539456488813,0.001675302628427744,168.0,274.0,3.0,0.09473613174014887,2.0,3.2591051972551512,165.11087520317173,274.0987168722063,8.176782286558815,5.504339218139648,0.0,0.00024385162396356463,1093215.625
ACT-CLJ0236.5+0106,159.0,169.0,3.2,2.0,6.0,39.138359029175426,1.1145282222254964,7.384462153293923e-05,0.017732873742231668,158.99995821446953,168.9999866049708,2.999876637221922,1.0026879177632537,2.8146777769781095,178.63362648327407,158.5591197618417,169.211488991907,2.7509779750155077,62.50845718383789,0.0,8.781081123743206e-05,11102922.0
ACT-CLJ0236.7-0228,160.0,181.0,3.2,2.0,6.0,39.17837730416107,-2.4611162635351986,0.0001852470498117431,0.0038366543146394604,159.99999800757712,180.9999981237404,2.9999930078142767,0.21695667882843114,2.855485097271522,42.64801934530668,159.6156717373426,180.67014632931892,2.735362267941452,38.858421325683594,0.0,8.233630796894431e-05,8730994.0
ACT-CLJ0237.6-0423,205.0,167.0,3.2,2.0,6.0,39.381154043454984,-4.389859569484857,0.00041974897159899533,0.0016484124353155494,205.0,167.0,3.0,0.09321552714372101,2.0,15.137980832584978,204.780202798542,166.69384598382257,2.7534538248966163,17.477622985839844,0.0,9.924851474352181e-05,7214954.5
ACT-CLJ0239.3-0332,161.0,273.0,3.2,2.0,6.0,39.84030114714148,-3.476077877577892,0.0010763296585101583,0.016973034743285077,160.99999155897234,272.999989616968,2.999826324812388,0.9596913766189031,2.720059746711769,77.38399793511245,161.4194536698504,272.97738868929196,2.6185358578686504,53.29829406738281,0.0,0.0001923565287142992,1702872.75
ACT-CLJ0239.8-0134,160.0,165.0,5.120000000000001,2.0,6.0,39.970403219744064,-1.5781342963966218,3.496041255807727e-05,0.004192027194616927,159.9999985845316,164.9999991608494,2.999993349269405,0.23705250203691522,2.691839917735526,46.64033837101487,159.8565141514619,165.14283310332118,2.8134140743638656,41.868160247802734,0.0,7.64675933169201e-05,12007248.0
ACT-CLJ0240.0+0116,171.0,176.0,3.2,2.0,6.0,40.007346938973114,1.2738283502271721,0.00016137815789769058,0.001663005559030232,170.99999986445707,175.99999966926987,2.999998743181864,0.09404067005358127,2.694297008230023,21.485764560423004,171.09031393577962,175.6755464433756,2.6530560612046457,22.193723678588867,0.0,7.040385389700532e-05,13067224.0
ACT-CLJ0240.0+0303,163.0,208.0,5.120000000000001,2.0,6.0,40.01004087030913,3.07905978292481,0.00044613394965438104,0.0004893201602330702,162.99999994826018,208.00000000626946,2.999999899846514,0.02767040132402383,2.6723494689719227,5.464472625286821,162.04714101740097,209.00265795006757,2.8544772025204654,6.077845096588135,0.0,7.97738684923388e-05,11776258.0
ACT-CLJ0241.2-0018,238.0,163.0,3.2,2.0,6.0,40.273828635664316,-0.31347354627883417,0.0007369804682171894,0.01655465967514247,237.9999839646351,162.9999764361309,2.999859045700592,0.9360559829827858,2.7068816293888647,115.18788586319171,237.9837927231573,162.8801174463466,2.691234774779485,59.13458251953125,0.0,0.00012563858763314784,4134784.5
ACT-CLJ0241.4-0433,240.0,236.0,5.120000000000001,2.0,6.0,40.32753030198361,-4.51288464137005,0.0010425181692783067,0.003996130329589731,239.99999808344626,235.9999987201899,2.9999972205501475,0.22597542762658168,2.7098253139031403,17.71174172448538,239.29797614183818,235.83482193302575,2.883739838172168,21.21442222595215,0.0,0.00019610472372733057,2124967.5
ACT-CLJ0242.2-0345,166.0,162.0,3.2,2.0,6.0,40.564270789773175,-3.758819338828756,3.878509540849478e-05,0.0019433985980492877,165.99999992471967,161.99999993784542,2.9999981925855104,0.10989646923620998,2.721813886592812,21.829236025811714,166.38771544397292,162.41563997942808,2.827887481260756,24.36054229736328,0.0,7.396427099592984e-05,13576132.0
ACT-CLJ0242.2-0345,68.0,136.0,5.120000000000001,2.0,6.0,40.618833458770375,-3.7732622165777587,0.0009456722916973785,0.001369089213527358,67.99999993552525,135.9999999319926,3.0000001149080235,0.0774201770066777,2.7218893612414257,5.371214520828331,67.71241009959415,135.43537157652284,3.596302213346064,5.358296871185303,0.0,0.00019530623103491962,1934287.875
ACT-CLJ0242.7-0226,180.0,161.0,5.120000000000001,2.0,6.0,40.67291328138745,-2.4409487278287,0.00017480206108105886,0.0006490303203463554,180.0,161.0,3.0,0.03670179995442853,2.0,7.169396649547307,180.2541813196058,161.33472372245276,2.769116656732524,8.833695411682129,0.0,7.242500578286126e-05,13440730.0
ACT-CLJ0242.7-0450,200.0,193.0,3.2,2.0,6.0,40.65578895301729,-4.828490111079584,0.0004755129847350686,0.0170594992734899,199.99997905808004,192.9999781776293,2.999865616325596,0.9646055326831301,2.7138079392786034,159.43034161703608,199.94306333480657,192.99129842385457,2.718264655785496,61.64961242675781,0.0,9.373314242111519e-05,8044479.0
ACT-CLJ0242.9-0250,169.0,235.0,3.2,2.0,6.0,40.73095828919749,-2.803503672672621,0.000711074654171336,0.004248701814739262,168.9999997894195,234.99999858802911,2.9999920980451136,0.24025716168011035,2.7066266613173005,33.664134871406915,169.42379140442722,234.91016706513747,2.71558818613148,36.08193588256836,0.0,0.00011005620763171464,6054348.0
ACT-CLJ0245.2+0032,172.0,158.0,3.2,2.0,6.0,41.301714243088824,0.5448944719985223,0.00010443206509031724,0.000608976602159762,171.99999998924105,157.99999997889245,2.999999942296879,0.034436814227216145,2.793982263717607,6.432121433203615,172.0420716588485,157.71104725970588,2.4988596211842826,7.748558044433594,0.0,8.767096733208746e-05,10531949.0
ACT-CLJ0245.2+0407,171.0,175.0,3.2,2.0,6.0,41.30469463574591,4.128105194592936,0.00015331154982281022,0.016517087534146026,170.9999715008758,174.9999651886837,2.999898543858288,0.9339561218130872,2.8199362518702924,161.03215006365272,170.73835580393444,174.60883306031363,2.695033750192498,61.75227355957031,0.0,9.416906686965376e-05,9517069.0
ACT-CLJ0245.2-0240,217.0,159.0,3.2,2.0,6.0,41.272694649669376,-2.6812736765060268,0.0005340877536433024,0.004143507817982778,216.99999821344076,158.99999956458075,2.9999924230608572,0.23430866341305878,2.8998001767414743,28.830189419160057,216.66617851458437,159.33243583944855,2.6717901411125218,29.079532623291016,0.0,0.00012861989671364427,5367198.0
ACT-CLJ0245.8-0042,172.0,204.0,3.2,2.0,6.0,41.4598142231265,-0.6874097338090008,0.0004186275458109925,0.016766275285089338,171.9999849992743,203.99996949665888,2.9998786043676713,0.9480338013141502,3.1818304871157284,108.10985605172021,172.08617589552273,203.67362545313682,2.630718486529533,58.39872360229492,0.0,0.0001408380048815161,4055789.0
ACT-CLJ0246.4+0429,246.0,158.0,3.2,2.0,6.0,41.577953158489485,4.490195528155406,0.0008154097550115595,0.004166656507717081,245.9999995411628,157.9999997137148,2.999993104000655,0.23561779132701155,3.1202053600344613,14.682091657560983,246.23607102130092,158.36727423330564,2.5476136548323707,15.730112075805664,0.0,0.0002586153568699956,1130110.375
