cluster,x,y,sigma_dog,theta_1,theta_2,ra_deg,dec_deg,dist_center_radians,amp_fit,x_center_fit,y_center_fit,sigma,int_flux_Jy,amp_snr,x_snr,y_snr,sigma_snr,snr,masked,noise_ps,hits_ps
ACT-CLJ0200.3+0019,168.0,169.0,3.2,2.0,10.0,30.08734196611677,0.32757918364171584,8.939522765649985e-05,0.013327295891940594,168.0,169.0,3.0,0.013926087133488047,66.87311190123842,168.46233072367662,168.7213596450935,0.3623847115922435,49.24818801879883,0.0,0.000122121098684147,3812276.75
ACT-CLJ0200.3+0019,181.0,179.0,3.2,2.0,10.0,30.080119620028288,0.33313473415316397,0.0002472074429934511,0.0013125976547598839,181.0,179.0,3.0,0.0013715722573888573,11.883610411140776,179.93033985968697,178.75497462731315,-0.3915719504098086,7.799314022064209,0.0,0.00012454642273951322,3742779.5
ACT-CLJ0201.6-0211,156.0,171.0,5.120000000000001,2.0,10.0,30.428911042918273,-2.197522989260896,0.00010488123733208685,0.001352854073047638,156.0,171.0,3.0,0.0014136373839758961,5.425236643772787,155.10273610230706,171.3935623625133,0.4122355296842425,5.656224727630615,0.0,0.00013706227764487267,4044124.0
ACT-CLJ0201.6-0211,128.0,168.0,5.120000000000001,2.0,10.0,30.44447806762012,-2.199189540112098,0.0003347672652227937,0.0015196684980764985,128.0,168.0,3.0,0.001587946729015609,5.408314168148845,128.63281212249416,168.02466519426366,0.37159693229973134,5.7704315185546875,0.0,0.00014799127529840916,3513853.25
ACT-CLJ0201.6-0503,270.0,164.0,3.2,2.0,10.0,30.35246993090884,-5.058017730577192,0.0010473767387989244,0.021671665832400322,270.0,164.0,3.0,0.022645367008948217,31.711526541035767,269.55558142144065,164.05998514958011,0.38131704401318584,32.95976638793945,0.0,0.00043901591561734676,342866.9375
ACT-CLJ0203.0-0042,166.0,163.0,3.2,2.0,10.0,30.750186588333285,-0.7101276704818641,3.9978761266027554e-05,0.0062779635190963745,166.0,163.0,3.0,0.00656003045904198,30.31546749182999,165.81071602443515,163.27104668678325,0.37841128072424224,31.862520217895508,0.0,0.00012373345089145005,4976848.0
ACT-CLJ0203.2-0123,164.0,179.0,3.2,2.0,10.0,30.815395900969442,-1.390753180310845,0.00016597347203687595,0.003424946218729019,164.0,179.0,3.0,0.0035788279825297465,14.907776985776364,164.01182940399573,179.0962161490379,0.3501050197075194,17.60135269165039,0.0,0.00012473564129322767,4658644.0
ACT-CLJ0248.0-0331,173.0,172.0,3.2,2.0,10.0,42.013259755175,-3.529051119408406,0.0001441454727522926,0.002929621608927846,173.0,172.0,3.0,0.0030612485927284374,11.51325617838848,173.3363283765874,172.20504561074478,-0.4074557966203831,13.697317123413086,0.0,0.00012152061390224844,4837591.5
ACT-CLJ0248.0-0331,269.0,149.0,8.192000000000002,2.0,10.0,41.95982429451513,-3.5418270088804404,0.0010451302088745368,-0.002278365660458803,269.0,149.0,3.0,-0.0023807319179191943,2.0466580390930176,269.0,149.0,3.0,2.52608323097229,0.0,0.00038974982453510165,518558.375
ACT-CLJ0248.2+0238,184.0,160.0,3.2,2.0,10.0,42.04656078825868,2.6331518675496786,0.00021419768726784844,0.026181219145655632,184.0,160.0,3.0,0.027357533143976435,121.33530869641717,183.68456310343825,160.40803301607588,0.368040076059372,57.20205307006836,0.0,0.00012766664440277964,3814088.5
ACT-CLJ0248.2-0216,199.0,192.0,5.120000000000001,2.0,10.0,42.03920866104936,-2.253232556607977,0.00046187248409627104,0.004961229860782623,199.0,192.0,3.0,0.005184136368751492,23.66368033405003,199.29208129510778,192.36640110588053,-0.3719973752468467,25.98055648803711,0.0,0.000154091976583004,3013779.0
ACT-CLJ0248.2-0216,231.0,244.0,8.192000000000002,2.0,10.0,42.02141789906344,-2.2243433231526484,0.0010391307973289063,-0.0016511880094185472,231.0,244.0,3.0,-0.0017253753709211839,0.8794169425964355,231.0,244.0,3.0,1.006753921508789,0.0,0.0003056732821278274,926607.25
ACT-CLJ0248.3+0122,166.0,236.0,5.120000000000001,2.0,10.0,42.09918320091757,1.4117895288292674,0.000718571622976345,0.0024452328216284513,166.0,236.0,3.0,0.0025550963685180275,7.374518052829654,166.59023008537065,235.58114891480955,0.38780511874388135,8.093278884887695,0.0,0.00020298597519285977,1759955.25
ACT-CLJ0248.3-0337,167.0,255.0,5.120000000000001,2.0,10.0,42.08960496814033,-3.572441894812793,0.0009030555454170754,0.007179360371083021,167.0,255.0,3.0,0.00750192679003055,14.418314804928492,166.71549373740274,254.98553682050033,-0.3447244943846894,17.791213989257812,0.0,0.00024280851357616484,1196997.25
ACT-CLJ0248.7-0019,165.0,163.0,3.2,2.0,10.0,42.199432701886565,-0.32737862002248563,3.0662310195255027e-05,0.02804209664463997,165.0,163.0,3.0,0.029302019287731566,115.99079351475501,165.51444951711244,163.26908560037938,0.36560599316585385,58.65280532836914,0.0,0.00013571578892879188,4277739.0
ACT-CLJ0248.9-0328,162.0,178.0,3.2,2.0,10.0,42.243686676,-3.4724984877571785,0.000155140380467154,0.006330121774226427,162.0,178.0,3.0,0.006614532168283017,24.898750757837867,162.00942795446468,178.19309506874515,-0.355082816168067,27.488887786865234,0.0,0.00014753066352568567,3270699.5
ACT-CLJ0248.9-0328,243.0,269.0,8.192000000000002,2.0,10.0,42.198606332044406,-3.421941895566655,0.0013012522225239517,0.0026104915887117386,243.0,269.0,3.0,0.0027277801603865937,3.2547323000040285,244.74412605571467,268.52508679318515,-0.14544651122020155,3.250152826309204,0.0,0.0007231124327518046,175714.953125
ACT-CLJ0249.6+0210,207.0,165.0,3.2,2.0,10.0,42.400103366954504,2.170033369065867,0.00043730084809851704,0.0039037561509758234,207.0,165.0,3.0,0.0040791506954726475,9.907729435235838,207.06810358824202,165.4779553068964,0.38676169704539765,11.858551025390625,0.0,0.0001701653382042423,2376223.5
ACT-CLJ0249.6+0210,176.0,93.0,8.192000000000002,2.0,10.0,42.41733815343986,2.1300335608534127,0.0006826754181161322,0.002416208852082491,176.0,93.0,3.0,0.002524768361086215,2.6015195540650122,177.17040390731393,93.11706414460868,0.1831613867368624,3.733581304550171,0.0,0.00022328487830236554,1563346.0
ACT-CLJ0250.1+0008,105.0,119.0,8.192000000000002,2.0,10.0,42.57119842935118,0.1116229551195286,0.0006923165588165263,-0.00035333429696038365,105.0,119.0,3.0,-0.0003692094965562858,2.998017839380171,105.19153625819598,118.53133638363278,-0.11958983371607167,3.3581836223602295,0.0,0.00023208593484014273,1333322.5
ACT-CLJ0253.5-0017,160.0,272.0,5.120000000000001,2.0,10.0,43.39451703421994,-0.23585564208636464,0.0010667660009325377,0.026998581364750862,160.0,272.0,3.0,0.0282116191922666,36.89690541405267,160.57380258552743,271.4568547573617,0.3696316019333257,36.59038543701172,0.0,0.0003756421501748264,533093.75
ACT-CLJ0254.4-0538,158.0,166.0,5.120000000000001,2.0,10.0,43.61411046495443,-5.637724234190981,5.4850407917009116e-05,0.006604650989174843,158.0,166.0,3.0,0.006901395895107876,22.618083094548542,158.63276070397512,165.74122523704858,-0.3690171562743764,24.960098266601562,0.0,0.0001512175367679447,3347530.0
ACT-CLJ0256.5+0006,168.0,177.0,5.120000000000001,2.0,10.0,44.13289331440838,0.11154220298360502,0.0001566480969237335,0.0023150986526161432,168.0,177.0,3.0,0.0024191153119403476,10.282926462170748,168.07754248015488,177.85223490204962,0.3760743792471461,12.01146411895752,0.0,0.00014971847122069448,3825836.5
ACT-CLJ0256.5+0006,203.0,278.0,8.192000000000002,2.0,10.0,44.11344879386596,0.16765327527638813,0.0011929564027970472,-0.009323484264314175,203.0,278.0,3.0,-0.009742385500051945,2.3943183422088623,203.0,278.0,3.0,3.0289900302886963,0.0,0.0008114490192383528,130533.5625
ACT-CLJ0257.0-0300,54.0,185.0,8.192000000000002,2.0,10.0,44.332242159461565,-3.0048048969243366,0.001070680748720046,0.004450994543731213,54.0,185.0,3.0,0.00465097633828066,2.4644107818603516,54.0,185.0,3.0,3.0106489658355713,0.0,0.00045731806312687695,219430.71875
ACT-CLJ0257.0-0300,175.0,55.0,8.192000000000002,2.0,10.0,44.26492693041692,-3.077028723966076,0.0010451302088746986,0.010563944466412067,175.0,55.0,3.0,0.011038579191563362,1.5775939226150513,175.0,55.0,3.0,1.9272685050964355,0.0,0.0003748374874703586,395147.375
ACT-CLJ0258.4+0147,231.0,167.0,3.2,2.0,10.0,44.58158571161069,1.7967677491878946,0.0006707970669664193,0.023461034521460533,231.0,167.0,3.0,0.024515131474285627,67.76941559252255,231.4619370828553,166.66811911070045,0.373425289182162,50.44069290161133,0.0,0.00021793371706735343,1527353.5
ACT-CLJ0259.4-0524,233.0,240.0,5.120000000000001,2.0,10.0,44.82657375912039,-5.36686504053285,0.0010227152488874027,0.004334784112870693,233.0,240.0,3.0,0.004529544609060747,9.46468976365405,232.3205584336718,240.1053795599704,0.3678393370378313,10.88502311706543,0.0,0.0004060600185766816,328206.375
ACT-CLJ0259.8-0037,261.0,93.0,8.192000000000002,2.0,10.0,44.91360137141598,-0.6643929122131514,0.0011700790087629215,0.00904002320021391,261.0,93.0,3.0,0.009446188618882771,2.0125067234039307,261.0,93.0,3.0,2.2663841247558594,0.0,0.001148269628174603,52625.8671875
ACT-CLJ0300.2+0125,136.0,175.0,3.2,2.0,10.0,45.07028844976206,1.4247181430348492,0.0002818598496804805,0.017940837889909744,136.0,175.0,3.0,0.01874691413235268,58.457592997099944,136.39116506463645,175.3790223943428,-0.375248071676261,45.93809127807617,0.0,0.00016538726049475372,2523447.5
ACT-CLJ0301.5-0248,158.0,166.0,3.2,2.0,10.0,45.390564894952306,-2.810605362739421,5.485040791692745e-05,0.0029045571573078632,158.0,166.0,3.0,0.003035058003126232,10.986022904902194,158.36109864421942,165.73362204508948,0.5037658872823355,10.873100280761719,0.0,0.00014125971938483417,3604090.25
ACT-CLJ0839.5-0140,173.0,174.0,5.120000000000001,2.0,10.0,129.8744252225712,-1.6730429966128988,0.0001578439012574666,0.00222935457713902,173.0,174.0,3.0,0.0023295187819348203,13.525796377349694,173.05869636148577,173.77352712118875,0.35255431253088804,15.052486419677734,0.0,0.00012624732335098088,4452519.0
ACT-CLJ0839.5-0140,254.0,123.0,5.120000000000001,2.0,10.0,129.82940530246785,-1.7013756619412368,0.0009688995890561799,-0.00036602208274416625,254.0,123.0,3.0,-0.00038246734059221204,4.284145814516506,254.18129340513448,123.97133438729831,0.21116790360875165,3.277693033218384,0.0,0.00037275184877216816,618927.125
ACT-CLJ0839.5-0150,95.0,104.0,3.2,2.0,10.0,129.9171402516615,-1.8763503130013244,0.0008592559830681089,0.0038693491369485855,95.0,104.0,3.0,0.004043197785052447,13.103925559779398,94.70925664319229,104.18072930209549,0.3971151036562119,15.458717346191406,0.0,0.0002573637175373733,1231719.5
ACT-CLJ0839.5-0150,270.0,212.0,8.192000000000002,2.0,10.0,129.81986793676379,-1.8163497169574658,0.0011539782922093545,0.003594311885535717,270.0,212.0,3.0,0.003755803195843476,3.128108279481709,269.5550497548828,212.33979651408555,0.18689363066738915,5.008398532867432,0.0,0.0005183282191865146,271620.5
ACT-CLJ0842.3+0033,225.0,212.0,3.2,2.0,10.0,130.5639667277687,0.5787845814668613,0.0007798720584037929,0.026372184976935387,225.0,212.0,3.0,0.02755707901040603,71.37944494952836,225.39720774410856,212.1343040253371,0.38239558768249415,52.25769805908203,0.0,0.00020898315415252,1668725.375
ACT-CLJ0842.3+0033,44.0,219.0,5.120000000000001,2.0,10.0,130.66452741454987,0.5826731959916571,0.0012706552179494153,0.0,44.0,219.0,3.0,0.0,6.889972711362891,43.992692610103404,219.1410244188594,0.2657174932966865,5.783632755279541,0.0,0.0009090364910662174,43087.58984375
ACT-CLJ0842.9+0424,178.0,265.0,3.2,2.0,10.0,130.73000631344266,4.453607343748663,0.0010106937741252435,0.007884460501372814,178.0,265.0,3.0,0.008238706848931127,11.47689813421424,178.23169985015832,265.4240275479004,-0.3540313577548569,14.081178665161133,0.0,0.00030188437085598707,688489.875
ACT-CLJ0842.9+0424,151.0,269.0,8.192000000000002,2.0,10.0,130.74505175362603,4.455829592028758,0.0010429689876403395,0.003525771899148822,151.0,269.0,3.0,0.0036841837292771783,2.638989710476042,152.23290376960654,269.4359400982671,-0.12201599108188416,5.482510566711426,0.0,0.0003184086235705763,670653.75
ACT-CLJ0842.9+0424,189.0,222.0,8.192000000000002,2.0,10.0,130.72387717965356,4.429718371142582,0.0006379675763638723,0.0006044980837032199,189.0,222.0,3.0,0.000631657993784649,1.407107949256897,189.0,222.0,3.0,1.7765262126922607,0.0,0.00017543870490044355,2101607.0
ACT-CLJ0844.6+0216,172.0,160.0,5.120000000000001,2.0,10.0,131.16813086676157,2.272737888642643,9.888297888940045e-05,0.0027377565857023,172.0,160.0,3.0,0.0028607631339397973,11.732100339423486,171.66332672607214,159.77968956658216,-0.32574853309088186,14.16569995880127,0.0,0.00012924656039103866,4473494.0
ACT-CLJ0845.0+0127,78.0,92.0,8.192000000000002,2.0,10.0,131.30984939160578,1.4236674828116513,0.0010602240792284257,-0.0013527373084798455,78.0,92.0,3.0,-0.001413515373212545,3.4631202314558696,78.77791575315491,92.52693945593292,0.17206507256798043,4.111390590667725,0.0,0.00045766617404296994,215976.46875
ACT-CLJ0845.4+0327,171.0,207.0,3.2,2.0,10.0,131.3670610511735,3.484586367644128,0.0004449733770848837,0.026218414306640625,171.0,207.0,3.0,0.027396399471926305,101.85461896840606,171.39156119571183,207.05862234921887,0.3723218705640832,57.79252243041992,0.0,0.00014798861229792237,3360045.0
ACT-CLJ0848.4+0412,246.0,159.0,3.2,2.0,10.0,132.06091942258416,4.200835141747444,0.0008150061012438209,0.0032929498702287674,246.0,159.0,3.0,0.003440901079321394,13.407562604986431,245.7895547214161,159.4344331572287,0.3829045565064087,15.278803825378418,0.0,0.0002420328528387472,1141060.875
ACT-CLJ0848.4+0412,137.0,77.0,8.192000000000002,2.0,10.0,132.121637281676,4.155280869377848,0.0008590918411531259,0.0011841249652206898,137.0,77.0,3.0,0.0012373273300380421,2.1997220516204834,137.0,77.0,3.0,2.7097601890563965,0.0,0.00025633422774262726,1022275.125
ACT-CLJ0848.4+0412,145.0,272.0,8.192000000000002,2.0,10.0,132.1171824407837,4.263614235736568,0.0010792519222689078,-0.001153104705736041,145.0,272.0,3.0,-0.0012049133399841512,2.6303651996991984,142.31364578519293,271.6363788086797,0.12671023448524857,3.087606191635132,0.0,0.0003291895263828337,811781.25
ACT-CLJ0849.8+0440,189.0,167.0,3.2,2.0,10.0,132.44130985807453,4.671926539352691,0.0002662505635467982,0.02237834595143795,189.0,167.0,3.0,0.023383798044997548,105.61990031031542,188.5717753348721,166.74371794824646,0.3765296500734538,58.81897735595703,0.0,0.00014182906306814402,3846316.5
ACT-CLJ0852.2-0101,202.0,196.0,3.2,2.0,10.0,133.05184052236388,-1.0050279954979422,0.000509031246636049,0.005011076107621193,202.0,196.0,3.0,0.005236222191890683,21.04977185022042,201.79682907396256,196.07800430217375,0.3789551790952799,22.764705657958984,0.0,0.0001697968109510839,2090797.875
ACT-CLJ0852.2-0101,182.0,72.0,5.120000000000001,2.0,10.0,133.0629531029575,-1.0739169280825478,0.0008939520408112825,0.0005273806164041162,182.0,72.0,3.0,0.0005510756627679962,4.066299800757175,181.08487856208566,72.38445989474626,0.21574742152369192,3.8967092037200928,0.0,0.0002627002540975809,978744.25
ACT-CLJ0853.4+0132,168.0,239.0,3.2,2.0,10.0,133.36176244266326,1.58189415078732,0.0007488761781139164,0.002005629241466522,168.0,239.0,3.0,0.0020957415368127877,8.56698450905165,168.42300890621868,238.71209991834118,-0.3861482901314073,9.911149978637695,0.0,0.00019547481497284025,1638910.875
ACT-CLJ0853.4+0132,200.0,43.0,5.120000000000001,2.0,10.0,133.3439789708601,1.4730051992171447,0.0012112576894662396,0.008877220563590527,200.0,43.0,3.0,0.009276071310648483,5.593925540447276,199.319472432342,42.83346737154586,0.3810416166117858,6.211936950683594,0.0,0.000634708208963275,98522.375
ACT-CLJ0853.4+0132,191.0,227.0,8.192000000000002,2.0,10.0,133.34897984733524,1.5752274275126903,0.0006901403134678691,0.0012267165584489703,191.0,227.0,3.0,0.001281832550246277,2.813638556937457,189.38522028468907,228.40110622156507,-0.191615330095585,3.6820411682128906,0.0,0.00019428468658588827,1571579.5
ACT-CLJ0854.7-0122,143.0,53.0,8.192000000000002,2.0,10.0,133.70841957573586,-1.434231571760277,0.0010728299619380674,0.006742923986166716,143.0,53.0,3.0,0.00704588145466402,1.9835211477482266,140.1950502530263,52.61251350067568,0.0984439466626983,4.214958190917969,0.0,0.00045281497295945883,278845.71875
ACT-CLJ0855.4-0106,168.0,163.0,3.2,2.0,10.0,133.86824806453697,-1.1165647085011958,5.8980131232011966e-05,0.02611921727657318,168.0,163.0,3.0,0.027292745550282847,114.56723525373516,168.15754161621032,163.06917636842797,0.360885791458964,58.00179672241211,0.0,0.0001317826972808689,4073394.0
ACT-CLJ0856.3+0146,171.0,178.0,3.2,2.0,10.0,134.08302551140935,1.7905452666827109,0.00017799992480890036,0.006541568320244551,171.0,178.0,3.0,0.006835478941566874,28.900764422814174,170.8873395786762,178.45546213188544,0.36349053755877375,30.3301944732666,0.0,0.0001243528677150607,4411286.0
ACT-CLJ0856.4-0013,212.0,164.0,5.120000000000001,2.0,10.0,134.07801118588128,-0.22950577413597442,0.00048520135071147336,0.0023772800341248512,212.0,164.0,3.0,0.002484090483497437,10.886773148846418,211.76551997511814,164.15514991437036,-0.3107989038480447,12.373416900634766,0.0,0.00015120769967325032,2420234.5
ACT-CLJ0856.5+0143,110.0,60.0,5.120000000000001,2.0,10.0,134.15904331847557,1.6671336784353123,0.0011101276274352418,0.007964692078530788,110.0,60.0,3.0,0.008322543205789895,6.079573766239535,109.5351543147198,59.7981149609892,-0.3188481105082735,7.422779083251953,0.0,0.0005895851645618677,220210.8125
ACT-CLJ0857.8+0310,166.0,269.0,3.2,2.0,10.0,134.46357928524796,3.2353935187989684,0.0010382256316080456,0.026237323880195618,166.0,269.0,3.0,0.027416158646714584,50.98356636056178,166.4745840617852,268.60909164568153,-0.39111909679505347,44.49653625488281,0.0,0.0002973299997393042,824714.375
ACT-CLJ0859.0-0119,165.0,162.0,3.2,2.0,10.0,134.75373449188174,-1.3348456615551503,2.9088821562552194e-05,0.005797951947897673,165.0,162.0,3.0,0.006058452117884413,29.435887270082606,164.6664443565401,161.8042052052797,0.3745529247129256,32.35267639160156,0.0,0.00012355342914815992,4578817.5
ACT-CLJ0859.4+0308,175.0,173.0,3.2,2.0,10.0,134.86932324522832,3.1499809630456426,0.0001651215923193247,0.001974649028852582,175.0,173.0,3.0,0.002063369392922997,14.199633843222866,174.55491045347256,173.25563243193196,0.39117782866667244,15.146773338317871,0.0,0.00011904272832907736,4789265.0
ACT-CLJ0859.4+0308,199.0,79.0,8.192000000000002,2.0,10.0,134.85597076745776,3.097758575036527,0.000881134487637871,-0.0012374087236821651,199.0,79.0,3.0,-0.0012930051111236236,0.8661077618598938,199.0,79.0,3.0,1.0085138082504272,0.0,0.00025690378970466554,1016007.375
ACT-CLJ0859.4+0308,147.0,268.0,8.192000000000002,2.0,10.0,134.88490276146928,3.202758712527598,0.0010380445037479367,-0.0014785081148147583,147.0,268.0,3.0,-0.0015449370225906628,0.7987099289894104,147.0,268.0,3.0,0.9300343990325928,0.0,0.0003267228603363037,569788.25
ACT-CLJ0901.5+0301,213.0,113.0,5.120000000000001,2.0,10.0,135.35799583851698,2.9902675617545826,0.0006857671044610391,0.007321290206164122,213.0,113.0,3.0,0.007650233488269031,11.637757873856378,213.37070327724874,113.37445029787114,0.27474033988926155,14.738466262817383,0.0,0.00020239801960997283,1665719.0
ACT-CLJ0901.7+0408,238.0,161.0,3.2,2.0,10.0,135.40452101853452,4.138915803250638,0.000736980468217435,0.023007510229945183,238.0,161.0,3.0,0.02404123047801409,61.11649291572307,237.80350315261845,161.45116453968905,-0.3684563059684913,48.876251220703125,0.0,0.00024034199304878712,1323443.5
ACT-CLJ0903.4-0136,239.0,235.0,3.2,2.0,10.0,135.83023790016222,-1.564655987223336,0.001028810390897029,0.0057419971562922,239.0,235.0,3.0,0.0059999832949699915,7.314525255487067,239.02195984060373,234.8221477596848,0.3971683841218054,8.156469345092773,0.0,0.0004570396267808974,307533.5625
ACT-CLJ0904.3+0206,162.0,161.0,3.2,2.0,10.0,136.080947876,2.1036839082410097,9.69627385667621e-06,0.002407705644145608,162.0,161.0,3.0,0.002515883106672766,10.127438192195429,162.0128178646224,161.27535894058633,0.3984819225910402,11.143421173095703,0.0,0.00014542450662702322,3132140.0
ACT-CLJ0904.3+0206,258.0,87.0,5.120000000000001,2.0,10.0,136.02757999477242,2.0625719095183808,0.0011812348556310402,0.00198573200032115,258.0,87.0,3.0,0.0020749503188378007,5.34038456089336,258.1618240070984,86.62404958784447,0.337009400943057,5.560536861419678,0.0,0.0005802405066788197,178523.53125
ACT-CLJ0904.3+0206,79.0,212.0,8.192000000000002,2.0,10.0,136.12709091484982,2.132016549324597,0.0009395381400447951,0.0007477191975340247,79.0,212.0,3.0,0.0007813139875237192,0.9459080696105957,79.0,212.0,3.0,1.1473485231399536,0.0,0.0003384709416422993,574264.125
ACT-CLJ0905.6+0434,194.0,193.0,3.2,2.0,10.0,136.39798225652768,4.591135574862508,0.00043200134756613397,0.024447886273264885,194.0,193.0,3.0,0.025546322167048253,76.63618561468708,193.8858467980317,192.88440563320495,0.3733828770474713,53.4095458984375,0.0,0.00019221003458369523,2117953.5
ACT-CLJ0905.6+0434,132.0,141.0,5.120000000000001,2.0,10.0,136.43253690333134,4.562246714003681,0.0003550743033797462,0.005886498373001814,132.0,141.0,3.0,0.006150976906210365,16.140010941692,132.5347444393229,140.83314872034137,-0.37032178701494367,10.581396102905273,0.0,0.000185050826985389,2192621.75
ACT-CLJ0907.8+0057,161.0,234.0,5.120000000000001,2.0,10.0,136.97272360758825,0.9912657467394668,0.00069819893623759,0.005195131059736013,161.0,234.0,3.0,0.005428546675513123,13.45428518616538,160.94406010038767,233.8087393728079,0.330001725508871,17.168109893798828,0.0,0.0002549363416619599,1014372.125
ACT-CLJ0914.7+0011,257.0,161.0,5.120000000000001,2.0,10.0,138.6396658086351,0.185040250845493,0.0009211967874427629,0.0036146133206784725,257.0,161.0,3.0,0.0037770167681258947,6.060723075849814,257.11853619030126,161.7686265452756,-0.3810312779194997,6.978453159332275,0.0,0.0002920033293776214,530387.375
ACT-CLJ0915.9-0132,201.0,260.0,5.120000000000001,2.0,10.0,138.9648066571964,-1.497196927779451,0.0010227152488873979,-0.0001337129797320813,201.0,260.0,3.0,-0.0001397206621452256,4.432487586022665,201.23442796185955,259.69300007221705,-0.2903938294974241,4.8202409744262695,0.0,0.00034771632635965943,409641.875
ACT-CLJ0915.9-0132,155.0,163.0,5.120000000000001,2.0,10.0,138.99037102743551,-1.5510859050873116,6.856300985718445e-05,0.0006480284500867128,155.0,163.0,3.0,0.0006771441659327269,5.976210752020631,154.12302479909968,162.69003720249137,-0.3480336561124923,6.230808258056641,0.0,0.00012595714360941201,3537822.5
ACT-CLJ0916.1-0024,153.0,176.0,3.2,2.0,10.0,139.04462719688794,-0.39996093596870647,0.00016137815789730843,0.025411799550056458,153.0,176.0,3.0,0.026553543766280774,121.14100513158223,152.56094389483923,176.36025489043772,0.3636447073097967,58.50830841064453,0.0,0.00012822236749343574,3627053.5
ACT-CLJ0916.7+0155,197.0,161.0,3.2,2.0,10.0,139.17752031301384,1.9224774519319374,0.0003395080618900727,0.0061212265864014626,197.0,161.0,3.0,0.006396251384919002,23.673970192584736,196.63034592821722,160.78960385625368,-0.35722650743586787,26.960561752319336,0.0,0.00014411256415769458,2963456.0
ACT-CLJ0918.7+0211,226.0,210.0,3.2,2.0,10.0,139.65402355415785,2.2160411621891836,0.0007757017529751471,0.024631312116980553,226.0,210.0,3.0,0.02573798927662767,82.28825446488258,225.53219727398508,210.4464535137866,0.38120095165789736,54.36943817138672,0.0,0.0001839718024712056,2060209.25
ACT-CLJ0918.7+0211,139.0,224.0,3.2,2.0,10.0,139.7023931191294,2.2238193095100467,0.0006412015332254917,0.005282179452478886,139.0,224.0,3.0,0.005519506125351736,16.536851845469574,139.21613115417207,223.5885416060794,0.393264615581267,10.879907608032227,0.0,0.0001487217377871275,3147150.5
ACT-CLJ0920.4+0134,168.0,264.0,5.120000000000001,2.0,10.0,140.09937222324925,1.6327869041785175,0.0009907292387736383,0.0059860339388251305,168.0,264.0,3.0,0.006254984573915468,14.413492863645976,168.28657515513495,263.76471639734825,0.3631564136753535,16.951892852783203,0.0,0.00022629326849710196,1445992.75
ACT-CLJ0921.0-0148,169.0,159.0,3.2,2.0,10.0,140.26689163331278,-1.813460109067964,7.384462153254052e-05,0.002532649552449584,169.0,159.0,3.0,0.002646440705749705,14.548958163079014,168.60087372128743,158.53623209670087,0.3686242942798887,16.21649742126465,0.0,0.00010693822696339339,4889246.5
ACT-CLJ0922.1+0346,170.0,205.0,3.2,2.0,10.0,140.53273145951556,3.7946794535798207,0.00042409419900560206,0.024992873892188072,170.0,205.0,3.0,0.02611579590945883,127.25384462569833,169.8348563321855,205.39819238969739,0.3703424038839311,58.795162200927734,0.0,0.00011852064199047163,4200948.0
ACT-CLJ0922.1-0027,245.0,160.0,5.120000000000001,2.0,10.0,140.49478095480808,-0.4618218149144115,0.0008050241674739554,0.003931733779609203,245.0,160.0,3.0,0.00410838535022151,17.616497478448775,244.3925887007926,159.8937079951985,0.35628271028097813,19.736772537231445,0.0,0.00019071548013016582,1886075.5
ACT-CLJ0930.4+0216,241.0,231.0,5.120000000000001,2.0,10.0,142.5640159405705,2.315416522620101,0.0010170458770184208,0.0001296365517191589,241.0,231.0,3.0,0.00013546108149498445,5.833673985709065,241.55384273941755,232.228922519718,0.3356646508852449,4.978275299072266,0.0,0.0002619490260258317,1044251.8125
ACT-CLJ0930.4+0216,98.0,256.0,8.192000000000002,2.0,10.0,142.64352561357745,2.329305634025032,0.0011026496525652699,0.002084425650537014,98.0,256.0,3.0,0.0021780782439301868,2.4451727867126465,98.0,256.0,3.0,3.017550468444824,0.0,0.000320692197419703,479399.1875
ACT-CLJ0935.2+0048,184.0,161.0,3.2,2.0,10.0,143.8002460762486,0.7972863328377586,0.00021353827775833393,0.02597108855843544,184.0,161.0,3.0,0.027137961455108255,140.72460749362958,183.8852927193281,161.18708643614326,-0.36447541900903113,61.37641525268555,0.0,0.00010844167263712734,6132198.5
ACT-CLJ0935.3+0233,200.0,194.0,3.2,2.0,10.0,143.8253185030326,2.566255968261674,0.00048170085491457777,0.007402294781059027,200.0,194.0,3.0,0.0077348775734116,29.662763765528513,199.51240737192734,193.5686563799212,0.3910353075880582,29.87537384033203,0.0,0.00012017524568364024,4225724.5
ACT-CLJ0940.9+0322,168.0,236.0,5.120000000000001,2.0,10.0,145.23379759939206,3.4090770359353066,0.0007198788304878846,0.002740298630669713,168.0,236.0,3.0,0.00286341939219357,10.639760708058324,168.1385857220194,236.24883706811576,-0.3856963018693436,12.433670997619629,0.0,0.00015384529251605272,2494807.25
ACT-CLJ0947.9-0120,169.0,163.0,3.2,2.0,10.0,146.992341131574,-1.3366281552616144,6.856300985764369e-05,0.026793809607625008,169.0,163.0,3.0,0.02799764710405503,139.84065327643532,169.15078664036017,163.24011328909674,-0.3628427741379638,60.68122482299805,0.0,0.00010975773329846561,5298219.0
ACT-CLJ0951.6-0014,167.0,177.0,3.2,2.0,10.0,147.92207266298934,-0.23415581045446787,0.00015331154982265732,0.005051958374679089,167.0,177.0,3.0,0.005278941286437616,33.34471761192238,166.6714602059531,176.99122147336314,-0.36758343332470883,34.50728225708008,0.0,0.00011010929301846772,5219577.0
ACT-CLJ0956.1+0158,212.0,164.0,3.2,2.0,10.0,149.0196299689732,1.9785732894492163,0.0004852013507111036,0.0033788708969950676,212.0,164.0,3.0,0.0035306825109822485,13.504187521095178,212.380504733812,164.2267937513038,0.42156701587994755,14.999241828918457,0.0,0.00012542487820610404,3926972.0
ACT-CLJ0957.6+0234,93.0,238.0,5.120000000000001,2.0,10.0,149.4459507925261,2.6149915102262558,0.0009953211200720857,0.0014611816732212901,93.0,238.0,3.0,0.0015268321093884394,5.28297349107489,93.71324941907383,237.97642196641672,0.31558037164412606,5.597443103790283,0.0,0.00027044882881455123,785588.1875
ACT-CLJ1005.5+0235,169.0,268.0,5.120000000000001,2.0,10.0,151.38184916252632,2.642144869728146,0.001030043346394653,0.020372970029711723,169.0,268.0,3.0,0.02128832120950186,50.71884575090425,169.2082844557298,267.9842330679641,-0.3562833697180497,43.81110763549805,0.0,0.0002890929172281176,694349.8125
ACT-CLJ1006.9+0255,167.0,164.0,3.2,2.0,10.0,151.73792599133228,2.926684218275393,5.221603268755926e-05,0.005274632479995489,167.0,164.0,3.0,0.0055116200697520115,30.08716056542706,166.68605830657106,164.34634042221248,0.37953590274353516,31.29871368408203,0.0,0.00011425695265643299,4497568.0
ACT-CLJ1020.1-0013,209.0,218.0,3.2,2.0,10.0,154.9995082502344,-0.1946482281942924,0.0007088896817622533,0.0026148566976189613,209.0,218.0,3.0,0.0027323413922735454,8.386393566417881,209.15964532422225,218.15916928829213,0.3712877732984286,9.994261741638184,0.0,0.00020588355255313218,1441387.25
ACT-CLJ1020.3-0100,163.0,165.0,3.2,2.0,10.0,155.09029518680177,-1.0175843222055956,3.0662310195415224e-05,0.025240059942007065,163.0,165.0,3.0,0.026374087951285832,76.54398446591657,162.6427406726903,164.61579767204367,0.3597679202223881,52.15700912475586,0.0,0.00020489055896177888,1277064.125
ACT-CLJ1027.8+0004,242.0,163.0,3.2,2.0,10.0,156.9158063868415,0.06718377540519697,0.0007757623522832286,0.02494402974843979,242.0,163.0,3.0,0.026064757213588755,63.54437103166703,241.9150551657465,163.13601709127258,0.3701930958912112,50.59148406982422,0.0,0.00022688665194436908,1234323.125
ACT-CLJ1029.9+0016,231.0,250.0,3.2,2.0,10.0,157.43626020850178,0.3186701281728189,0.0010842927422991073,0.007737728301435709,231.0,250.0,3.0,0.008085382017083715,7.961216387408638,230.64044632713828,249.71795521411536,-0.4162129717420598,9.079791069030762,0.0,0.00041749808588065207,332845.53125
ACT-CLJ1031.2+0031,173.0,177.0,5.120000000000001,2.0,10.0,157.80614448019654,0.5362147739272434,0.0001803611175838483,0.007239481899887323,173.0,177.0,3.0,0.007564749560344633,17.728392447042715,172.82653271726932,176.96705729104988,0.3386602653365752,21.798925399780273,0.0,0.00020390468125697225,1421792.5
ACT-CLJ1032.1-0249,163.0,209.0,3.2,2.0,10.0,158.0401542290609,-2.80079604783248,0.00045582797988580706,0.0025860697496682405,163.0,209.0,3.0,0.0027022610557432096,7.402450332021613,163.28564926468647,209.1445066308082,0.393076775287495,8.412123680114746,0.0,0.0002266616647830233,1024635.125
ACT-CLJ1035.1+0249,102.0,64.0,8.192000000000002,2.0,10.0,158.82389986115592,2.777402291090886,0.001114185368811907,-0.0012960912426933646,102.0,64.0,3.0,-0.0013543242173840865,3.511960738949375,102.27075072912194,63.748602969675694,0.1488854278003812,5.998498439788818,0.0,0.000838547945022583,115877.046875
ACT-CLJ1035.1-0248,166.0,237.0,5.120000000000001,2.0,10.0,158.78247367987782,-2.7619536760305285,0.0007282539453048931,0.004933532327413559,166.0,237.0,3.0,0.00515519439385968,18.763940687679167,166.14715340135558,236.97640701076355,0.3507566253248819,22.10881996154785,0.0,0.0001776706922100857,1899241.375
ACT-CLJ1107.4+0121,162.0,179.0,3.2,2.0,10.0,166.862792969,1.366039722377593,0.00016483665407565707,0.02496112696826458,162.0,179.0,3.0,0.02608262260615983,124.63575490065786,162.34398187867154,178.50760931487895,0.36540940711087516,58.11136245727539,0.0,0.0001227713655680418,4303472.0
ACT-CLJ1110.2-0030,210.0,162.0,5.120000000000001,2.0,10.0,167.5490769314317,-0.504108791587365,0.0004654211115290565,0.004242465365678072,210.0,162.0,3.0,0.004433078009393191,24.186638023162754,210.1650899340149,161.75725293849177,-0.37317304794401884,25.939678192138672,0.0,0.00013089628191664815,3771745.0
ACT-CLJ1110.3+0143,215.0,216.0,3.2,2.0,10.0,167.56825897821008,1.7581736177189304,0.00073365611308646,0.004912285134196281,215.0,216.0,3.0,0.005132992570887864,10.045459437304823,215.47776338164797,215.62118166230695,0.4750071650324861,10.986485481262207,0.0,0.00017626149929128587,2009790.5
ACT-CLJ1110.3+0143,145.0,276.0,8.192000000000002,2.0,10.0,167.60716634246648,1.7915071366956905,0.0011175976285293155,0.00567188486456871,145.0,276.0,3.0,0.005926720879879447,2.583295354193144,145.1609508730562,276.08587330817033,-0.12447955886482542,4.654121398925781,0.0,0.0003603333607316017,318320.0625
ACT-CLJ1110.3+0143,57.0,198.0,8.192000000000002,2.0,10.0,167.6560777591035,1.7481729453307209,0.0010762859825377113,0.003992519807070494,57.0,198.0,3.0,0.004171902474909679,3.2933144051259235,56.722423419724045,197.5971510805026,-0.19050827970314232,3.240233898162842,0.0,0.0003760506515391171,496905.25
ACT-CLJ1111.1+0044,166.0,161.0,3.2,2.0,10.0,167.7984825442597,0.7481582948432506,3.997876126602817e-05,0.02519681304693222,166.0,161.0,3.0,0.02632889798672376,122.81577710575709,165.680524562466,161.11074675545817,0.36143147966099415,60.2235107421875,0.0,0.00012520854943431914,4672076.0
ACT-CLJ1112.8+0229,178.0,171.0,3.2,2.0,10.0,168.19587558085533,2.5015972600243646,0.0001779999248090662,0.0062241037376224995,178.0,171.0,3.0,0.006503750774409978,30.117952367736816,178.50104851785397,171.0013947433566,0.37311762946488275,30.63255500793457,0.0,0.00012113474076613784,4154842.5
ACT-CLJ1116.7+0218,166.0,205.0,3.2,2.0,10.0,169.19563665991615,2.3282576206909225,0.00041873982353776457,0.0020683228503912687,166.0,205.0,3.0,0.0021612519500037197,11.302655153131271,166.37002761514526,204.6688367132196,-0.41540335068100503,12.448344230651855,0.0,0.00013547026901505888,3422692.25
ACT-CLJ1116.7+0218,80.0,100.0,8.192000000000002,2.0,10.0,169.2434520312468,2.269923575361012,0.0009967841680795654,0.0009402891155332327,80.0,100.0,3.0,0.0009825360117880224,2.9617297284773296,80.1544975806317,99.5927863429368,0.15540418835719919,4.218949794769287,0.0,0.0003611111897043884,492311.6875
ACT-CLJ1116.9-0036,81.0,90.0,8.192000000000002,2.0,10.0,169.27599045375283,-0.6531299452447638,0.0010508270016085053,0.0016452819108963013,81.0,90.0,3.0,0.001719203913237146,1.9647585153579712,81.0,90.0,3.0,2.366405487060547,0.0,0.00043230425217188895,337191.0
ACT-CLJ1117.9-0211,244.0,232.0,3.2,2.0,10.0,169.45285613510853,-2.144645298539155,0.0010454000473702168,0.024104170501232147,244.0,232.0,3.0,0.025187163352740197,43.60173863264462,243.5911795167044,232.07310832160937,0.37984140716098136,41.29958724975586,0.0,0.00034563979716040194,603474.75
ACT-CLJ1118.7+0039,166.0,237.0,3.2,2.0,10.0,169.69473806327056,0.6961587400188354,0.0007282539453046997,0.024546882137656212,166.0,237.0,3.0,0.025649765884704613,50.10613179707406,166.07826456074676,237.23917748249227,-0.3763492314141374,43.815547943115234,0.0,0.00030139461159706116,594365.25
ACT-CLJ1118.9-0041,271.0,163.0,3.2,2.0,10.0,169.67842309515214,-0.7003682709483346,0.0010569379342203835,0.00638615945354104,271.0,163.0,3.0,0.006673087603025462,6.283988577527478,271.36516247087854,163.34223336686898,-0.41411546346145656,6.425690174102783,0.0,0.0005328558618202806,176764.984375
ACT-CLJ1125.7+0010,166.0,163.0,5.120000000000001,2.0,10.0,171.43433172255425,0.17334971866561255,3.9978761266209984e-05,-0.00045809123548679054,166.0,163.0,3.0,-0.00047867313160909536,6.660595144614267,166.20962325906345,163.21401424056475,0.33636069572028543,8.068705558776855,0.0,0.00018741865642368793,1621108.375
ACT-CLJ1127.5+0003,264.0,192.0,5.120000000000001,2.0,10.0,171.83969560479036,0.0783960705863786,0.00103091009779213,0.0094266626983881,264.0,192.0,3.0,0.009850199708940278,5.29862334091762,264.2515101030042,191.86124114794646,0.25502159275724495,7.702284812927246,0.0,0.0005214871489442885,159648.3125
ACT-CLJ1128.3-0058,212.0,162.0,5.120000000000001,2.0,10.0,172.05130441298328,-0.9861282739316348,0.000484813654864591,0.022004399448633194,212.0,162.0,3.0,0.022993050242626677,69.77074871488448,211.7365675020412,161.5156303900677,0.3652241869036998,49.42723846435547,0.0,0.00021604183712042868,1129656.5
ACT-CLJ1129.8+0256,219.0,215.0,3.2,2.0,10.0,172.43359238892816,2.9655807117821453,0.0007546914416776394,0.0033958684653043747,219.0,215.0,3.0,0.0035484437747263795,11.991753012380363,219.1044276538354,214.6184900692376,-0.4138386531386127,13.123602867126465,0.0,0.00029081435059197247,675469.6875
ACT-CLJ1131.6-0107,89.0,76.0,8.192000000000002,2.0,10.0,172.95668650978715,-1.1755204790895224,0.001093789110464405,0.003640874521806836,89.0,76.0,3.0,0.0038044578768180793,0.6268818974494934,89.0,76.0,3.0,0.7682923078536987,0.0,0.0007411553524434566,122384.5625
ACT-CLJ1136.9+0006,181.0,173.0,5.120000000000001,2.0,10.0,174.2245365906589,0.10194765950315432,0.0002128768256646621,0.027079369872808456,181.0,173.0,3.0,0.02829603750275635,78.01789075298034,181.50163192200117,172.97875054611072,0.35838114698018697,52.376644134521484,0.0,0.00019832466205116361,1449753.75
ACT-CLJ1138.5-0011,169.0,207.0,5.120000000000001,2.0,10.0,174.63841455981532,-0.17710109708424476,0.00044157982273595526,0.004617347847670317,169.0,207.0,3.0,0.004824803844204088,14.829935124095636,169.4079002150282,207.56103934377614,0.35981581667107065,16.336694717407227,0.0,0.00024386419681832194,1015992.75
ACT-CLJ1139.3+0154,196.0,267.0,3.2,2.0,10.0,174.81549644148015,1.958599855454734,0.0010701537528236386,0.0008133213850669563,196.0,267.0,3.0,0.0008498636608511869,6.231704701817933,195.6535404317482,267.02755220105325,-0.32371612903337516,6.3299126625061035,0.0,0.0006882416782900691,139739.875
ACT-CLJ1139.3+0154,74.0,241.0,3.2,2.0,10.0,174.883313384064,1.9441548206927062,0.0011466633139252378,0.010510415770113468,74.0,241.0,3.0,0.010982645467660142,7.617318636901932,73.47237331526784,241.3966379492337,0.4652732863097648,8.559412002563477,0.0,0.0006496424321085215,107208.46875
ACT-CLJ1144.0+0440,179.0,169.0,3.2,2.0,10.0,176.01771510065822,4.681697109991677,0.0001782638240210118,0.026560505852103233,179.0,169.0,3.0,0.02775386108367178,143.16417443327862,179.49408396154263,168.88268367390972,-0.35868563585416724,59.69674301147461,0.0,0.00010699624544940889,5374508.0
ACT-CLJ1144.2+0227,171.0,202.0,3.2,2.0,10.0,176.05136126718892,2.483334234584299,0.0003975472071933089,0.005829463247209787,171.0,202.0,3.0,0.006091379210031838,29.990092145156463,171.00185910131046,202.00695288328433,0.36829149998993493,30.617685317993164,0.0,0.00011540524428710341,4163839.25
ACT-CLJ1145.1-0100,82.0,263.0,3.2,2.0,10.0,176.33477954757342,-0.9533607503472965,0.0012493144748487637,-7.178985106293112e-05,82.0,263.0,3.0,-7.501534664710845e-05,7.564404415011477,81.76517581249631,263.2218700993099,-0.37092754945458684,9.176944732666016,0.0,0.0007974202744662762,88000.75
ACT-CLJ1145.1-0100,277.0,141.0,8.192000000000002,2.0,10.0,176.22642996845883,-1.0211381636172876,0.0011335101025842468,-0.003608439350500703,277.0,141.0,3.0,-0.0037705654033965224,1.263542652130127,277.0,141.0,3.0,1.5631165504455566,0.0,0.0007257596007548273,126753.6875
ACT-CLJ1148.0-0234,173.0,166.0,3.2,2.0,10.0,177.0216384339502,-2.578121486350643,0.00011349197526114981,0.02417023852467537,173.0,166.0,3.0,0.025256199791839892,77.48006837144803,172.66021545389526,166.16280415227547,0.367143680150193,52.109310150146484,0.0,0.0001978224900085479,1419516.5
ACT-CLJ1148.0-0234,278.0,152.0,8.192000000000002,2.0,10.0,176.96324562811492,-2.5858976421488693,0.0011289389799139268,0.038207534700632095,278.0,152.0,3.0,0.039924187300331176,8.73492281514912,277.25195998509645,150.1254696050225,-0.21854339868943667,5.216535568237305,0.0,0.0008899241220206022,53178.109375
ACT-CLJ1152.2+0031,170.0,157.0,3.2,2.0,10.0,178.05349299558011,0.5183418747766287,9.14744643627518e-05,0.024233641102910042,170.0,157.0,3.0,0.025322451028110395,134.39984094127453,169.94139245715675,156.98983996990367,-0.36109817701476077,59.34132766723633,0.0,0.0001125275666709058,4392079.0
ACT-CLJ1152.5+0356,187.0,159.0,3.2,2.0,10.0,178.13253207947287,3.9391124265175197,0.0002441459325184888,0.005487303249537945,187.0,159.0,3.0,0.0057338460705407554,30.92865688901914,187.47461104396518,159.21417121925643,0.3739077065887178,31.10227394104004,0.0,0.00011145981261506677,5001429.5
ACT-CLJ1152.5+0356,64.0,121.0,8.192000000000002,2.0,10.0,178.20102582431028,3.9179996603774705,0.001030043346394163,0.0018333073239773512,64.0,121.0,3.0,0.001915677249396827,2.5013039355006867,68.11717140844725,120.07901798912401,0.06437299369826341,5.331666469573975,0.0,0.0003002731245942414,811239.6875
ACT-CLJ1153.4+0259,202.0,190.0,5.120000000000001,2.0,10.0,178.3505195003149,2.999964661983736,0.0004734323890308638,0.0021620518527925014,202.0,190.0,3.0,0.0022591921672059064,10.442207009732979,202.1562685994462,190.6471202245549,0.326746620049961,11.701395034790039,0.0,0.00013470706471707672,3733550.25
ACT-CLJ1158.3+0228,276.0,161.0,3.2,2.0,10.0,179.53568323724716,2.4673682462466284,0.0011054172961403497,0.02039562724530697,276.0,161.0,3.0,0.021311996406716657,30.242828415485523,276.1752403975829,160.84374191945378,0.3858581875121794,33.091976165771484,0.0,0.00046040001325309277,379606.9375
ACT-CLJ1158.9-0244,171.0,162.0,3.2,2.0,10.0,179.72859104337184,-2.7485253706163446,8.726646449178901e-05,0.0050591034814715385,171.0,162.0,3.0,0.005286407420646426,36.29125248117999,171.23016425071168,161.591824239833,0.372543462887416,34.85002899169922,0.0,0.00010747186024673283,4711501.5
ACT-CLJ1200.9-0125,170.0,175.0,3.2,2.0,10.0,180.22814389716402,-1.4277884449646563,0.00014800719578267717,0.003080400638282299,170.0,175.0,3.0,0.0032188020767748623,13.939339544172588,169.90068303230507,174.61288757171886,0.4119080099138943,16.07440757751465,0.0,0.00010678289254428819,4911021.0
ACT-CLJ1203.9+0126,222.0,215.0,3.2,2.0,10.0,180.9553490003379,1.4657673603467205,0.0007762469764381937,0.024563267827033997,222.0,215.0,3.0,0.02566688777798795,73.74960267798168,222.1301134453797,214.58334424792685,0.36938375243826393,52.316932678222656,0.0,0.00019961094949394464,1540913.0
ACT-CLJ1203.9+0126,127.0,177.0,5.120000000000001,2.0,10.0,181.00814386346823,1.444656416156951,0.0003692230915572229,0.0019341027364134789,127.0,177.0,3.0,0.002021001368229532,13.441353229779464,126.46065258405808,176.82871156281902,0.35934550657188724,9.329422950744629,0.0,0.00012099804007448256,4264944.5
ACT-CLJ1205.3-0245,167.0,265.0,3.2,2.0,10.0,181.3437004694691,-2.6956130659870383,0.0009998919138836182,0.00752535555511713,167.0,265.0,3.0,0.007863467429609207,13.230369032691188,167.21045436059484,264.9031469574271,0.4067463022651336,15.149577140808105,0.0,0.0002852192847058177,829835.375
ACT-CLJ1205.3-0245,171.0,38.0,8.192000000000002,2.0,10.0,181.3414752568697,-2.8217241203483834,0.001205500142608678,0.007212215568870306,171.0,38.0,3.0,0.007536258161591858,2.291604995727539,171.0,38.0,3.0,2.7567384243011475,0.0,0.000804428884293884,75508.6484375
ACT-CLJ1205.5+0214,168.0,162.0,5.120000000000001,2.0,10.0,181.3813839565579,2.2443842849898408,5.81776430762658e-05,0.0022799945436418056,168.0,162.0,3.0,0.002382433986314816,13.01111032604763,167.65029035911223,162.21789902099835,0.36742194060061667,15.221001625061035,0.0,0.00011346284009050578,4351036.0
ACT-CLJ1208.3+0254,237.0,98.0,3.2,2.0,10.0,182.04684273495812,2.8781261472391155,0.0009560051069316923,0.005740891210734844,237.0,98.0,3.0,0.005998827659624193,7.9213552946419385,236.84975102357816,97.8005007801286,0.38765144129284695,8.743537902832031,0.0,0.0002594988909550011,886767.75
ACT-CLJ1210.2+0223,167.0,209.0,3.2,2.0,10.0,182.57330007379048,2.415650348885141,0.0004582963801506859,0.023702029138803482,167.0,209.0,3.0,0.024766953904509382,109.61432440617261,166.7947347606681,208.69709138439836,0.3670193013547463,57.950523376464844,0.0,0.00013558096543420106,3213078.25
ACT-CLJ1210.2+0321,241.0,164.0,3.2,2.0,10.0,182.5133626622845,3.3633707033095597,0.0007662509207030235,0.0082950284704566,241.0,164.0,3.0,0.008667721508621967,16.911245904785346,241.04581489555184,164.2839967101551,0.3766280879971456,19.415081024169922,0.0,0.00021183279750403017,1454537.75
ACT-CLJ1220.4-0240,207.0,143.0,5.120000000000001,2.0,10.0,185.07661136104502,-2.682974609724643,0.0004736309347802832,0.00975052360445261,207.0,143.0,3.0,0.010188611584353968,44.53700095597257,206.6424519913642,143.32064449165654,0.34295920998721796,39.27515411376953,0.0,0.0001394475402776152,2571514.0
ACT-CLJ1222.4-0127,181.0,163.0,3.2,2.0,10.0,185.599487432785,-1.4537307566556092,0.00018448418982870292,0.026865122839808464,181.0,163.0,3.0,0.028072164417485276,126.65111284912689,181.15416104240393,162.91852689867767,0.3624354883413009,58.930545806884766,0.0,0.00012085566413588822,3892078.5
ACT-CLJ1222.6-0214,197.0,196.0,5.120000000000001,2.0,10.0,185.6353412478188,-2.2290345955023865,0.00047313441418659333,0.005832721944898367,197.0,196.0,3.0,0.006094784319989689,24.83842728090153,197.13982575891114,195.81789008844422,0.3509584070946414,27.877771377563477,0.0,0.00014022096002008766,3407184.5
ACT-CLJ1224.3+0211,187.0,163.0,3.2,2.0,10.0,186.0668656626527,2.197269653810371,0.00024260068963378808,0.004227162338793278,187.0,163.0,3.0,0.004417087422290475,20.020539196571224,186.9073892375709,162.84984045241762,0.36602360261243216,22.188735961914062,0.0,0.00016526467516086996,2110581.75
ACT-CLJ1224.3+0211,100.0,138.0,5.120000000000001,2.0,10.0,186.1152342357076,2.183380434682107,0.0006446380666158551,0.00280969706363976,100.0,138.0,3.0,0.002935935875079858,7.872886906876605,99.44721373788039,137.77262302112447,0.36962915711234473,8.306709289550781,0.0,0.00022988546697888523,1167109.375
ACT-CLJ1238.5-0004,201.0,195.0,5.120000000000001,2.0,10.0,189.6226356941653,-0.05159665035143013,0.00049536474094248,0.0018699339125305414,201.0,195.0,3.0,0.001953949459133132,8.351071631173392,200.5515660606824,194.96042489386826,0.3012437496965145,11.168225288391113,0.0,0.00017944855790119618,1669633.125
ACT-CLJ1238.5-0004,140.0,278.0,5.120000000000001,2.0,10.0,189.65652458265765,-0.005485568238720033,0.0011448170007495124,0.003465528367087245,140.0,278.0,3.0,0.0036212334741375788,4.707143139919041,139.89759171456583,277.59649251372633,-0.28471268932293786,6.904986381530762,0.0,0.0005883384728804231,133451.21875
ACT-CLJ1245.0+0231,152.0,62.0,8.192000000000002,2.0,10.0,191.26274760721827,2.4694803070439533,0.0009744631540665575,-0.0014278963208198547,152.0,62.0,3.0,-0.0014920512565005286,2.615447173597526,149.36391989937948,64.15284942535496,-0.08282043007735546,3.225051164627075,0.0,0.0017871148884296417,347122.625
ACT-CLJ1245.0+0231,65.0,251.0,8.192000000000002,2.0,10.0,191.31113019049988,2.5744791520432613,0.0012764503257371427,0.022832276299595833,65.0,251.0,3.0,0.023858123341909725,2.7066832824660847,58.82600957107267,244.73679023594283,-0.07689661416458302,3.3091683387756348,0.0,0.0037462590262293816,87929.8203125
ACT-CLJ1245.0+0231,202.0,268.0,8.192000000000002,2.0,10.0,191.2349420628394,2.583924533249029,0.0010985493020868554,0.007877940312027931,202.0,268.0,3.0,0.008231893709515607,2.2437942838569045,202.77761195046963,265.05660526936214,-0.0760018144187902,3.598308801651001,0.0,0.0018977078143507242,308831.90625
ACT-CLJ1245.0+0231,91.0,278.0,8.192000000000002,2.0,10.0,191.29667162278523,2.589479662928042,0.0013187281276907804,0.02037213370203972,91.0,278.0,3.0,0.021287447305888788,2.4672679901123047,91.0,278.0,3.0,3.094778060913086,0.0,0.004688957706093788,65910.1875
ACT-CLJ1249.7+0145,161.0,283.0,8.192000000000002,2.0,10.0,192.43018230067742,1.8202958852403155,0.0011732886648723505,0.006334551144391298,161.0,283.0,3.0,0.00661916054866585,2.856755323465479,179.02059990962883,279.7604756880754,0.05566284953507014,3.954848051071167,0.0,0.002265371847897768,151270.0
ACT-CLJ1249.7+0145,242.0,76.0,8.192000000000002,2.0,10.0,192.3851623513097,1.7052954112587835,0.0011388886846812204,0.016446873545646667,242.0,76.0,3.0,0.01718582643675245,2.6640182948020557,244.9004152030866,79.3693685841386,0.07352001749273741,4.790152072906494,0.0,0.0023012529127299786,107412.765625
ACT-CLJ1249.7+0145,60.0,148.0,8.192000000000002,2.0,10.0,192.48631941418085,1.7452950605485096,0.0009982921621431722,0.020192984491586685,60.0,148.0,3.0,0.021100248977368653,2.6072607656466418,61.12987789409342,155.26851595638766,0.0681464930642201,4.133275032043457,0.0,0.0014193756505846977,330487.1875
ACT-CLJ1250.6+0036,274.0,164.0,3.2,2.0,10.0,192.59078953303907,0.5993695510433636,0.0010861553788034924,0.030743148177862167,274.0,164.0,3.0,0.032124428222648424,28.517579352991362,273.8725719118881,164.20972126742427,0.3956092042752585,30.016115188598633,0.0,0.0004795576387550682,256983.390625
ACT-CLJ1256.7+0235,168.0,164.0,5.120000000000001,2.0,10.0,194.17928043754233,2.5932141112063336,6.132462033233309e-05,0.0038177729584276676,168.0,164.0,3.0,0.0039893043049407766,20.52968136687731,168.2554247523721,163.6316187609206,0.35440811774993153,22.821016311645508,0.0,0.00015811144839972258,2216931.0
ACT-CLJ1256.7+0235,223.0,266.0,8.192000000000002,2.0,10.0,194.14869204328892,2.6498803002049276,0.0011690741840736979,0.001547778956592083,223.0,266.0,3.0,0.0016173201816517932,0.5389370322227478,223.0,266.0,3.0,0.6196508407592773,0.0,0.0005072408821433783,230731.109375
ACT-CLJ1258.4+0043,252.0,84.0,8.192000000000002,2.0,10.0,194.5720056965601,0.6881226319995761,0.0011547927303560762,0.013917104341089725,252.0,84.0,3.0,0.014542395492026506,4.58160187687951,252.77155058963857,88.1422996166618,0.06225781807477995,5.714184761047363,0.0,0.002667509950697422,110666.0
ACT-CLJ1258.8+0059,181.0,55.0,8.192000000000002,2.0,10.0,194.70445463741441,0.9363044966843237,0.0010537307675695406,0.003384555922821164,181.0,55.0,3.0,0.003536622963242953,3.0162691607658094,179.43764645347798,49.16760735766051,-0.054093578963598156,4.038949012756348,0.0,0.000838983803987503,429496.0625
ACT-CLJ1258.8+0059,192.0,71.0,8.192000000000002,2.0,10.0,194.698342668779,0.945193353477648,0.000929072791660821,0.003600832773372531,192.0,71.0,3.0,0.0037626170651339514,3.0162741487229763,179.43777193710272,49.16772902343552,0.054093656102668475,4.208685398101807,0.0,0.0006540660979226232,660477.625
ACT-CLJ1301.2+0218,242.0,160.0,5.120000000000001,2.0,10.0,195.26023741313725,2.310710369272316,0.0007759441218113983,0.026800425723195076,242.0,160.0,3.0,0.02800456047963107,11.695291590071674,242.4664548091868,160.40465227604906,0.30893740549745624,15.57562255859375,0.0,0.0013465371448546648,533560.875
ACT-CLJ1301.2+0218,163.0,66.0,8.192000000000002,2.0,10.0,195.3041620307856,2.2584888566528627,0.0009308925214348372,0.007394322194159031,163.0,66.0,3.0,0.007726546780672481,3.062276704851081,164.35765147189318,63.49804714960549,-0.0673119771405475,3.2903099060058594,0.0,0.001685050898231566,337607.28125
ACT-CLJ1311.5-0119,201.0,286.0,8.192000000000002,2.0,10.0,197.85770734243056,-1.2646677042697192,0.0012604030489262947,0.0,201.0,286.0,3.0,0.0,2.3738336425162294,198.74692842299422,286.66333258128344,0.08327848369054938,3.2799880504608154,0.0,0.0031270491890609264,76750.703125
ACT-CLJ1311.5-0119,147.0,35.0,8.192000000000002,2.0,10.0,197.88771510212692,-1.4041121588160297,0.0012399856154554632,0.02700200304389,147.0,35.0,3.0,0.02821519460638067,2.291860342025757,147.0,35.0,3.0,3.077486038208008,0.0,0.00548636494204402,34099.23046875
ACT-CLJ1315.0+0121,161.0,264.0,8.192000000000002,2.0,10.0,198.76831695329918,1.408887661616221,0.000989067140504446,0.006921643391251564,161.0,264.0,3.0,0.007232630666795031,2.1130814434468017,161.6913717411175,263.95008171872206,0.08365311753055463,3.7032806873321533,0.0,0.0013844697969034314,416043.46875
ACT-CLJ1315.0+0121,220.0,47.0,8.192000000000002,2.0,10.0,198.7355308828771,1.28833194439546,0.001248862861444038,0.0074026864022016525,220.0,47.0,3.0,0.007735286789969836,2.250089645385742,220.0,47.0,3.0,3.0366108417510986,0.0,0.004074864089488983,50399.65625
ACT-CLJ1322.9-0227,152.0,289.0,8.192000000000002,2.0,10.0,200.74576425962513,-2.3935312381514677,0.0012352376834841832,0.015882594510912895,152.0,289.0,3.0,0.016596194521244736,2.280714120520046,153.00751322744634,288.1510480069657,-0.07276930733634612,3.2292559146881104,0.0,0.0030294114258140326,94657.078125
ACT-CLJ1322.9-0227,112.0,262.0,8.192000000000002,2.0,10.0,200.7680061812353,-2.408530948297566,0.001084075948956546,0.006583529058843851,112.0,262.0,3.0,0.0068793249630447004,2.2407930258886153,81.50046850885889,254.72956632993723,0.06091381805263008,3.4224700927734375,0.0,0.001799967372789979,297449.5
ACT-CLJ1324.9+0223,201.0,194.0,3.2,2.0,10.0,201.2084471098397,2.416335029316158,0.0004891575168669922,0.02660559117794037,201.0,194.0,3.0,0.027800972079116047,32.395744110828495,201.51023282263895,193.96342011981733,0.41314815630543394,33.422481536865234,0.0,0.0004464302328415215,2324842.75
ACT-CLJ1324.9+0223,178.0,86.0,8.192000000000002,2.0,10.0,201.22123664805034,2.3563351805755355,0.0007530701913491056,0.002707336563616991,178.0,86.0,3.0,0.00282897634976411,2.21856427192688,178.0,86.0,3.0,2.4937667846679688,0.0,0.0006800292758271098,1054940.75
ACT-CLJ1325.0+0209,249.0,78.0,8.192000000000002,2.0,10.0,201.20544877856318,2.1041523719479454,0.0011726073480474125,0.0030392888002097607,249.0,78.0,3.0,0.0031758430966593067,2.6341321075859048,233.57540496749942,57.82890663661751,-0.08615910970566903,4.427443027496338,0.0,0.0010338334832340479,267631.1875
ACT-CLJ1325.0+0209,167.0,237.0,5.120000000000001,2.0,10.0,201.25103488490757,2.192486436192567,0.0007288346642371642,0.004500716459006071,167.0,237.0,3.0,0.004702932243677817,8.460188380875968,167.50893007146826,236.39979121906256,0.3540685530678932,9.546195983886719,0.0,0.0003893088432960212,1626035.0
ACT-CLJ1325.0+0209,228.0,54.0,8.192000000000002,2.0,10.0,201.21712362756287,2.0908193705915763,0.0012272581103973518,0.008783545345067978,228.0,54.0,3.0,0.009178187293817851,2.6340344391912285,233.57477127419557,57.82904476556376,-0.0861588168136208,3.519137144088745,0.0,0.0012266573030501604,163257.71875
ACT-CLJ1325.0+0209,73.0,201.0,8.192000000000002,2.0,10.0,201.30329469129762,2.1724856352702133,0.0009421862078340132,-0.0007677993271499872,73.0,201.0,3.0,-0.0008022963110911529,1.9907643795013428,73.0,201.0,3.0,2.3596649169921875,0.0,0.0005784346722066402,744835.0
ACT-CLJ1036.9+0154,238.0,237.0,3.2,2.0,10.0,159.19955943463677,1.9470485262483728,0.0010353237832879118,0.021364711225032806,238.0,237.0,3.0,0.022324621026951173,30.235380681285818,238.09219325668792,236.8665294177748,0.36510564119747996,31.795326232910156,0.0,0.0004960782825946808,210970.09375
ACT-CLJ1049.3-0002,164.0,165.0,3.2,2.0,10.0,162.35243503165685,-0.03486607432688943,3.496041255807947e-05,0.0038762534968554974,164.0,165.0,3.0,0.004050412355693348,15.246954064927564,163.67291895962683,165.29053533007627,0.35934258845324285,17.487579345703125,0.0,0.00020965791190974414,1321581.5
ACT-CLJ1050.6+0017,180.0,164.0,3.2,2.0,10.0,162.6617070306008,0.2833208012086121,0.00017560698655425493,0.00414961576461792,180.0,164.0,3.0,0.004336056704759651,6.851161907673791,179.85294030851963,163.68408355106428,-0.5291804182830779,7.130980014801025,0.0,0.0002114230883307755,1339710.75
ACT-CLJ1326.8+0216,166.0,180.0,3.2,2.0,10.0,201.71567152788356,2.2782156547061825,0.00017879045388431407,0.0021942099556326866,166.0,180.0,3.0,0.002292795123561885,8.438726211899974,166.3728776323538,180.48436635909312,-0.4390562385163658,9.762890815734863,0.0,0.00016734260134398937,2420236.75
ACT-CLJ1328.4-0038,220.0,217.0,3.2,2.0,10.0,202.0813623636573,-0.6135084183727003,0.0007750348478642726,0.02059728465974331,220.0,217.0,3.0,0.021522714225794472,51.57802515131197,219.59143698160236,217.27504170564296,-0.36710498099212324,43.819515228271484,0.0,0.0002868784940801561,631348.1875
ACT-CLJ1331.1+0100,166.0,270.0,5.120000000000001,2.0,10.0,202.796254569497,1.0629142882208704,0.0010479151893384906,0.005269848741590977,166.0,270.0,3.0,0.005506621399475221,1.0566388368606567,166.0,270.0,3.0,1.324411153793335,0.0,0.00047040858771651983,212821.328125
ACT-CLJ1332.8-0006,166.0,163.0,3.2,2.0,10.0,203.21523077620188,-0.11560373441904653,3.997876126596394e-05,0.003558681346476078,166.0,163.0,3.0,0.003718571787793344,9.691732480159088,166.46329032297552,163.33458896232415,0.39258945357358416,10.557088851928711,0.0,0.00016234150098171085,2277788.25
ACT-CLJ1340.9-0152,169.0,209.0,3.2,2.0,10.0,205.2384949610035,-1.8437690852457655,0.0004607515565521687,0.025450952351093292,169.0,209.0,3.0,0.026594455690438532,76.10772561566452,169.37273261351328,208.87456230917564,0.3698406395716996,51.97456359863281,0.0,0.00019797052664216608,1500452.625
ACT-CLJ1343.1-0000,245.0,74.0,8.192000000000002,2.0,10.0,205.72926425248153,-0.06317753837605919,0.0011729280170282236,0.004986195359379053,245.0,74.0,3.0,0.005210223559401705,3.9121994926785906,245.51254815617477,74.72397136910682,0.09127416606954208,3.606377124786377,0.0,0.0007587578147649765,145598.375
ACT-CLJ1343.1-0000,240.0,162.0,3.2,2.0,10.0,205.73204203853214,-0.014288676541316827,0.0007563092166404356,0.0060910917818546295,240.0,162.0,3.0,0.006364762633016706,11.248399658136753,239.65057515469985,162.25001311610748,0.43165332660479605,11.468341827392578,0.0,0.00030279887141659856,725616.5
ACT-CLJ0203.9-0205,235.0,239.0,5.120000000000001,2.0,10.0,30.954793091282664,-2.0530473867556673,0.0010288103908968203,0.003748940536752343,235.0,239.0,3.0,0.003917379264059885,5.474255844634963,234.2729116356206,238.5640637302872,-0.2578916311866771,6.622846603393555,0.0,0.000326597539242357,633904.25
ACT-CLJ0203.9-0205,170.0,109.0,8.192000000000002,2.0,10.0,30.99092717636191,-2.1252701083184173,0.0005197238499393839,-0.0008862639078870416,170.0,109.0,3.0,-0.000926083468437453,1.2759677171707153,170.0,109.0,3.0,1.5565414428710938,0.0,0.00017625985492486507,1903352.0
ACT-CLJ0204.5+0321,195.0,97.0,3.2,2.0,10.0,31.12256593020791,3.3250964460041215,0.0007068309793205416,0.005945395678281784,195.0,97.0,3.0,0.0062125204490195655,16.613476962715943,195.49941517290782,97.1570188710248,0.3518555219693865,18.858135223388672,0.0,0.00022514053853228688,1102650.25
ACT-CLJ0204.7-0116,177.0,165.0,3.2,2.0,10.0,31.19027678408271,-1.284787162821979,0.00014832446772988087,0.026885375380516052,177.0,165.0,3.0,0.02809332689852083,104.40325775703138,177.46375743476764,164.9814065229888,0.35349753755459534,56.66360092163086,0.0,0.00014778543845750391,2781719.5
ACT-CLJ0204.8-0303,194.0,196.0,3.2,2.0,10.0,31.198473223331604,-3.047011528715378,0.00045272355386251557,0.0069944956339895725,194.0,196.0,3.0,0.0073087561380433316,22.312313336592315,194.19313731437148,195.57567975691722,-0.3791248790898112,24.54643440246582,0.0,0.00016501279606018215,2358246.75
ACT-CLJ0205.2-0439,164.0,238.0,3.2,2.0,10.0,31.322716833227116,-4.615018651138593,0.0007371718005386659,0.004554592538625002,164.0,238.0,3.0,0.004759228958725442,8.432969985601801,163.65146073434434,238.29274616314325,0.3848630709529915,10.117029190063477,0.0,0.00022873033594805747,1039608.1875
ACT-CLJ0205.9-0307,222.0,60.0,8.192000000000002,2.0,10.0,31.470296361071878,-3.183136199279926,0.0011474419763873927,-0.0005611876840703189,222.0,60.0,3.0,-0.0005864016714245589,1.9148731567668507,225.02630746176916,62.74710325413663,0.10488229249602482,3.447511911392212,0.0,0.0004941127263009548,291249.65625
ACT-CLJ0205.9-0307,239.0,187.0,8.192000000000002,2.0,10.0,31.46084021309331,-3.1125803316280596,0.0007849789345746993,-0.0003648951824288815,239.0,187.0,3.0,-0.000381289808997757,2.3314117724098935,238.87789922210445,188.06747954243858,-0.15173649099279604,4.761596202850342,0.0,0.0002683193306438625,917903.5
ACT-CLJ0206.2-0114,163.0,170.0,3.2,2.0,10.0,31.56083614266816,-1.2496496792380944,7.81738588738523e-05,0.026688622310757637,163.0,170.0,3.0,0.027887733774795417,94.12161662761473,163.24658850362724,169.54343300765552,0.36641953204908717,56.82305908203125,0.0,0.0001679157285252586,2224782.75
ACT-CLJ0206.4-0118,167.0,176.0,3.2,2.0,10.0,31.612074406950903,-1.3048738547678835,0.00014414547275231606,0.006173709407448769,167.0,176.0,3.0,0.006451092242722575,27.77244226868628,166.822526128939,176.32219189416696,0.36001973441309293,28.941984176635742,0.0,0.00013340325676836073,3207902.5
ACT-CLJ0206.9-0119,215.0,161.0,5.120000000000001,2.0,10.0,31.715197409829706,-1.3383557623797908,0.0005139939352979076,0.001170520088635385,215.0,161.0,3.0,0.0012231111905973418,7.47660049208822,214.8952231310965,161.50456881165712,0.3475066703408344,8.863762855529785,0.0,0.000172838379512541,2123323.0
ACT-CLJ0206.9-0119,194.0,100.0,8.192000000000002,2.0,10.0,31.726867012687183,-1.3722447586305833,0.0006765191453136151,-0.0002999248681589961,194.0,100.0,3.0,-0.00031340039880167406,1.826420783996582,194.0,100.0,3.0,2.3182013034820557,0.0,0.0002215768618043512,1404107.0
ACT-CLJ0207.7+0020,173.0,264.0,3.2,2.0,10.0,31.94041622218868,0.40232614167397,0.00099475420121267,0.025614572688937187,173.0,264.0,3.0,0.026765427438953757,58.80968950066707,172.90365290814364,263.8129905226896,0.38314374283027713,48.780941009521484,0.0,0.0002520314301364124,1042549.875
ACT-CLJ0208.2-0237,165.0,167.0,3.2,2.0,10.0,32.065962344503596,-2.6294083954339045,5.653850635904228e-05,0.0064085121266543865,165.0,167.0,3.0,0.00669644457475977,29.405866503739677,164.76320362613941,167.43150376929606,0.3808950394314116,32.12620544433594,0.0,0.0001288134080823511,3794341.25
ACT-CLJ0208.3-0255,181.0,170.0,3.2,2.0,10.0,32.08054846154381,-2.9326118086663318,0.00019989380377400182,0.0016801408492028713,181.0,170.0,3.0,0.0017556290527533881,13.522484718359049,181.0564793937304,169.76654560373441,-0.39733223791094885,14.816497802734375,0.0,0.00011164867464685813,4539839.0
ACT-CLJ0208.3-0255,120.0,74.0,3.2,2.0,10.0,32.11448290473182,-2.9859449333982058,0.0009454734331678108,0.0054846168495714664,120.0,74.0,3.0,0.005731038971462899,7.563295613595331,120.17962178704404,73.71486329592541,0.396618309296937,8.390406608581543,0.0,0.0002902480191551149,722154.25
ACT-CLJ0209.6+0222,170.0,204.0,5.120000000000001,2.0,10.0,32.406261042581384,2.3976597929006975,0.00041456529610393655,0.0005060000694356859,170.0,204.0,3.0,0.0005287344945026431,5.0679624310930285,170.48851123346586,203.80529206719893,0.3120451216289674,5.762842178344727,0.0,0.00011759570043068379,3901028.0
ACT-CLJ0209.9+0038,246.0,159.0,3.2,2.0,10.0,32.457839474360966,0.6321375045024253,0.0008150061012435346,0.026222815737128258,246.0,159.0,3.0,0.02740099865731093,61.32068844728951,246.20337646860813,159.17518952056014,0.3768356670615284,48.03547286987305,0.0,0.00024155384744517505,959198.75
ACT-CLJ0210.0-0243,246.0,235.0,3.2,2.0,10.0,32.46190331997691,-2.6840014359056408,0.0010790776808922006,0.010595554485917091,246.0,235.0,3.0,0.01107160943937113,11.364065813714463,245.71202494644263,235.24146527168153,-0.42107068416369514,12.699029922485352,0.0,0.0003362448187544942,526081.1875
ACT-CLJ0210.0-0243,203.0,188.0,8.192000000000002,2.0,10.0,32.4858179349426,-2.710113217783665,0.00047074382536231655,-4.631445335689932e-05,203.0,188.0,3.0,-4.839534727956971e-05,1.7772555838353314,195.06716989974643,187.96861321128787,0.07909117533982352,5.077530384063721,0.0,0.0001346755598206073,3398171.25
ACT-CLJ0210.1+0254,171.0,159.0,5.120000000000001,2.0,10.0,32.547987352261586,2.9023953549324877,9.19869303546564e-05,0.001567923347465694,171.0,159.0,3.0,0.0016383696537151092,12.054772632689042,170.81450681286194,159.72921153484307,-0.33248176377426164,13.887603759765625,0.0,0.0001143719200626947,4116891.75
ACT-CLJ0210.1+0254,262.0,192.0,5.120000000000001,2.0,10.0,32.49736597613404,2.9207273251093517,0.0010123203648058385,0.0017298682359978557,262.0,192.0,3.0,0.0018075906755043616,3.7462834735137838,262.3559940293334,192.15403489469705,-0.21944825194822326,4.459918022155762,0.0,0.0003257066127844155,609781.625
ACT-CLJ0211.1-0453,240.0,175.0,5.120000000000001,2.0,10.0,32.76046331094145,-4.892156105285168,0.0007667415566557149,0.0025158063508570194,240.0,175.0,3.0,0.0026288407443706826,2.2831974029541016,240.0,175.0,3.0,2.885284662246704,0.0,0.00021388597087934613,1139934.0
ACT-CLJ0211.2-0343,203.0,194.0,3.2,2.0,10.0,32.792073856425056,-3.709125844259988,0.000504299422596482,0.0226325411349535,203.0,194.0,3.0,0.023649414138708746,105.45909583211032,202.59026250719543,193.53241889498406,0.3667952430152442,56.35114669799805,0.0,0.00014336987806018442,2708761.0
ACT-CLJ0211.9-0146,170.0,237.0,3.2,2.0,10.0,32.98618844466119,-1.7314605326787262,0.0007313457845159545,0.006694143172353506,170.0,237.0,3.0,0.006994908934123225,17.501776898229387,170.36461044612625,236.66531916258648,0.3574684741883194,19.89029312133789,0.0,0.00018716251361183822,1666156.125
ACT-CLJ0212.5+0152,80.0,250.0,5.120000000000001,2.0,10.0,33.17630704644986,1.9224467915886376,0.0011662963759346496,0.003627105848863721,80.0,250.0,3.0,0.003790070581700375,3.9191111520504793,80.04308821775511,250.73829307301202,-0.22880152553449362,4.665621280670166,0.0,0.0004079836653545499,292518.53125
ACT-CLJ0214.7-0432,169.0,177.0,3.2,2.0,10.0,33.6778806186435,-4.54382882644523,0.00016050188994531898,0.0247944425791502,169.0,177.0,3.0,0.025908449139507624,118.49579238614251,168.60245755910717,176.95545463675816,0.36038632127053677,58.19852066040039,0.0,0.00013038323959335685,3790665.5
ACT-CLJ0215.4+0030,212.0,163.0,3.2,2.0,10.0,33.84231161448315,0.5084631248247392,0.00048491060788620325,0.008448934182524681,212.0,163.0,3.0,0.008828542156259701,24.62172319536155,212.39399499486908,163.3432868353941,-0.38269202204852404,26.94035530090332,0.0,0.00014247593935579062,2964498.0
ACT-CLJ0215.4-0440,238.0,99.0,8.192000000000002,2.0,10.0,33.8275078205804,-4.709245502958137,0.0009571845105133519,0.0005644605262205005,238.0,99.0,3.0,0.0005898215613502522,2.2279329887440125,237.82701745012977,100.05303540913357,-0.15508811667756736,3.374328851699829,0.0,0.0003060357994399965,938583.5625
ACT-CLJ0215.4-0440,220.0,215.0,5.120000000000001,2.0,10.0,33.837544660700026,-4.644801609322809,0.0007618209779364515,0.002444762270897627,220.0,215.0,3.0,0.002554604676089847,5.60401964472683,220.40871242318062,214.60458688143268,-0.37511313263156415,7.230907440185547,0.0,0.0002512111095711589,1186913.625
ACT-CLJ0215.6-0113,221.0,69.0,8.192000000000002,2.0,10.0,33.86736045534398,-1.2867271351508431,0.0010679111189260892,0.0004985431442037225,221.0,69.0,3.0,0.0005209425319492323,3.2422136828199744,220.82465087906124,67.66831128736588,-0.2077307969122368,3.5292842388153076,0.0,0.0004719073185697198,230432.3125
ACT-CLJ0215.8-0041,166.0,164.0,3.2,2.0,10.0,33.95896688067987,-0.7025024676067085,4.33630549180419e-05,0.025279078632593155,166.0,164.0,3.0,0.026414859739452186,128.9188637117427,165.93168574337142,164.09601516651952,-0.3617375631627018,60.88233184814453,0.0,0.00011837556667160243,4811406.0
ACT-CLJ0217.7-0345,179.0,175.0,3.2,2.0,10.0,34.426043954002836,-3.7559815858708037,0.0002075093193013628,0.005967451259493828,179.0,175.0,3.0,0.006235566980606245,29.115192150482002,178.74197907775311,175.09909607404325,0.39460988545667913,31.158090591430664,0.0,0.00012614659499377012,4271120.5
ACT-CLJ0217.8-0048,166.0,62.0,8.192000000000002,2.0,10.0,34.45263058649598,-0.8596951529484442,0.0009704024729702486,-0.0012947848299518228,166.0,62.0,3.0,-0.001352959107926135,2.2916751229958194,162.36773006133615,57.55102613005403,0.09515053399813324,5.248621463775635,0.0,0.0006961409235373139,160256.4375
ACT-CLJ0217.8-0048,48.0,141.0,8.192000000000002,2.0,10.0,34.51819278613685,-0.8158057824614827,0.0011239729221911368,0.0008558820700272918,48.0,141.0,3.0,0.000894336584092652,2.2553062438964844,48.0,141.0,3.0,2.7187490463256836,0.0,0.0007728146156296134,123654.75
ACT-CLJ0217.8-0048,169.0,206.0,3.2,2.0,10.0,34.450963809168286,-0.7796951687556872,0.00043200134756613115,0.003661512164399028,169.0,206.0,3.0,0.003826022762245621,7.049990417910129,168.98983135258555,205.4983208202692,0.40774487756074235,8.168052673339844,0.0,0.00023100868565961719,1532570.0
ACT-CLJ0218.1-0214,148.0,266.0,8.192000000000002,2.0,10.0,34.534673223052096,-2.182877404075636,0.0010175079812612016,0.003273509442806244,148.0,266.0,3.0,0.0034205871995671355,3.2987568875252173,148.27214147197708,265.3597355491024,-0.13645581282788413,5.485346794128418,0.0,0.0005657461006194353,247567.296875
ACT-CLJ0218.2-0041,245.0,235.0,3.2,2.0,10.0,34.52318750299656,-0.6548068656770594,0.0010717778245748761,0.025150112807750702,245.0,235.0,3.0,0.026280099520382967,27.432957611223483,245.35156969701873,235.37338076755896,0.38628970947375535,29.348752975463867,0.0,0.0005092217470519245,317461.8125
ACT-CLJ0218.2-0041,67.0,128.0,8.192000000000002,2.0,10.0,34.622083467612754,-0.7142512131277148,0.0009783628492621593,-0.0015700118383392692,67.0,128.0,3.0,-0.0016405519798312787,2.343446731567383,67.0,128.0,3.0,2.631490468978882,0.0,0.0004167442675679922,536575.75
ACT-CLJ0218.5-0114,173.0,160.0,5.120000000000001,2.0,10.0,34.63800670700891,-1.2456240196615642,0.00010840763693872753,0.004964561201632023,173.0,160.0,3.0,0.0051876173857046855,18.677021672308673,172.7402404721172,159.6435424355101,0.330515689741637,21.82505226135254,0.0,0.00019909776165150106,1872199.625
ACT-CLJ0218.7-0014,245.0,96.0,8.192000000000002,2.0,10.0,34.631687573422745,-0.28203396411131876,0.0010282162183577002,0.0017167165642604232,245.0,96.0,3.0,0.0017938481032637862,2.4394242525939576,246.87596913411596,96.48226849982878,-0.17877347869328022,3.493687868118286,0.0,0.0005826976848766208,222398.5
ACT-CLJ0219.8+0022,171.0,236.0,3.2,2.0,10.0,34.955185875321796,0.4138867475393717,0.0007228114037224145,0.026041043922305107,171.0,236.0,3.0,0.027211059891625523,59.653296257242424,171.45309935192492,235.77563108841042,0.3685711941892036,47.1394157409668,0.0,0.00025194359477609396,946832.5
ACT-CLJ0219.9+0246,172.0,161.0,5.120000000000001,2.0,10.0,34.97420473702959,2.7815095844651814,9.744634594231077e-05,0.001620265655219555,172.0,161.0,3.0,0.0016930636850068519,9.912172698639587,171.48379139496717,161.47628014650815,0.34901068542929264,11.632623672485352,0.0,0.00015995479770936072,2738919.0
ACT-CLJ0219.9+0246,189.0,91.0,8.192000000000002,2.0,10.0,34.96474964789734,2.7426206198919796,0.0007365338328431865,0.0013746252516284585,189.0,91.0,3.0,0.0014363867348099676,2.6526026305851547,187.98113912074166,90.85550793451351,-0.12186853906345119,4.6898417472839355,0.0,0.0002559309359639883,1099089.25
ACT-CLJ0220.9-0332,221.0,153.0,5.120000000000001,2.0,10.0,35.20532206641484,-3.5538320727700583,0.0005786977343756472,0.0033728370908647776,221.0,153.0,3.0,0.0035243776078272273,8.045504622900744,220.59586698840448,153.36384946536356,-0.3157901692186531,9.52684211730957,0.0,0.0002161033044103533,1663239.375
ACT-CLJ0221.6-0012,215.0,163.0,3.2,2.0,10.0,35.37412744168655,-0.21025229146650298,0.000513993935297852,0.026121297851204872,215.0,163.0,3.0,0.027294919604482853,66.70309722145527,215.4327197730866,163.0920286836314,0.3651693548051553,50.035709381103516,0.0,0.00021997548174113035,1378727.375
ACT-CLJ0221.7-0346,54.0,113.0,3.2,2.0,10.0,35.50039023199464,-3.800439004108654,0.0011499383289613947,1.995267484744545e-05,54.0,113.0,3.0,2.084914229597861e-05,12.16035613574994,54.28099727104544,113.21816221015759,0.36448626379576593,16.1013126373291,0.0,0.0007722151931375265,190277.328125
ACT-CLJ0221.7-0346,222.0,216.0,3.2,2.0,10.0,35.40685343685583,-3.7432182378005634,0.0007826999789436142,0.0052741216495633125,222.0,216.0,3.0,0.00551108628786808,10.150364924707795,221.71825178841297,215.491522045385,0.37149696609703003,12.088861465454102,0.0,0.00036544722388498485,594525.9375
ACT-CLJ0221.7-0346,112.0,261.0,5.120000000000001,2.0,10.0,35.46809438376712,-3.718218448134676,0.001075412090584541,-0.001301329000853002,112.0,261.0,3.0,-0.001359797306381785,7.282829363951189,112.26537659445945,261.6226613131283,0.31658592611875064,8.111430168151855,0.0,0.0005572857335209846,250593.65625
ACT-CLJ0221.7-0346,48.0,194.0,3.2,2.0,10.0,35.50372761978015,-3.755438794932317,0.0011480972825333893,0.002781848656013608,48.0,194.0,3.0,0.0029068362471977157,7.687323343576204,47.798971868078354,194.0611800145519,-0.3956212526501148,9.478144645690918,0.0,0.0005771061405539513,276805.59375
ACT-CLJ0221.9-0340,168.0,270.0,8.192000000000002,2.0,10.0,35.47870044562769,-3.610214905791856,0.001048811992601489,0.001427192473784089,168.0,270.0,3.0,0.0014913157858372976,4.436300913777752,166.1722803023904,270.02837733936383,0.2082392599753201,4.165624141693115,0.0,0.0005762467626482248,192679.75
ACT-CLJ0222.2+0520,251.0,109.0,8.192000000000002,2.0,10.0,35.515841394693645,5.302897632385875,0.0010043951060856647,0.01739116758108139,251.0,109.0,3.0,0.01817254730824217,3.917629797296375,251.48367801117277,109.75654981218945,-0.1944703952624712,3.6909759044647217,0.0,0.0006001136498525739,152955.1875
ACT-CLJ0223.1-0057,180.0,174.0,3.2,2.0,10.0,35.77988129915219,-0.9451270490645713,0.00020976247235721845,0.023960458114743233,180.0,174.0,3.0,0.02503699401361594,84.54970438397059,179.76613866029132,174.28925003286528,-0.37528207047374873,55.59721374511719,0.0,0.00017518071399535984,2460154.25
ACT-CLJ0223.6+0020,168.0,211.0,3.2,2.0,10.0,35.90488116420532,0.3762182335993437,0.00047866602657112013,0.0035624317824840546,168.0,211.0,3.0,0.0037224907297196833,14.499311818546543,167.73645606063337,211.3548096667843,0.36571340286667886,16.99823570251465,0.0,0.00021224119700491428,1237164.0
ACT-CLJ0224.5+0102,94.0,120.0,8.192000000000002,2.0,10.0,36.16323777154179,1.0255486904653583,0.0007749741916685838,-0.0024346879217773676,94.0,120.0,3.0,-0.0025440776896104105,1.8009552955627441,94.0,120.0,3.0,2.157971143722534,0.0,0.0003047226637136191,746149.625
ACT-CLJ0224.5-0002,82.0,223.0,8.192000000000002,2.0,10.0,36.1899942031065,-0.0033140675376528445,0.0009754756831371203,0.0033558423165231943,82.0,223.0,3.0,0.0035066192635829184,1.5017154216766357,82.0,223.0,3.0,1.843654990196228,0.0,0.0005036616348661482,274448.8125
ACT-CLJ0225.4-0355,164.0,165.0,3.2,2.0,10.0,36.365131538079744,-3.9312573647630558,3.496041255822959e-05,0.02541901357471943,164.0,165.0,3.0,0.026561081914818506,72.5176582304033,164.34190307059163,164.8193475588434,0.35869564920598723,52.75383758544922,0.0,0.00021485963952727616,1593660.25
ACT-CLJ0226.4+0426,217.0,216.0,3.2,2.0,10.0,36.590708090091894,4.472384557399074,0.0007473681197303723,0.02760503813624382,217.0,216.0,3.0,0.028845323877071574,67.9627811639363,217.40035498632392,216.18526903670727,0.3733605254434492,49.62027359008789,0.0,0.00021348503651097417,1619675.25
ACT-CLJ0227.6-0318,167.0,268.0,5.120000000000001,2.0,10.0,36.909765826561454,-3.2454586417133244,0.001028947458911028,0.0076349289156496525,167.0,268.0,3.0,0.007977963887004424,10.869787892274202,166.5610903546489,268.50275199271783,-0.3535657599950257,13.023431777954102,0.0,0.0002877798106055707,769150.875
ACT-CLJ0228.4+0030,164.0,163.0,3.2,2.0,10.0,37.11973082531759,0.5072462960586155,2.1681527469314643e-05,0.002395416609942913,164.0,163.0,3.0,0.0025030419300019133,12.895775399232548,164.2372373780204,163.20886114000214,-0.4127521706104786,14.949115753173828,0.0,0.00012017576955258846,5017715.0
ACT-CLJ0228.4+0030,218.0,81.0,8.192000000000002,2.0,10.0,37.089729870712475,0.46169068068434377,0.0009548242465414968,-0.0017182995798066258,218.0,81.0,3.0,-0.001795502243204013,0.6055334210395813,218.0,81.0,3.0,0.7438057065010071,0.0,0.0003136597224511206,653164.0
ACT-CLJ0229.6-0336,266.0,163.0,5.120000000000001,2.0,10.0,37.35186311364347,-3.609377413639789,0.0010084587548857874,0.022903667762875557,266.0,163.0,3.0,0.023932722401334972,21.03520342645274,266.3758595425413,162.90217842644836,0.3609911026840976,22.672773361206055,0.0,0.0006980662001296878,98261.546875
ACT-CLJ0229.6-0336,114.0,138.0,8.192000000000002,2.0,10.0,37.43647578096968,-3.6232677472812007,0.0005203566123781482,0.0013217220548540354,114.0,138.0,3.0,0.0013811066139291662,5.230690982059162,114.09925739627778,138.12612190779808,-0.1853874952416792,6.357028007507324,0.0,0.0002614096156321466,880166.375
ACT-CLJ0230.9+0248,161.0,160.0,5.120000000000001,2.0,10.0,37.732257118804306,2.8041788724801933,2.1681527469296015e-05,0.007263077422976494,161.0,160.0,3.0,0.007589405222915967,17.97970890759759,161.19553358440655,160.39509470911247,0.3378642990194754,22.623979568481445,0.0,0.00020949207828380167,1747598.75
ACT-CLJ0231.7-0453,187.0,171.0,5.120000000000001,2.0,10.0,37.92161129805145,-4.878703564855259,0.000257636395176771,0.0015845306916162372,187.0,171.0,3.0,0.0016557231606509123,6.7731275445660275,187.19846520183188,170.33638172322458,0.3410689035600781,8.01063060760498,0.0,0.00020818936172872782,1559496.375
ACT-CLJ0231.7-0453,220.0,162.0,5.120000000000001,2.0,10.0,37.903211062737086,-4.883702934476177,0.0005623838244153964,0.0014856723137199879,220.0,162.0,3.0,0.001552423106714915,4.746421662423995,219.78133224469218,162.05457080675404,0.2623345070037139,5.008299350738525,0.0,0.0002723420911934227,726270.75
ACT-CLJ0231.7-0453,161.0,176.0,3.2,2.0,10.0,37.93610826306723,-4.875925930501919,0.0001360936880717753,0.0022937830071896315,161.0,176.0,3.0,0.002396841961222919,6.595635404160107,161.36808024457736,175.5722227591976,0.39183128164879377,7.087361812591553,0.0,0.00020148989278823137,1523493.625
ACT-CLJ0232.7+0214,215.0,213.0,5.120000000000001,2.0,10.0,38.16640548810077,2.280247293219023,0.0007131870224737756,0.027307506650686264,215.0,213.0,3.0,0.02853442439480403,45.1462510850571,215.4497575422477,213.09853629035436,0.3668874955110775,40.84987258911133,0.0,0.0003146645613014698,614701.375
ACT-CLJ0232.7+0350,163.0,264.0,5.120000000000001,2.0,10.0,38.19167719532175,3.8987677464889043,0.0009890671405044483,0.011372547596693039,163.0,264.0,3.0,0.011883512607914811,10.179740993522111,162.41370664300155,263.3116243140009,0.35110068588628623,12.332965850830078,0.0,0.0004264726594556123,339011.28125
ACT-CLJ0233.2+0211,158.0,160.0,3.2,2.0,10.0,38.304660686353955,2.1975223195984603,4.336305491802708e-05,0.003224016400054097,158.0,160.0,3.0,0.003368870449863644,9.7792814651339,157.95682603357182,159.71917151815194,-0.32820453656248355,12.376178741455078,0.0,0.0001834938011597842,2040695.875
ACT-CLJ0233.2+0211,162.0,71.0,8.192000000000002,2.0,10.0,38.3024368286,2.1480778887304552,0.0008823606919947927,0.009048557840287685,162.0,71.0,3.0,0.009455106717669203,2.8314211994966505,164.09592216335196,70.8986707185324,-0.1744730570389388,3.3847908973693848,0.0,0.0004346934729255736,372752.0
ACT-CLJ0233.2+0448,158.0,203.0,3.2,2.0,10.0,38.31443641944727,4.832921721085695,0.00039943468208951855,0.02380232699215412,158.0,203.0,3.0,0.0248717581090823,69.83701563934918,158.21194742632747,202.6245208655496,0.3696353825002188,50.9454231262207,0.0,0.00021046683832537383,1554137.5
ACT-CLJ0233.6-0530,235.0,159.0,3.2,2.0,10.0,38.36382024020397,-5.507888961248165,0.0007084253364062624,0.003681949572637677,235.0,159.0,3.0,0.003847378416852661,9.961772658031824,234.6088158497098,158.84305027868126,0.3661808359276125,11.625324249267578,0.0,0.0003090814861934632,685368.0
ACT-CLJ0233.7+0127,264.0,114.0,8.192000000000002,2.0,10.0,38.374067349469506,1.4362158660615119,0.0010930582415242117,0.0011773259611800313,264.0,114.0,3.0,0.0012302228488695554,4.048948652991088,263.6533372436305,114.66461798846346,0.17340067367837997,3.278208017349243,0.0,0.0006001619040034711,157800.4375
ACT-CLJ0234.5-0107,176.0,269.0,8.192000000000002,2.0,10.0,38.64072322272596,-1.0688044955761566,0.0010463439340973716,0.02018035016953945,176.0,269.0,3.0,0.021087046999178266,3.392354155944158,174.19419405859645,268.3524156558294,-0.19435494395360453,3.631340980529785,0.0,0.0005066912854090333,264503.21875
ACT-CLJ0234.6-0259,173.0,158.0,3.2,2.0,10.0,38.65319753751379,-2.9966565619041496,0.00011349197526098443,0.02525833062827587,173.0,158.0,3.0,0.026393179533781716,84.74587319637234,173.47131922385765,158.3371134911093,-0.36218238035155104,55.071815490722656,0.0,0.0001891572610475123,1874161.5
ACT-CLJ0235.2-0323,170.0,242.0,5.120000000000001,2.0,10.0,38.80879947835868,-3.3425563525059165,0.0007795706120847048,0.0021749737206846476,170.0,242.0,3.0,0.002272694610586208,8.091978744447532,169.66127243244188,241.13190458988174,0.3526843634495116,8.86333179473877,0.0,0.0001345273485640064,4012235.25
ACT-CLJ0235.2-0323,197.0,190.0,5.120000000000001,2.0,10.0,38.79377334034271,-3.3714450492580617,0.00043460509566180564,0.0007325184997171164,197.0,190.0,3.0,0.0007654303271019455,7.8421550763653,197.60541218000301,190.41461397078626,0.3909080386297712,8.275087356567383,0.0,8.913670899346471e-05,10242318.0
ACT-CLJ0235.2-0323,166.0,274.0,8.192000000000002,2.0,10.0,38.81102552775051,-3.3247785974083612,0.0010866746145225324,-0.0011155512183904648,166.0,274.0,3.0,-0.0011656725861822423,3.257251967486398,165.09738417293252,274.0861843908128,0.12214276152593265,3.4454543590545654,0.0,0.0002380611840635538,1254074.375
ACT-CLJ0235.5-0005,223.0,263.0,8.192000000000002,2.0,10.0,38.844380315845385,-0.04455828912731045,0.0011440776411937219,0.005589553155004978,223.0,263.0,3.0,0.005840690032321924,3.025565650106779,221.83006894342176,263.187798171439,-0.18112753172508458,3.295910358428955,0.0,0.0002890975447371602,721138.625
ACT-CLJ0235.5-0005,53.0,178.0,8.192000000000002,2.0,10.0,38.938824807038365,-0.09178045115965226,0.0010682192101865893,0.0020982432179152966,53.0,178.0,3.0,0.0021925166302947576,0.8627316951751709,53.0,178.0,3.0,1.0378726720809937,0.0,0.00027897144900634885,962441.0
ACT-CLJ0236.5+0106,159.0,169.0,3.2,2.0,10.0,39.138359029175426,1.1145282222254964,7.384462153293923e-05,0.025399329140782356,159.0,169.0,3.0,0.02654051306541321,178.63371956486137,158.55911232992872,169.21148750252488,0.36350717930058135,62.50845718383789,0.0,8.781081123743206e-05,11102922.0
ACT-CLJ0236.7-0228,160.0,181.0,3.2,2.0,10.0,39.17837730416107,-2.4611162635351986,0.0001852470498117431,0.005993821658194065,160.0,181.0,3.0,0.006263122193083099,42.64507374026283,159.61549114444304,180.67023121700507,0.36556997486305054,38.858421325683594,0.0,8.233630796894431e-05,8730994.0
ACT-CLJ0237.6-0423,205.0,167.0,3.2,2.0,10.0,39.381154043454984,-4.389859569484857,0.00041974897159899533,0.0016484124353155494,205.0,167.0,3.0,0.0017224750911407087,15.129607769338174,204.77873277328047,166.69645806473935,0.36307354995170704,17.477622985839844,0.0,9.924851474352181e-05,7214954.5
ACT-CLJ0238.1+0306,54.0,172.0,8.192000000000002,2.0,10.0,39.59256671149952,3.108286984910113,0.0010516766240083945,0.005542298313230276,54.0,172.0,3.0,0.005791312045266676,2.9919605566363843,53.84615162984611,171.43748812403882,0.14534567939726892,5.833802700042725,0.0,0.0002248764067189768,1529514.25
ACT-CLJ0239.3-0332,161.0,273.0,3.2,2.0,10.0,39.84030114714148,-3.476077877577892,0.0010763296585101583,0.027202285826206207,161.0,273.0,3.0,0.028424476031546568,77.38529700975072,161.41942341754023,272.9773664048935,0.3818955659988961,53.29829406738281,0.0,0.0001923565287142992,1702872.75
ACT-CLJ0239.8-0134,160.0,165.0,5.120000000000001,2.0,10.0,39.970403219744064,-1.5781342963966218,3.496041255807727e-05,0.005851020570844412,160.0,165.0,3.0,0.00611390509748378,46.644879463542026,159.85661830362534,165.14293521592882,0.3554606346358668,41.868160247802734,0.0,7.64675933169201e-05,12007248.0
ACT-CLJ0240.0+0116,171.0,176.0,3.2,2.0,10.0,40.007346938973114,1.2738283502271721,0.00016137815789769058,0.002485053613781929,171.0,176.0,3.0,0.0025967062964246486,21.4996599358009,171.09112962946293,175.67674097386842,0.37703812871474746,22.193723678588867,0.0,7.040385389700532e-05,13067224.0
ACT-CLJ0240.0+0303,221.0,67.0,8.192000000000002,2.0,10.0,39.97777446367803,3.0007259729803653,0.0010843360957669913,0.005488899070769548,221.0,67.0,3.0,0.005735513591521829,1.8434538841247559,221.0,67.0,3.0,2.4297685623168945,0.0,0.0002414473274257034,1335096.125
ACT-CLJ0240.0+0303,163.0,208.0,5.120000000000001,2.0,10.0,40.01004087030913,3.07905978292481,0.00044613394965438104,0.0008269088575616479,163.0,208.0,3.0,0.0008640616142409196,5.495691536861225,162.04771375501963,209.01462219860522,0.3511752064924138,6.077845096588135,0.0,7.97738684923388e-05,11776258.0
ACT-CLJ0240.0+0303,252.0,234.0,8.192000000000002,2.0,10.0,39.96052428615923,3.0935030439962388,0.0011175555653855456,-0.0021080761216580868,252.0,234.0,3.0,-0.002202791323331334,1.9818716049194336,252.0,234.0,3.0,2.612210512161255,0.0,0.00020710457465611398,1738904.75
ACT-CLJ0240.0+0303,194.0,188.0,8.192000000000002,2.0,10.0,39.99279393564064,3.0679485252548324,0.0003997875915731395,-0.0002598415594547987,194.0,188.0,3.0,-0.0002715161595577089,2.5270020664353323,192.9374380975445,188.94212597914307,0.16416980024616767,3.2966549396514893,0.0,8.61967564560473e-05,9238522.0
ACT-CLJ0241.2-0018,238.0,163.0,3.2,2.0,10.0,40.273828635664316,-0.31347354627883417,0.0007369804682171894,0.025335416197776794,238.0,163.0,3.0,0.02647372853384208,115.18409137769753,237.98383351541472,162.88012358117496,0.371572031051541,59.13458251953125,0.0,0.00012563858763314784,4134784.5
ACT-CLJ0241.4-0433,240.0,236.0,5.120000000000001,2.0,10.0,40.32753030198361,-4.51288464137005,0.0010425181692783067,0.004827435594052076,240.0,236.0,3.0,0.005044330767408349,17.708053556752454,239.2980416677729,235.83483011802028,0.34673543612945157,21.21442222595215,0.0,0.00019610472372733057,2124967.5
ACT-CLJ0242.2-0345,166.0,162.0,3.2,2.0,10.0,40.564270789773175,-3.758819338828756,3.878509540849478e-05,0.0029908863361924887,166.0,162.0,3.0,0.003125265925052599,21.826567854202096,166.3878404020333,162.41551556499715,-0.35360159224784304,24.36054229736328,0.0,7.396427099592984e-05,13576132.0
ACT-CLJ0242.2-0345,68.0,136.0,5.120000000000001,2.0,10.0,40.618833458770375,-3.7732622165777587,0.0009456722916973785,0.0013014444848522544,68.0,136.0,3.0,0.0013599179790410513,5.411296291211839,67.71960610261577,135.40406003610636,0.2792942275975578,5.358296871185303,0.0,0.00019530623103491962,1934287.875
ACT-CLJ0242.7-0226,180.0,161.0,5.120000000000001,2.0,10.0,40.67291328138745,-2.4409487278287,0.00017480206108105886,0.0006490303203463554,180.0,161.0,3.0,0.0006781910499101938,7.198586080840903,180.24478015557963,161.3416765734585,0.36180434279573626,8.833695411682129,0.0,7.242500578286126e-05,13440730.0
ACT-CLJ0242.7-0450,200.0,193.0,3.2,2.0,10.0,40.65578895301729,-4.828490111079584,0.0004755129847350686,0.025257185101509094,200.0,193.0,3.0,0.02639198253885512,159.42994152805105,199.94305637535902,192.9913054952386,-0.3678818743249878,61.64961242675781,0.0,9.373314242111519e-05,8044479.0
ACT-CLJ0242.9-0250,169.0,235.0,3.2,2.0,10.0,40.73095828919749,-2.803503672672621,0.000711074654171336,0.006115979515016079,169.0,235.0,3.0,0.006390768564255234,33.645432647989566,169.42363506387463,234.91005769494157,-0.36815251453275943,36.08193588256836,0.0,0.00011005620763171464,6054348.0
ACT-CLJ0245.2+0032,172.0,158.0,3.2,2.0,10.0,41.301714243088824,0.5448944719985223,0.00010443206509031724,0.0006616367609240115,172.0,158.0,3.0,0.000691363893925291,6.464468079425048,172.05176422414948,157.71265169325127,0.4009070075125962,7.748558044433594,0.0,8.767096733208746e-05,10531949.0
ACT-CLJ0245.2+0407,171.0,175.0,3.2,2.0,10.0,41.30469463574591,4.128105194592936,0.00015331154982281022,0.022889476269483566,171.0,175.0,3.0,0.023917893288577692,161.03240413567116,170.73834541107382,174.60883836417952,-0.3710531224198166,61.75227355957031,0.0,9.416906686965376e-05,9517069.0
ACT-CLJ0245.2-0240,217.0,159.0,3.2,2.0,10.0,41.272694649669376,-2.6812736765060268,0.0005340877536433024,0.006026773247867823,217.0,159.0,3.0,0.006297554287388232,28.8274454648758,216.66614916856318,159.33247234612432,0.3742652232833829,29.079532623291016,0.0,0.00012861989671364427,5367198.0
ACT-CLJ0245.2-0240,79.0,265.0,8.192000000000002,2.0,10.0,41.34944311016273,-2.6223843369411854,0.0012826224610857132,-0.0008154812967404723,79.0,265.0,3.0,-0.00085212061668153,1.5025999546051025,79.0,265.0,3.0,1.5916911363601685,0.0,0.0004291894438210875,371408.65625
ACT-CLJ0245.7-0028,230.0,257.0,8.192000000000002,2.0,10.0,41.39477735483475,-0.4251953661788183,0.001132804861414071,0.001588578918017447,230.0,257.0,3.0,0.0016599532725998353,0.7378172874450684,230.0,257.0,3.0,0.8877946734428406,0.0,0.00037110119592398405,493798.4375
ACT-CLJ0245.8-0042,172.0,204.0,3.2,2.0,10.0,41.4598142231265,-0.6874097338090008,0.0004186275458109925,0.02427668496966362,172.0,204.0,3.0,0.02536742884235215,108.10638589132446,172.0861435033197,203.6736067597764,0.3801190280505454,58.39872360229492,0.0,0.0001408380048815161,4055789.0
ACT-CLJ0246.4+0429,246.0,158.0,3.2,2.0,10.0,41.577953158489485,4.490195528155406,0.0008154097550115595,0.005543945822864771,246.0,158.0,3.0,0.005793033576994438,14.689165823977186,246.23442352244444,158.36802741413507,0.39261796657400777,15.730112075805664,0.0,0.0002586153568699956,1130110.375
ACT-CLJ0247.3-0156,248.0,229.0,8.192000000000002,2.0,10.0,41.80300308091652,-1.9025021618028515,0.0010570713549963983,0.0022464757785201073,248.0,229.0,3.0,0.002347409233546029,2.347032070159912,248.0,229.0,3.0,2.662510633468628,0.0,0.00035772303817793727,510649.3125
