cluster,x,y,theta_1,theta_2,ra_deg,dec_deg,dist_center_radians,amp_fit,x_center_fit,y_center_fit,sigma_x_fit,sigma_y_fit,theta,offset,int_flux_Jy,amp_snr,x_snr,y_snr,sigma_x_snr,sigma_y_snr,theta_snr,offset_snr,snr,masked,noise_ps,hits_ps,Unnamed: 0,Source,rms_map,rms_snr,avg_snr,ntail,amp_fit_snr,mean_fit_snr,std_fit_snr,red_type,cntr_01,dist_x,pang_x,ra_01,dec_01,ra,dec,err_maj,err_min,err_ang,designation,j_m,j_cmsig,j_msigcom,j_snr,h_m,h_cmsig,h_msigcom,h_snr,k_m,k_cmsig,k_msigcom,k_snr,ph_qual,rd_flg,bl_flg,cc_flg,ndet,gal_contam,mp_flg,j_h,h_k,j_k,GroupID,GroupSize,Separation
ACT-CLJ0201.6-0211,155.0,172.0,2.0,4.0,30.42945174745773,-2.19706566080404,1.1835810554814287E-4,7.906403729232597E-4,154.99999992632203,171.99999992843243,2.999999688810475,2.9999998758223576,0.0,-9.049864036666507E-6,0.04190793800397417,5.600884488727709,154.89965868458614,171.51114307463803,1.9317741337904664,3.4427237301962967,-0.03907796675805591,-0.0027297984447315175,6.650371074676514,0.0,1.3357217540033162E-4,4307290.0,1,ACT-CLJ0201.6-0211,1.737831322086E-4,1.1593152821288597,-0.2447575961398735,0.0019051973784484,2916.4962454383517,-0.0055931778743871,1.0686751002912145,20.0,2,26.182079,34.908041,30.42556,-2.202621222,30.429725,-2.196657,0.19,0.18,39,02014313-0211479,16.412,0.166,0.166,12.5,15.641,0.168,0.168,11.7,14.977,0.151,0.151,10.2,CCB,222,111,000,565656,0,0,0.771,0.664,1.435,1,5,1.76935838596992
ACT-CLJ0201.6-0211,155.0,172.0,2.0,5.0,30.42945174745773,-2.19706566080404,1.1835810554814287E-4,7.906403729232597E-4,154.99999992632203,171.99999992843243,2.999999688810475,2.9999998758223576,0.0,-9.049864036666507E-6,0.04190793800397417,5.600884488727709,154.89965868458614,171.51114307463803,1.9317741337904664,3.4427237301962967,-0.03907796675805591,-0.0027297984447315175,6.650371074676514,0.0,1.3357217540033162E-4,4307290.0,1,ACT-CLJ0201.6-0211,1.737831322086E-4,1.1593152821288597,-0.2447575961398735,0.0019051973784484,2916.4962454383517,-0.0055931778743871,1.0686751002912145,20.0,2,26.182079,34.908041,30.42556,-2.202621222,30.429725,-2.196657,0.19,0.18,39,02014313-0211479,16.412,0.166,0.166,12.5,15.641,0.168,0.168,11.7,14.977,0.151,0.151,10.2,CCB,222,111,000,565656,0,0,0.771,0.664,1.435,1,5,1.76935838596992
ACT-CLJ0201.6-0211,156.0,171.0,2.0,6.0,30.428895784437728,-2.1976212177107164,1.0488123733227518E-4,7.310413867942797E-4,155.9999998073988,171.00000000728556,2.9999997527711155,2.9999998009230784,0.0,-8.998336812482023E-6,0.03859516262348392,5.651588762351631,154.89144176829902,171.5438759901468,1.9262850073206372,3.4122966673267956,-0.04087007580084105,-0.00272775707113546,5.749184608459473,0.0,1.344818592770025E-4,4127539.75,1,ACT-CLJ0201.6-0211,1.737831322086E-4,1.1593152821288597,-0.2447575961398735,0.0019051973784484,2916.4962454383517,-0.0055931778743871,1.0686751002912145,20.0,2,19.154547,40.428312,30.42556,-2.202621222,30.429013,-2.198571,0.2,0.19,67,02014296-0211548,16.689,0.148,0.148,9.7,15.792,0.135,0.135,10.2,15.06,0.132,0.132,9.5,BBB,222,111,000,260615,0,0,0.897,0.732,1.629,2,9,3.445118506712799
ACT-CLJ0201.6-0211,156.0,171.0,2.0,7.0,30.428895784437728,-2.1976212177107164,1.0488123733227518E-4,7.310413867942797E-4,155.9999998073988,171.00000000728556,2.9999997527711155,2.9999998009230784,0.0,-8.998336812482023E-6,0.03859516262348392,5.651588762351631,154.89144176829902,171.5438759901468,1.9262850073206372,3.4122966673267956,-0.04087007580084105,-0.00272775707113546,5.749184608459473,0.0,1.344818592770025E-4,4127539.75,1,ACT-CLJ0201.6-0211,1.737831322086E-4,1.1593152821288597,-0.2447575961398735,0.0019051973784484,2916.4962454383517,-0.0055931778743871,1.0686751002912145,20.0,2,19.154547,40.428312,30.42556,-2.202621222,30.429013,-2.198571,0.2,0.19,67,02014296-0211548,16.689,0.148,0.148,9.7,15.792,0.135,0.135,10.2,15.06,0.132,0.132,9.5,BBB,222,111,000,260615,0,0,0.897,0.732,1.629,2,9,3.445118506712799
ACT-CLJ0201.6-0211,155.0,172.0,3.0,4.0,30.42945174745773,-2.19706566080404,1.1835810554814287E-4,7.906403729232597E-4,154.99999992632203,171.99999992843243,2.999999688810475,2.9999998758223576,0.0,-9.049864036666507E-6,0.04190793800397417,5.600884488727709,154.89965868458614,171.51114307463803,1.9317741337904664,3.4427237301962967,-0.03907796675805591,-0.0027297984447315175,6.650371074676514,0.0,1.3357217540033162E-4,4307290.0,1,ACT-CLJ0201.6-0211,1.737831322086E-4,1.1593152821288597,-0.2447575961398735,0.0019051973784484,2916.4962454383517,-0.0055931778743871,1.0686751002912145,20.0,2,26.182079,34.908041,30.42556,-2.202621222,30.429725,-2.196657,0.19,0.18,39,02014313-0211479,16.412,0.166,0.166,12.5,15.641,0.168,0.168,11.7,14.977,0.151,0.151,10.2,CCB,222,111,000,565656,0,0,0.771,0.664,1.435,1,5,1.76935838596992
ACT-CLJ0201.6-0211,156.0,171.0,3.0,5.0,30.428895784437728,-2.1976212177107164,1.0488123733227518E-4,7.310413867942797E-4,155.9999998073988,171.00000000728556,2.9999997527711155,2.9999998009230784,0.0,-8.998336812482023E-6,0.03859516262348392,5.651588762351631,154.89144176829902,171.5438759901468,1.9262850073206372,3.4122966673267956,-0.04087007580084105,-0.00272775707113546,5.749184608459473,0.0,1.344818592770025E-4,4127539.75,1,ACT-CLJ0201.6-0211,1.737831322086E-4,1.1593152821288597,-0.2447575961398735,0.0019051973784484,2916.4962454383517,-0.0055931778743871,1.0686751002912145,20.0,2,19.154547,40.428312,30.42556,-2.202621222,30.429013,-2.198571,0.2,0.19,67,02014296-0211548,16.689,0.148,0.148,9.7,15.792,0.135,0.135,10.2,15.06,0.132,0.132,9.5,BBB,222,111,000,260615,0,0,0.897,0.732,1.629,2,9,3.445118506712799
ACT-CLJ0201.6-0211,156.0,171.0,3.0,6.0,30.428895784437728,-2.1976212177107164,1.0488123733227518E-4,7.310413867942797E-4,155.9999998073988,171.00000000728556,2.9999997527711155,2.9999998009230784,0.0,-8.998336812482023E-6,0.03859516262348392,5.651588762351631,154.89144176829902,171.5438759901468,1.9262850073206372,3.4122966673267956,-0.04087007580084105,-0.00272775707113546,5.749184608459473,0.0,1.344818592770025E-4,4127539.75,1,ACT-CLJ0201.6-0211,1.737831322086E-4,1.1593152821288597,-0.2447575961398735,0.0019051973784484,2916.4962454383517,-0.0055931778743871,1.0686751002912145,20.0,2,19.154547,40.428312,30.42556,-2.202621222,30.429013,-2.198571,0.2,0.19,67,02014296-0211548,16.689,0.148,0.148,9.7,15.792,0.135,0.135,10.2,15.06,0.132,0.132,9.5,BBB,222,111,000,260615,0,0,0.897,0.732,1.629,2,9,3.445118506712799
ACT-CLJ0201.6-0211,156.0,171.0,3.0,7.0,30.428895784437728,-2.1976212177107164,1.0488123733227518E-4,7.310413867942797E-4,155.9999998073988,171.00000000728556,2.9999997527711155,2.9999998009230784,0.0,-8.998336812482023E-6,0.03859516262348392,5.651588762351631,154.89144176829902,171.5438759901468,1.9262850073206372,3.4122966673267956,-0.04087007580084105,-0.00272775707113546,5.749184608459473,0.0,1.344818592770025E-4,4127539.75,1,ACT-CLJ0201.6-0211,1.737831322086E-4,1.1593152821288597,-0.2447575961398735,0.0019051973784484,2916.4962454383517,-0.0055931778743871,1.0686751002912145,20.0,2,19.154547,40.428312,30.42556,-2.202621222,30.429013,-2.198571,0.2,0.19,67,02014296-0211548,16.689,0.148,0.148,9.7,15.792,0.135,0.135,10.2,15.06,0.132,0.132,9.5,BBB,222,111,000,260615,0,0,0.897,0.732,1.629,2,9,3.445118506712799
ACT-CLJ0201.6-0211,155.0,171.0,4.0,5.0,30.429451748909106,-2.1976212163670477,1.1055453121741986E-4,8.706661832968748E-4,154.99999999550886,171.00000000081658,2.9999999844872995,2.9999999974086466,0.0,-9.093025274062971E-6,0.046369821552729285,5.6758485580770515,154.8986132337184,171.5265969025695,1.9219077118570826,3.412910075913791,-0.04178226840099015,-0.002728308972109265,6.591463088989258,0.0,1.3371897512115538E-4,4153615.0,1,ACT-CLJ0201.6-0211,1.737831322086E-4,1.1593152821288597,-0.2447575961398735,0.0019051973784484,2916.4962454383517,-0.0055931778743871,1.0686751002912145,20.0,2,26.182079,34.908041,30.42556,-2.202621222,30.429725,-2.196657,0.19,0.18,39,02014313-0211479,16.412,0.166,0.166,12.5,15.641,0.168,0.168,11.7,14.977,0.151,0.151,10.2,CCB,222,111,000,565656,0,0,0.771,0.664,1.435,1,5,3.607677125025303
ACT-CLJ0201.6-0211,155.0,171.0,4.0,6.0,30.429451748909106,-2.1976212163670477,1.1055453121741986E-4,8.706661832968748E-4,154.99999999550886,171.00000000081658,2.9999999844872995,2.9999999974086466,0.0,-9.093025274062971E-6,0.046369821552729285,5.6758485580770515,154.8986132337184,171.5265969025695,1.9219077118570826,3.412910075913791,-0.04178226840099015,-0.002728308972109265,6.591463088989258,0.0,1.3371897512115538E-4,4153615.0,1,ACT-CLJ0201.6-0211,1.737831322086E-4,1.1593152821288597,-0.2447575961398735,0.0019051973784484,2916.4962454383517,-0.0055931778743871,1.0686751002912145,20.0,2,26.182079,34.908041,30.42556,-2.202621222,30.429725,-2.196657,0.19,0.18,39,02014313-0211479,16.412,0.166,0.166,12.5,15.641,0.168,0.168,11.7,14.977,0.151,0.151,10.2,CCB,222,111,000,565656,0,0,0.771,0.664,1.435,1,5,3.607677125025303
ACT-CLJ0201.6-0211,156.0,171.0,4.0,7.0,30.428895784437728,-2.1976212177107164,1.0488123733227518E-4,7.310413867942797E-4,155.9999998073988,171.00000000728556,2.9999997527711155,2.9999998009230784,0.0,-8.998336812482023E-6,0.03859516262348392,5.651588762351631,154.89144176829902,171.5438759901468,1.9262850073206372,3.4122966673267956,-0.04087007580084105,-0.00272775707113546,5.749184608459473,0.0,1.344818592770025E-4,4127539.75,1,ACT-CLJ0201.6-0211,1.737831322086E-4,1.1593152821288597,-0.2447575961398735,0.0019051973784484,2916.4962454383517,-0.0055931778743871,1.0686751002912145,20.0,2,19.154547,40.428312,30.42556,-2.202621222,30.429013,-2.198571,0.2,0.19,67,02014296-0211548,16.689,0.148,0.148,9.7,15.792,0.135,0.135,10.2,15.06,0.132,0.132,9.5,BBB,222,111,000,260615,0,0,0.897,0.732,1.629,2,9,3.445118506712799
ACT-CLJ0201.6-0211,156.0,171.0,5.0,6.0,30.428895784437728,-2.1976212177107164,1.0488123733227518E-4,7.310413867942797E-4,155.9999998073988,171.00000000728556,2.9999997527711155,2.9999998009230784,0.0,-8.998336812482023E-6,0.03859516262348392,5.651588762351631,154.89144176829902,171.5438759901468,1.9262850073206372,3.4122966673267956,-0.04087007580084105,-0.00272775707113546,5.749184608459473,0.0,1.344818592770025E-4,4127539.75,1,ACT-CLJ0201.6-0211,1.737831322086E-4,1.1593152821288597,-0.2447575961398735,0.0019051973784484,2916.4962454383517,-0.0055931778743871,1.0686751002912145,20.0,2,19.154547,40.428312,30.42556,-2.202621222,30.429013,-2.198571,0.2,0.19,67,02014296-0211548,16.689,0.148,0.148,9.7,15.792,0.135,0.135,10.2,15.06,0.132,0.132,9.5,BBB,222,111,000,260615,0,0,0.897,0.732,1.629,2,9,3.445118506712799
ACT-CLJ0201.6-0211,156.0,171.0,5.0,7.0,30.428895784437728,-2.1976212177107164,1.0488123733227518E-4,7.310413867942797E-4,155.9999998073988,171.00000000728556,2.9999997527711155,2.9999998009230784,0.0,-8.998336812482023E-6,0.03859516262348392,5.651588762351631,154.89144176829902,171.5438759901468,1.9262850073206372,3.4122966673267956,-0.04087007580084105,-0.00272775707113546,5.749184608459473,0.0,1.344818592770025E-4,4127539.75,1,ACT-CLJ0201.6-0211,1.737831322086E-4,1.1593152821288597,-0.2447575961398735,0.0019051973784484,2916.4962454383517,-0.0055931778743871,1.0686751002912145,20.0,2,19.154547,40.428312,30.42556,-2.202621222,30.429013,-2.198571,0.2,0.19,67,02014296-0211548,16.689,0.148,0.148,9.7,15.792,0.135,0.135,10.2,15.06,0.132,0.132,9.5,BBB,222,111,000,260615,0,0,0.897,0.732,1.629,2,9,3.445118506712799
ACT-CLJ0201.6-0211,156.0,171.0,6.0,7.0,30.428895784437728,-2.1976212177107164,1.0488123733227518E-4,7.310413867942797E-4,155.9999998073988,171.00000000728556,2.9999997527711155,2.9999998009230784,0.0,-8.998336812482023E-6,0.03859516262348392,5.651588762351631,154.89144176829902,171.5438759901468,1.9262850073206372,3.4122966673267956,-0.04087007580084105,-0.00272775707113546,5.749184608459473,0.0,1.344818592770025E-4,4127539.75,1,ACT-CLJ0201.6-0211,1.737831322086E-4,1.1593152821288597,-0.2447575961398735,0.0019051973784484,2916.4962454383517,-0.0055931778743871,1.0686751002912145,20.0,2,19.154547,40.428312,30.42556,-2.202621222,30.429013,-2.198571,0.2,0.19,67,02014296-0211548,16.689,0.148,0.148,9.7,15.792,0.135,0.135,10.2,15.06,0.132,0.132,9.5,BBB,222,111,000,260615,0,0,0.897,0.732,1.629,2,9,3.445118506712799
ACT-CLJ0201.6-0211,127.0,168.0,6.0,7.0,30.445018775197955,-2.1992877614195963,3.4432011850966715E-4,9.598892866416399E-4,127.00000010081958,168.00000003548345,2.999999352886698,2.9999993089087247,0.0,-9.136673355845317E-6,0.051353444946188105,5.763200171344089,128.05654654653293,168.5129560527557,3.123142599884148,2.3679648772274033,0.6861569659648841,-0.0030508025531042213,5.909770488739014,0.0,1.455936871934682E-4,3524724.5,1,ACT-CLJ0201.6-0211,1.737831322086E-4,1.1593152821288597,-0.2447575961398735,0.0019051973784484,2916.4962454383517,-0.0055931778743871,1.0686751002912145,20.0,2,72.269474,77.639995,30.42556,-2.202621222,30.445184,-2.198324,0.12,0.08,1,02014684-0211539,15.821,0.078,0.079,21.6,14.952,0.089,0.089,22.0,14.378,0.078,0.078,17.8,AAA,222,111,000,666656,0,0,0.869,0.574,1.443,,,3.520084204438373
ACT-CLJ0219.9+0246,100.0,76.0,2.0,6.0,35.01441075376511,2.734361992629555,0.0010279875990118876,0.0024496246255337794,99.99999893271915,75.9999997111258,2.999999447729447,2.9999990853857406,0.0,5.969087584925086E-6,0.7651338796800031,3.286557118325608,98.1393610935056,78.72462427427541,2.9200393853914743,7.82767710271408,-0.6250511303803217,0.009335240712006861,6.000179767608643,0.0,4.316547710914165E-4,362171.28125,42,ACT-CLJ0219.9+0246,1.705290261857E-4,1.006470522123751,-0.1318523167070479,0.0,3035.793271923992,-0.0150181574085095,1.0114600678293149,20.0,43,211.030747,144.348115,34.97992706,2.782140255,35.014133,2.734507,0.19,0.16,2,02200339+0244042,16.789,0.183,0.183,6.7,16.197,0.254,0.254,5.0,15.036,0.142,0.142,8.8,CDB,222,111,000,060606,0,0,0.592,1.161,1.753,3,11,1.1269708406001633
ACT-CLJ0219.9+0246,100.0,76.0,2.0,7.0,35.01441075376511,2.734361992629555,0.0010279875990118876,0.0024496246255337794,99.99999893271915,75.9999997111258,2.999999447729447,2.9999990853857406,0.0,5.969087584925086E-6,0.7651338796800031,3.286557118325608,98.1393610935056,78.72462427427541,2.9200393853914743,7.82767710271408,-0.6250511303803217,0.009335240712006861,6.000179767608643,0.0,4.316547710914165E-4,362171.28125,42,ACT-CLJ0219.9+0246,1.705290261857E-4,1.006470522123751,-0.1318523167070479,0.0,3035.793271923992,-0.0150181574085095,1.0114600678293149,20.0,43,211.030747,144.348115,34.97992706,2.782140255,35.014133,2.734507,0.19,0.16,2,02200339+0244042,16.789,0.183,0.183,6.7,16.197,0.254,0.254,5.0,15.036,0.142,0.142,8.8,CDB,222,111,000,060606,0,0,0.592,1.161,1.753,3,11,1.1269708406001633
ACT-CLJ0219.9+0246,100.0,76.0,3.0,5.0,35.01441075376511,2.734361992629555,0.0010279875990118876,0.0024496246255337794,99.99999893271915,75.9999997111258,2.999999447729447,2.9999990853857406,0.0,5.969087584925086E-6,0.7651338796800031,3.286557118325608,98.1393610935056,78.72462427427541,2.9200393853914743,7.82767710271408,-0.6250511303803217,0.009335240712006861,6.000179767608643,0.0,4.316547710914165E-4,362171.28125,42,ACT-CLJ0219.9+0246,1.705290261857E-4,1.006470522123751,-0.1318523167070479,0.0,3035.793271923992,-0.0150181574085095,1.0114600678293149,20.0,43,211.030747,144.348115,34.97992706,2.782140255,35.014133,2.734507,0.19,0.16,2,02200339+0244042,16.789,0.183,0.183,6.7,16.197,0.254,0.254,5.0,15.036,0.142,0.142,8.8,CDB,222,111,000,060606,0,0,0.592,1.161,1.753,3,11,1.1269708406001633
ACT-CLJ0219.9+0246,100.0,76.0,3.0,6.0,35.01441075376511,2.734361992629555,0.0010279875990118876,0.0024496246255337794,99.99999893271915,75.9999997111258,2.999999447729447,2.9999990853857406,0.0,5.969087584925086E-6,0.7651338796800031,3.286557118325608,98.1393610935056,78.72462427427541,2.9200393853914743,7.82767710271408,-0.6250511303803217,0.009335240712006861,6.000179767608643,0.0,4.316547710914165E-4,362171.28125,42,ACT-CLJ0219.9+0246,1.705290261857E-4,1.006470522123751,-0.1318523167070479,0.0,3035.793271923992,-0.0150181574085095,1.0114600678293149,20.0,43,211.030747,144.348115,34.97992706,2.782140255,35.014133,2.734507,0.19,0.16,2,02200339+0244042,16.789,0.183,0.183,6.7,16.197,0.254,0.254,5.0,15.036,0.142,0.142,8.8,CDB,222,111,000,060606,0,0,0.592,1.161,1.753,3,11,1.1269708406001633
ACT-CLJ0219.9+0246,100.0,76.0,3.0,7.0,35.01441075376511,2.734361992629555,0.0010279875990118876,0.0024496246255337794,99.99999893271915,75.9999997111258,2.999999447729447,2.9999990853857406,0.0,5.969087584925086E-6,0.7651338796800031,3.286557118325608,98.1393610935056,78.72462427427541,2.9200393853914743,7.82767710271408,-0.6250511303803217,0.009335240712006861,6.000179767608643,0.0,4.316547710914165E-4,362171.28125,42,ACT-CLJ0219.9+0246,1.705290261857E-4,1.006470522123751,-0.1318523167070479,0.0,3035.793271923992,-0.0150181574085095,1.0114600678293149,20.0,43,211.030747,144.348115,34.97992706,2.782140255,35.014133,2.734507,0.19,0.16,2,02200339+0244042,16.789,0.183,0.183,6.7,16.197,0.254,0.254,5.0,15.036,0.142,0.142,8.8,CDB,222,111,000,060606,0,0,0.592,1.161,1.753,3,11,1.1269708406001633
ACT-CLJ0219.9+0246,99.0,76.0,4.0,5.0,35.01496694218826,2.734361976549952,0.0010336879136905424,0.002629790385939961,98.99999920589353,75.99999933719292,2.999993680869198,2.9999945897978963,0.0,5.870693180805614E-6,0.7649924487464155,3.2993715775386225,98.19091114425981,78.62985411288145,2.928716741553444,7.716247648462968,-0.6287526571428513,0.009376709204162887,6.375802516937256,0.0,4.349377704784274E-4,404760.625,42,ACT-CLJ0219.9+0246,1.705290261857E-4,1.006470522123751,-0.1318523167070479,0.0,3035.793271923992,-0.0150181574085095,1.0114600678293149,20.0,43,211.030747,144.348115,34.97992706,2.782140255,35.014133,2.734507,0.19,0.16,2,02200339+0244042,16.789,0.183,0.183,6.7,16.197,0.254,0.254,5.0,15.036,0.142,0.142,8.8,CDB,222,111,000,060606,0,0,0.592,1.161,1.753,3,11,3.0438815428289456
ACT-CLJ0219.9+0246,99.0,76.0,4.0,6.0,35.01496694218826,2.734361976549952,0.0010336879136905424,0.002629790385939961,98.99999920589353,75.99999933719292,2.999993680869198,2.9999945897978963,0.0,5.870693180805614E-6,0.7649924487464155,3.2993715775386225,98.19091114425981,78.62985411288145,2.928716741553444,7.716247648462968,-0.6287526571428513,0.009376709204162887,6.375802516937256,0.0,4.349377704784274E-4,404760.625,42,ACT-CLJ0219.9+0246,1.705290261857E-4,1.006470522123751,-0.1318523167070479,0.0,3035.793271923992,-0.0150181574085095,1.0114600678293149,20.0,43,211.030747,144.348115,34.97992706,2.782140255,35.014133,2.734507,0.19,0.16,2,02200339+0244042,16.789,0.183,0.183,6.7,16.197,0.254,0.254,5.0,15.036,0.142,0.142,8.8,CDB,222,111,000,060606,0,0,0.592,1.161,1.753,3,11,3.0438815428289456
ACT-CLJ0219.9+0246,99.0,76.0,4.0,7.0,35.01496694218826,2.734361976549952,0.0010336879136905424,0.002629790385939961,98.99999920589353,75.99999933719292,2.999993680869198,2.9999945897978963,0.0,5.870693180805614E-6,0.7649924487464155,3.2993715775386225,98.19091114425981,78.62985411288145,2.928716741553444,7.716247648462968,-0.6287526571428513,0.009376709204162887,6.375802516937256,0.0,4.349377704784274E-4,404760.625,42,ACT-CLJ0219.9+0246,1.705290261857E-4,1.006470522123751,-0.1318523167070479,0.0,3035.793271923992,-0.0150181574085095,1.0114600678293149,20.0,43,211.030747,144.348115,34.97992706,2.782140255,35.014133,2.734507,0.19,0.16,2,02200339+0244042,16.789,0.183,0.183,6.7,16.197,0.254,0.254,5.0,15.036,0.142,0.142,8.8,CDB,222,111,000,060606,0,0,0.592,1.161,1.753,3,11,3.0438815428289456
ACT-CLJ0219.9+0246,100.0,76.0,5.0,6.0,35.01441075376511,2.734361992629555,0.0010279875990118876,0.0024496246255337794,99.99999893271915,75.9999997111258,2.999999447729447,2.9999990853857406,0.0,5.969087584925086E-6,0.7651338796800031,3.286557118325608,98.1393610935056,78.72462427427541,2.9200393853914743,7.82767710271408,-0.6250511303803217,0.009335240712006861,6.000179767608643,0.0,4.316547710914165E-4,362171.28125,42,ACT-CLJ0219.9+0246,1.705290261857E-4,1.006470522123751,-0.1318523167070479,0.0,3035.793271923992,-0.0150181574085095,1.0114600678293149,20.0,43,211.030747,144.348115,34.97992706,2.782140255,35.014133,2.734507,0.19,0.16,2,02200339+0244042,16.789,0.183,0.183,6.7,16.197,0.254,0.254,5.0,15.036,0.142,0.142,8.8,CDB,222,111,000,060606,0,0,0.592,1.161,1.753,3,11,1.1269708406001633
ACT-CLJ0219.9+0246,100.0,76.0,5.0,7.0,35.01441075376511,2.734361992629555,0.0010279875990118876,0.0024496246255337794,99.99999893271915,75.9999997111258,2.999999447729447,2.9999990853857406,0.0,5.969087584925086E-6,0.7651338796800031,3.286557118325608,98.1393610935056,78.72462427427541,2.9200393853914743,7.82767710271408,-0.6250511303803217,0.009335240712006861,6.000179767608643,0.0,4.316547710914165E-4,362171.28125,42,ACT-CLJ0219.9+0246,1.705290261857E-4,1.006470522123751,-0.1318523167070479,0.0,3035.793271923992,-0.0150181574085095,1.0114600678293149,20.0,43,211.030747,144.348115,34.97992706,2.782140255,35.014133,2.734507,0.19,0.16,2,02200339+0244042,16.789,0.183,0.183,6.7,16.197,0.254,0.254,5.0,15.036,0.142,0.142,8.8,CDB,222,111,000,060606,0,0,0.592,1.161,1.753,3,11,1.1269708406001633
ACT-CLJ0219.9+0246,100.0,76.0,6.0,7.0,35.01441075376511,2.734361992629555,0.0010279875990118876,0.0024496246255337794,99.99999893271915,75.9999997111258,2.999999447729447,2.9999990853857406,0.0,5.969087584925086E-6,0.7651338796800031,3.286557118325608,98.1393610935056,78.72462427427541,2.9200393853914743,7.82767710271408,-0.6250511303803217,0.009335240712006861,6.000179767608643,0.0,4.316547710914165E-4,362171.28125,42,ACT-CLJ0219.9+0246,1.705290261857E-4,1.006470522123751,-0.1318523167070479,0.0,3035.793271923992,-0.0150181574085095,1.0114600678293149,20.0,43,211.030747,144.348115,34.97992706,2.782140255,35.014133,2.734507,0.19,0.16,2,02200339+0244042,16.789,0.183,0.183,6.7,16.197,0.254,0.254,5.0,15.036,0.142,0.142,8.8,CDB,222,111,000,060606,0,0,0.592,1.161,1.753,3,11,1.1269708406001633
ACT-CLJ0901.5+0301,213.0,114.0,2.0,3.0,135.3578890146803,2.9907201203252156,6.790852727997216E-4,0.003133117564802372,212.99999978936518,113.99999959734672,3.0000003956044963,3.0000003902280046,0.0,4.722743428116053E-6,0.6729483847590041,11.380651885413252,213.29178923889904,113.397258750697,3.34679667417902,4.002331644646026,-0.6525028579021758,0.005980251730315863,14.3688383102417,0.0,1.9670184701681137E-4,1583777.5,132,ACT-CLJ0901.5+0301,1.505741844802E-4,1.0487674119727306,-0.0152435809516249,0.0,3014.231956140972,-0.0033177262617367,1.0455342249098412,20.0,133,139.017698,-132.325499,135.386261,3.017387152,135.357672,2.991385,0.15,0.15,45,09012584+0259289,16.155,0.119,0.12,10.8,15.682,0.125,0.126,9.5,14.761,0.121,0.122,9.8,BBB,222,111,000,160606,0,0,0.473,0.921,1.394,4,7,2.517509946617499
ACT-CLJ0901.5+0301,213.0,114.0,2.0,4.0,135.3578890146803,2.9907201203252156,6.790852727997216E-4,0.003133117564802372,212.99999978936518,113.99999959734672,3.0000003956044963,3.0000003902280046,0.0,4.722743428116053E-6,0.6729483847590041,11.380651885413252,213.29178923889904,113.397258750697,3.34679667417902,4.002331644646026,-0.6525028579021758,0.005980251730315863,14.3688383102417,0.0,1.9670184701681137E-4,1583777.5,132,ACT-CLJ0901.5+0301,1.505741844802E-4,1.0487674119727306,-0.0152435809516249,0.0,3014.231956140972,-0.0033177262617367,1.0455342249098412,20.0,133,139.017698,-132.325499,135.386261,3.017387152,135.357672,2.991385,0.15,0.15,45,09012584+0259289,16.155,0.119,0.12,10.8,15.682,0.125,0.126,9.5,14.761,0.121,0.122,9.8,BBB,222,111,000,160606,0,0,0.473,0.921,1.394,4,7,2.517509946617499
ACT-CLJ0901.5+0301,213.0,114.0,2.0,5.0,135.3578890146803,2.9907201203252156,6.790852727997216E-4,0.003133117564802372,212.99999978936518,113.99999959734672,3.0000003956044963,3.0000003902280046,0.0,4.722743428116053E-6,0.6729483847590041,11.380651885413252,213.29178923889904,113.397258750697,3.34679667417902,4.002331644646026,-0.6525028579021758,0.005980251730315863,14.3688383102417,0.0,1.9670184701681137E-4,1583777.5,132,ACT-CLJ0901.5+0301,1.505741844802E-4,1.0487674119727306,-0.0152435809516249,0.0,3014.231956140972,-0.0033177262617367,1.0455342249098412,20.0,133,139.017698,-132.325499,135.386261,3.017387152,135.357672,2.991385,0.15,0.15,45,09012584+0259289,16.155,0.119,0.12,10.8,15.682,0.125,0.126,9.5,14.761,0.121,0.122,9.8,BBB,222,111,000,160606,0,0,0.473,0.921,1.394,4,7,2.517509946617499
ACT-CLJ0901.5+0301,213.0,114.0,3.0,4.0,135.3578890146803,2.9907201203252156,6.790852727997216E-4,0.003133117564802372,212.99999978936518,113.99999959734672,3.0000003956044963,3.0000003902280046,0.0,4.722743428116053E-6,0.6729483847590041,11.380651885413252,213.29178923889904,113.397258750697,3.34679667417902,4.002331644646026,-0.6525028579021758,0.005980251730315863,14.3688383102417,0.0,1.9670184701681137E-4,1583777.5,132,ACT-CLJ0901.5+0301,1.505741844802E-4,1.0487674119727306,-0.0152435809516249,0.0,3014.231956140972,-0.0033177262617367,1.0455342249098412,20.0,133,139.017698,-132.325499,135.386261,3.017387152,135.357672,2.991385,0.15,0.15,45,09012584+0259289,16.155,0.119,0.12,10.8,15.682,0.125,0.126,9.5,14.761,0.121,0.122,9.8,BBB,222,111,000,160606,0,0,0.473,0.921,1.394,4,7,2.517509946617499
ACT-CLJ0901.5+0301,213.0,114.0,4.0,5.0,135.3578890146803,2.9907201203252156,6.790852727997216E-4,0.003133117564802372,212.99999978936518,113.99999959734672,3.0000003956044963,3.0000003902280046,0.0,4.722743428116053E-6,0.6729483847590041,11.380651885413252,213.29178923889904,113.397258750697,3.34679667417902,4.002331644646026,-0.6525028579021758,0.005980251730315863,14.3688383102417,0.0,1.9670184701681137E-4,1583777.5,132,ACT-CLJ0901.5+0301,1.505741844802E-4,1.0487674119727306,-0.0152435809516249,0.0,3014.231956140972,-0.0033177262617367,1.0455342249098412,20.0,133,139.017698,-132.325499,135.386261,3.017387152,135.357672,2.991385,0.15,0.15,45,09012584+0259289,16.155,0.119,0.12,10.8,15.682,0.125,0.126,9.5,14.761,0.121,0.122,9.8,BBB,222,111,000,160606,0,0,0.473,0.921,1.394,4,7,2.517509946617499
ACT-CLJ0901.5+0301,102.0,63.0,4.0,5.0,135.41963890471104,2.962386665504742,0.0011224662566644114,0.003076288316246625,101.99999937065414,62.99999969523537,2.9999986064805757,2.999999537329065,0.0,4.749034281505011E-6,0.6724945210445882,3.973422802658898,102.3279542281776,63.62918514560103,2.4771960584200428,6.733675104335988,0.5581255030147609,0.011138662358467055,6.272144317626953,0.0,5.273207789286971E-4,231735.625,132,ACT-CLJ0901.5+0301,1.505741844802E-4,1.0487674119727306,-0.0152435809516249,0.0,3014.231956140972,-0.0033177262617367,1.0455342249098412,20.0,133,230.800412,147.825397,135.386261,3.017387152,135.420446,2.963121,0.18,0.18,135,09014090+0257472,16.653,0.151,0.151,6.9,16.131,0.172,0.172,6.3,15.945,,,,CCU,220,110,000,060600,0,1,0.522,,,5,2,3.92533692369944
ACT-CLJ0901.5+0301,213.0,114.0,4.0,6.0,135.3578890146803,2.9907201203252156,6.790852727997216E-4,0.003133117564802372,212.99999978936518,113.99999959734672,3.0000003956044963,3.0000003902280046,0.0,4.722743428116053E-6,0.6729483847590041,11.380651885413252,213.29178923889904,113.397258750697,3.34679667417902,4.002331644646026,-0.6525028579021758,0.005980251730315863,14.3688383102417,0.0,1.9670184701681137E-4,1583777.5,132,ACT-CLJ0901.5+0301,1.505741844802E-4,1.0487674119727306,-0.0152435809516249,0.0,3014.231956140972,-0.0033177262617367,1.0455342249098412,20.0,133,139.017698,-132.325499,135.386261,3.017387152,135.357672,2.991385,0.15,0.15,45,09012584+0259289,16.155,0.119,0.12,10.8,15.682,0.125,0.126,9.5,14.761,0.121,0.122,9.8,BBB,222,111,000,160606,0,0,0.473,0.921,1.394,4,7,2.517509946617499
ACT-CLJ0901.5+0301,102.0,63.0,4.0,6.0,135.41963890471104,2.962386665504742,0.0011224662566644114,0.003076288316246625,101.99999937065414,62.99999969523537,2.9999986064805757,2.999999537329065,0.0,4.749034281505011E-6,0.6724945210445882,3.973422802658898,102.3279542281776,63.62918514560103,2.4771960584200428,6.733675104335988,0.5581255030147609,0.011138662358467055,6.272144317626953,0.0,5.273207789286971E-4,231735.625,132,ACT-CLJ0901.5+0301,1.505741844802E-4,1.0487674119727306,-0.0152435809516249,0.0,3014.231956140972,-0.0033177262617367,1.0455342249098412,20.0,133,230.800412,147.825397,135.386261,3.017387152,135.420446,2.963121,0.18,0.18,135,09014090+0257472,16.653,0.151,0.151,6.9,16.131,0.172,0.172,6.3,15.945,,,,CCU,220,110,000,060600,0,1,0.522,,,5,2,3.92533692369944
ACT-CLJ0901.5+0301,213.0,114.0,4.0,7.0,135.3578890146803,2.9907201203252156,6.790852727997216E-4,0.003133117564802372,212.99999978936518,113.99999959734672,3.0000003956044963,3.0000003902280046,0.0,4.722743428116053E-6,0.6729483847590041,11.380651885413252,213.29178923889904,113.397258750697,3.34679667417902,4.002331644646026,-0.6525028579021758,0.005980251730315863,14.3688383102417,0.0,1.9670184701681137E-4,1583777.5,132,ACT-CLJ0901.5+0301,1.505741844802E-4,1.0487674119727306,-0.0152435809516249,0.0,3014.231956140972,-0.0033177262617367,1.0455342249098412,20.0,133,139.017698,-132.325499,135.386261,3.017387152,135.357672,2.991385,0.15,0.15,45,09012584+0259289,16.155,0.119,0.12,10.8,15.682,0.125,0.126,9.5,14.761,0.121,0.122,9.8,BBB,222,111,000,160606,0,0,0.473,0.921,1.394,4,7,2.517509946617499
ACT-CLJ0905.6+0434,133.0,140.0,2.0,3.0,136.432040616144,4.56221235415048,3.5294968132132794E-4,0.0030650234897715697,132.99999999980508,139.99999999987142,2.9999999997550444,2.999999999930336,0.0,-8.004338563530067E-7,0.17290316981947623,16.378213685239228,132.70075521679098,139.88045877205616,2.3157422702949124,3.097821366235178,-0.3016294817774317,-0.012979121980452745,18.955028533935547,0.0,1.7868253053165972E-4,2257750.0,137,ACT-CLJ0905.6+0434,2.260633577128E-4,1.2420590294521636,-0.262164520103109,0.0038119198734442,3114.1662916932146,-0.0270036847691048,1.0019479285642816,20.0,138,69.125241,125.98988,136.4158783,4.574434757,136.431464,4.563151,0.18,0.16,10,09054355+0433473,16.738,,,,16.058,0.153,0.153,7.2,15.671,,,,UBU,020,010,000,000600,0,0,,,,6,9,3.962352695625699
ACT-CLJ0905.6+0434,133.0,140.0,2.0,4.0,136.432040616144,4.56221235415048,3.5294968132132794E-4,0.0030650234897715697,132.99999999980508,139.99999999987142,2.9999999997550444,2.999999999930336,0.0,-8.004338563530067E-7,0.17290316981947623,16.378213685239228,132.70075521679098,139.88045877205616,2.3157422702949124,3.097821366235178,-0.3016294817774317,-0.012979121980452745,18.955028533935547,0.0,1.7868253053165972E-4,2257750.0,137,ACT-CLJ0905.6+0434,2.260633577128E-4,1.2420590294521636,-0.262164520103109,0.0038119198734442,3114.1662916932146,-0.0270036847691048,1.0019479285642816,20.0,138,69.125241,125.98988,136.4158783,4.574434757,136.431464,4.563151,0.18,0.16,10,09054355+0433473,16.738,,,,16.058,0.153,0.153,7.2,15.671,,,,UBU,020,010,000,000600,0,0,,,,6,9,3.962352695625699
ACT-CLJ0905.6+0434,133.0,140.0,2.0,5.0,136.432040616144,4.56221235415048,3.5294968132132794E-4,0.0030650234897715697,132.99999999980508,139.99999999987142,2.9999999997550444,2.999999999930336,0.0,-8.004338563530067E-7,0.17290316981947623,16.378213685239228,132.70075521679098,139.88045877205616,2.3157422702949124,3.097821366235178,-0.3016294817774317,-0.012979121980452745,18.955028533935547,0.0,1.7868253053165972E-4,2257750.0,137,ACT-CLJ0905.6+0434,2.260633577128E-4,1.2420590294521636,-0.262164520103109,0.0038119198734442,3114.1662916932146,-0.0270036847691048,1.0019479285642816,20.0,138,69.125241,125.98988,136.4158783,4.574434757,136.431464,4.563151,0.18,0.16,10,09054355+0433473,16.738,,,,16.058,0.153,0.153,7.2,15.671,,,,UBU,020,010,000,000600,0,0,,,,6,9,3.962352695625699
ACT-CLJ0905.6+0434,133.0,140.0,2.0,6.0,136.432040616144,4.56221235415048,3.5294968132132794E-4,0.0030650234897715697,132.99999999980508,139.99999999987142,2.9999999997550444,2.999999999930336,0.0,-8.004338563530067E-7,0.17290316981947623,16.378213685239228,132.70075521679098,139.88045877205616,2.3157422702949124,3.097821366235178,-0.3016294817774317,-0.012979121980452745,18.955028533935547,0.0,1.7868253053165972E-4,2257750.0,137,ACT-CLJ0905.6+0434,2.260633577128E-4,1.2420590294521636,-0.262164520103109,0.0038119198734442,3114.1662916932146,-0.0270036847691048,1.0019479285642816,20.0,138,69.125241,125.98988,136.4158783,4.574434757,136.431464,4.563151,0.18,0.16,10,09054355+0433473,16.738,,,,16.058,0.153,0.153,7.2,15.671,,,,UBU,020,010,000,000600,0,0,,,,6,9,3.962352695625699
ACT-CLJ0905.6+0434,133.0,140.0,2.0,7.0,136.432040616144,4.56221235415048,3.5294968132132794E-4,0.0030650234897715697,132.99999999980508,139.99999999987142,2.9999999997550444,2.999999999930336,0.0,-8.004338563530067E-7,0.17290316981947623,16.378213685239228,132.70075521679098,139.88045877205616,2.3157422702949124,3.097821366235178,-0.3016294817774317,-0.012979121980452745,18.955028533935547,0.0,1.7868253053165972E-4,2257750.0,137,ACT-CLJ0905.6+0434,2.260633577128E-4,1.2420590294521636,-0.262164520103109,0.0038119198734442,3114.1662916932146,-0.0270036847691048,1.0019479285642816,20.0,138,69.125241,125.98988,136.4158783,4.574434757,136.431464,4.563151,0.18,0.16,10,09054355+0433473,16.738,,,,16.058,0.153,0.153,7.2,15.671,,,,UBU,020,010,000,000600,0,0,,,,6,9,3.962352695625699
ACT-CLJ0905.6+0434,133.0,140.0,3.0,4.0,136.432040616144,4.56221235415048,3.5294968132132794E-4,0.0030650234897715697,132.99999999980508,139.99999999987142,2.9999999997550444,2.999999999930336,0.0,-8.004338563530067E-7,0.17290316981947623,16.378213685239228,132.70075521679098,139.88045877205616,2.3157422702949124,3.097821366235178,-0.3016294817774317,-0.012979121980452745,18.955028533935547,0.0,1.7868253053165972E-4,2257750.0,137,ACT-CLJ0905.6+0434,2.260633577128E-4,1.2420590294521636,-0.262164520103109,0.0038119198734442,3114.1662916932146,-0.0270036847691048,1.0019479285642816,20.0,138,69.125241,125.98988,136.4158783,4.574434757,136.431464,4.563151,0.18,0.16,10,09054355+0433473,16.738,,,,16.058,0.153,0.153,7.2,15.671,,,,UBU,020,010,000,000600,0,0,,,,6,9,3.962352695625699
ACT-CLJ0905.6+0434,133.0,140.0,4.0,5.0,136.432040616144,4.56221235415048,3.5294968132132794E-4,0.0030650234897715697,132.99999999980508,139.99999999987142,2.9999999997550444,2.999999999930336,0.0,-8.004338563530067E-7,0.17290316981947623,16.378213685239228,132.70075521679098,139.88045877205616,2.3157422702949124,3.097821366235178,-0.3016294817774317,-0.012979121980452745,18.955028533935547,0.0,1.7868253053165972E-4,2257750.0,137,ACT-CLJ0905.6+0434,2.260633577128E-4,1.2420590294521636,-0.262164520103109,0.0038119198734442,3114.1662916932146,-0.0270036847691048,1.0019479285642816,20.0,138,69.125241,125.98988,136.4158783,4.574434757,136.431464,4.563151,0.18,0.16,10,09054355+0433473,16.738,,,,16.058,0.153,0.153,7.2,15.671,,,,UBU,020,010,000,000600,0,0,,,,6,9,3.962352695625699
ACT-CLJ0905.6+0434,133.0,140.0,4.0,6.0,136.432040616144,4.56221235415048,3.5294968132132794E-4,0.0030650234897715697,132.99999999980508,139.99999999987142,2.9999999997550444,2.999999999930336,0.0,-8.004338563530067E-7,0.17290316981947623,16.378213685239228,132.70075521679098,139.88045877205616,2.3157422702949124,3.097821366235178,-0.3016294817774317,-0.012979121980452745,18.955028533935547,0.0,1.7868253053165972E-4,2257750.0,137,ACT-CLJ0905.6+0434,2.260633577128E-4,1.2420590294521636,-0.262164520103109,0.0038119198734442,3114.1662916932146,-0.0270036847691048,1.0019479285642816,20.0,138,69.125241,125.98988,136.4158783,4.574434757,136.431464,4.563151,0.18,0.16,10,09054355+0433473,16.738,,,,16.058,0.153,0.153,7.2,15.671,,,,UBU,020,010,000,000600,0,0,,,,6,9,3.962352695625699
ACT-CLJ0905.6+0434,133.0,140.0,4.0,7.0,136.432040616144,4.56221235415048,3.5294968132132794E-4,0.0030650234897715697,132.99999999980508,139.99999999987142,2.9999999997550444,2.999999999930336,0.0,-8.004338563530067E-7,0.17290316981947623,16.378213685239228,132.70075521679098,139.88045877205616,2.3157422702949124,3.097821366235178,-0.3016294817774317,-0.012979121980452745,18.955028533935547,0.0,1.7868253053165972E-4,2257750.0,137,ACT-CLJ0905.6+0434,2.260633577128E-4,1.2420590294521636,-0.262164520103109,0.0038119198734442,3114.1662916932146,-0.0270036847691048,1.0019479285642816,20.0,138,69.125241,125.98988,136.4158783,4.574434757,136.431464,4.563151,0.18,0.16,10,09054355+0433473,16.738,,,,16.058,0.153,0.153,7.2,15.671,,,,UBU,020,010,000,000600,0,0,,,,6,9,3.962352695625699
ACT-CLJ0918.7+0211,139.0,224.0,2.0,3.0,139.70240837594753,2.223567539496306,6.412015332254187E-4,0.0026510627099730877,138.99999981627784,223.99999966870388,2.9999990946779107,2.9999991841024105,0.0,-9.608257568330838E-7,0.1494293639155927,17.026945177950598,139.248528441785,224.04203325193126,2.3989003101168973,2.711146840751273,0.7705717397761058,-0.022912443199770868,19.531387329101562,0.0,1.436484744772315E-4,3111293.5,147,ACT-CLJ0918.7+0211,1.232480002287E-4,1.00660408157553,0.0742840813377222,0.0,3125.505815658435,-0.0568171799171884,1.013513304547658,20.0,148,129.77082,20.894598,139.689621,2.189123154,139.702487,2.2228,0.22,0.21,27,09184859+0213220,16.87,0.188,0.189,5.6,16.037,0.166,0.166,6.8,15.369,0.183,0.184,5.8,CCC,222,111,000,060606,0,0,0.833,0.668,1.501,7,15,2.7775798017999502
ACT-CLJ0918.7+0211,139.0,224.0,2.0,4.0,139.70240837594753,2.223567539496306,6.412015332254187E-4,0.0026510627099730877,138.99999981627784,223.99999966870388,2.9999990946779107,2.9999991841024105,0.0,-9.608257568330838E-7,0.1494293639155927,17.026945177950598,139.248528441785,224.04203325193126,2.3989003101168973,2.711146840751273,0.7705717397761058,-0.022912443199770868,19.531387329101562,0.0,1.436484744772315E-4,3111293.5,147,ACT-CLJ0918.7+0211,1.232480002287E-4,1.00660408157553,0.0742840813377222,0.0,3125.505815658435,-0.0568171799171884,1.013513304547658,20.0,148,129.77082,20.894598,139.689621,2.189123154,139.702487,2.2228,0.22,0.21,27,09184859+0213220,16.87,0.188,0.189,5.6,16.037,0.166,0.166,6.8,15.369,0.183,0.184,5.8,CCC,222,111,000,060606,0,0,0.833,0.668,1.501,7,15,2.7775798017999502
ACT-CLJ0918.7+0211,139.0,224.0,2.0,5.0,139.70240837594753,2.223567539496306,6.412015332254187E-4,0.0026510627099730877,138.99999981627784,223.99999966870388,2.9999990946779107,2.9999991841024105,0.0,-9.608257568330838E-7,0.1494293639155927,17.026945177950598,139.248528441785,224.04203325193126,2.3989003101168973,2.711146840751273,0.7705717397761058,-0.022912443199770868,19.531387329101562,0.0,1.436484744772315E-4,3111293.5,147,ACT-CLJ0918.7+0211,1.232480002287E-4,1.00660408157553,0.0742840813377222,0.0,3125.505815658435,-0.0568171799171884,1.013513304547658,20.0,148,129.77082,20.894598,139.689621,2.189123154,139.702487,2.2228,0.22,0.21,27,09184859+0213220,16.87,0.188,0.189,5.6,16.037,0.166,0.166,6.8,15.369,0.183,0.184,5.8,CCC,222,111,000,060606,0,0,0.833,0.668,1.501,7,15,2.7775798017999502
ACT-CLJ0918.7+0211,139.0,224.0,2.0,6.0,139.70240837594753,2.223567539496306,6.412015332254187E-4,0.0026510627099730877,138.99999981627784,223.99999966870388,2.9999990946779107,2.9999991841024105,0.0,-9.608257568330838E-7,0.1494293639155927,17.026945177950598,139.248528441785,224.04203325193126,2.3989003101168973,2.711146840751273,0.7705717397761058,-0.022912443199770868,19.531387329101562,0.0,1.436484744772315E-4,3111293.5,147,ACT-CLJ0918.7+0211,1.232480002287E-4,1.00660408157553,0.0742840813377222,0.0,3125.505815658435,-0.0568171799171884,1.013513304547658,20.0,148,129.77082,20.894598,139.689621,2.189123154,139.702487,2.2228,0.22,0.21,27,09184859+0213220,16.87,0.188,0.189,5.6,16.037,0.166,0.166,6.8,15.369,0.183,0.184,5.8,CCC,222,111,000,060606,0,0,0.833,0.668,1.501,7,15,2.7775798017999502
ACT-CLJ0918.7+0211,139.0,224.0,2.0,7.0,139.70240837594753,2.223567539496306,6.412015332254187E-4,0.0026510627099730877,138.99999981627784,223.99999966870388,2.9999990946779107,2.9999991841024105,0.0,-9.608257568330838E-7,0.1494293639155927,17.026945177950598,139.248528441785,224.04203325193126,2.3989003101168973,2.711146840751273,0.7705717397761058,-0.022912443199770868,19.531387329101562,0.0,1.436484744772315E-4,3111293.5,147,ACT-CLJ0918.7+0211,1.232480002287E-4,1.00660408157553,0.0742840813377222,0.0,3125.505815658435,-0.0568171799171884,1.013513304547658,20.0,148,129.77082,20.894598,139.689621,2.189123154,139.702487,2.2228,0.22,0.21,27,09184859+0213220,16.87,0.188,0.189,5.6,16.037,0.166,0.166,6.8,15.369,0.183,0.184,5.8,CCC,222,111,000,060606,0,0,0.833,0.668,1.501,7,15,2.7775798017999502
ACT-CLJ0918.7+0211,139.0,224.0,3.0,4.0,139.70240837594753,2.223567539496306,6.412015332254187E-4,0.0026510627099730877,138.99999981627784,223.99999966870388,2.9999990946779107,2.9999991841024105,0.0,-9.608257568330838E-7,0.1494293639155927,17.026945177950598,139.248528441785,224.04203325193126,2.3989003101168973,2.711146840751273,0.7705717397761058,-0.022912443199770868,19.531387329101562,0.0,1.436484744772315E-4,3111293.5,147,ACT-CLJ0918.7+0211,1.232480002287E-4,1.00660408157553,0.0742840813377222,0.0,3125.505815658435,-0.0568171799171884,1.013513304547658,20.0,148,129.77082,20.894598,139.689621,2.189123154,139.702487,2.2228,0.22,0.21,27,09184859+0213220,16.87,0.188,0.189,5.6,16.037,0.166,0.166,6.8,15.369,0.183,0.184,5.8,CCC,222,111,000,060606,0,0,0.833,0.668,1.501,7,15,2.7775798017999502
ACT-CLJ0918.7+0211,139.0,224.0,3.0,5.0,139.70240837594753,2.223567539496306,6.412015332254187E-4,0.0026510627099730877,138.99999981627784,223.99999966870388,2.9999990946779107,2.9999991841024105,0.0,-9.608257568330838E-7,0.1494293639155927,17.026945177950598,139.248528441785,224.04203325193126,2.3989003101168973,2.711146840751273,0.7705717397761058,-0.022912443199770868,19.531387329101562,0.0,1.436484744772315E-4,3111293.5,147,ACT-CLJ0918.7+0211,1.232480002287E-4,1.00660408157553,0.0742840813377222,0.0,3125.505815658435,-0.0568171799171884,1.013513304547658,20.0,148,129.77082,20.894598,139.689621,2.189123154,139.702487,2.2228,0.22,0.21,27,09184859+0213220,16.87,0.188,0.189,5.6,16.037,0.166,0.166,6.8,15.369,0.183,0.184,5.8,CCC,222,111,000,060606,0,0,0.833,0.668,1.501,7,15,2.7775798017999502
ACT-CLJ0918.7+0211,139.0,224.0,3.0,6.0,139.70240837594753,2.223567539496306,6.412015332254187E-4,0.0026510627099730877,138.99999981627784,223.99999966870388,2.9999990946779107,2.9999991841024105,0.0,-9.608257568330838E-7,0.1494293639155927,17.026945177950598,139.248528441785,224.04203325193126,2.3989003101168973,2.711146840751273,0.7705717397761058,-0.022912443199770868,19.531387329101562,0.0,1.436484744772315E-4,3111293.5,147,ACT-CLJ0918.7+0211,1.232480002287E-4,1.00660408157553,0.0742840813377222,0.0,3125.505815658435,-0.0568171799171884,1.013513304547658,20.0,148,129.77082,20.894598,139.689621,2.189123154,139.702487,2.2228,0.22,0.21,27,09184859+0213220,16.87,0.188,0.189,5.6,16.037,0.166,0.166,6.8,15.369,0.183,0.184,5.8,CCC,222,111,000,060606,0,0,0.833,0.668,1.501,7,15,2.7775798017999502
ACT-CLJ0918.7+0211,139.0,224.0,3.0,7.0,139.70240837594753,2.223567539496306,6.412015332254187E-4,0.0026510627099730877,138.99999981627784,223.99999966870388,2.9999990946779107,2.9999991841024105,0.0,-9.608257568330838E-7,0.1494293639155927,17.026945177950598,139.248528441785,224.04203325193126,2.3989003101168973,2.711146840751273,0.7705717397761058,-0.022912443199770868,19.531387329101562,0.0,1.436484744772315E-4,3111293.5,147,ACT-CLJ0918.7+0211,1.232480002287E-4,1.00660408157553,0.0742840813377222,0.0,3125.505815658435,-0.0568171799171884,1.013513304547658,20.0,148,129.77082,20.894598,139.689621,2.189123154,139.702487,2.2228,0.22,0.21,27,09184859+0213220,16.87,0.188,0.189,5.6,16.037,0.166,0.166,6.8,15.369,0.183,0.184,5.8,CCC,222,111,000,060606,0,0,0.833,0.668,1.501,7,15,2.7775798017999502
ACT-CLJ0918.7+0211,139.0,224.0,4.0,5.0,139.70240837594753,2.223567539496306,6.412015332254187E-4,0.0026510627099730877,138.99999981627784,223.99999966870388,2.9999990946779107,2.9999991841024105,0.0,-9.608257568330838E-7,0.1494293639155927,17.026945177950598,139.248528441785,224.04203325193126,2.3989003101168973,2.711146840751273,0.7705717397761058,-0.022912443199770868,19.531387329101562,0.0,1.436484744772315E-4,3111293.5,147,ACT-CLJ0918.7+0211,1.232480002287E-4,1.00660408157553,0.0742840813377222,0.0,3125.505815658435,-0.0568171799171884,1.013513304547658,20.0,148,129.77082,20.894598,139.689621,2.189123154,139.702487,2.2228,0.22,0.21,27,09184859+0213220,16.87,0.188,0.189,5.6,16.037,0.166,0.166,6.8,15.369,0.183,0.184,5.8,CCC,222,111,000,060606,0,0,0.833,0.668,1.501,7,15,2.7775798017999502
ACT-CLJ0918.7+0211,139.0,224.0,4.0,6.0,139.70240837594753,2.223567539496306,6.412015332254187E-4,0.0026510627099730877,138.99999981627784,223.99999966870388,2.9999990946779107,2.9999991841024105,0.0,-9.608257568330838E-7,0.1494293639155927,17.026945177950598,139.248528441785,224.04203325193126,2.3989003101168973,2.711146840751273,0.7705717397761058,-0.022912443199770868,19.531387329101562,0.0,1.436484744772315E-4,3111293.5,147,ACT-CLJ0918.7+0211,1.232480002287E-4,1.00660408157553,0.0742840813377222,0.0,3125.505815658435,-0.0568171799171884,1.013513304547658,20.0,148,129.77082,20.894598,139.689621,2.189123154,139.702487,2.2228,0.22,0.21,27,09184859+0213220,16.87,0.188,0.189,5.6,16.037,0.166,0.166,6.8,15.369,0.183,0.184,5.8,CCC,222,111,000,060606,0,0,0.833,0.668,1.501,7,15,2.7775798017999502
ACT-CLJ0918.7+0211,139.0,224.0,4.0,7.0,139.70240837594753,2.223567539496306,6.412015332254187E-4,0.0026510627099730877,138.99999981627784,223.99999966870388,2.9999990946779107,2.9999991841024105,0.0,-9.608257568330838E-7,0.1494293639155927,17.026945177950598,139.248528441785,224.04203325193126,2.3989003101168973,2.711146840751273,0.7705717397761058,-0.022912443199770868,19.531387329101562,0.0,1.436484744772315E-4,3111293.5,147,ACT-CLJ0918.7+0211,1.232480002287E-4,1.00660408157553,0.0742840813377222,0.0,3125.505815658435,-0.0568171799171884,1.013513304547658,20.0,148,129.77082,20.894598,139.689621,2.189123154,139.702487,2.2228,0.22,0.21,27,09184859+0213220,16.87,0.188,0.189,5.6,16.037,0.166,0.166,6.8,15.369,0.183,0.184,5.8,CCC,222,111,000,060606,0,0,0.833,0.668,1.501,7,15,2.7775798017999502
ACT-CLJ0918.7+0211,139.0,224.0,5.0,6.0,139.70240837594753,2.223567539496306,6.412015332254187E-4,0.0026510627099730877,138.99999981627784,223.99999966870388,2.9999990946779107,2.9999991841024105,0.0,-9.608257568330838E-7,0.1494293639155927,17.026945177950598,139.248528441785,224.04203325193126,2.3989003101168973,2.711146840751273,0.7705717397761058,-0.022912443199770868,19.531387329101562,0.0,1.436484744772315E-4,3111293.5,147,ACT-CLJ0918.7+0211,1.232480002287E-4,1.00660408157553,0.0742840813377222,0.0,3125.505815658435,-0.0568171799171884,1.013513304547658,20.0,148,129.77082,20.894598,139.689621,2.189123154,139.702487,2.2228,0.22,0.21,27,09184859+0213220,16.87,0.188,0.189,5.6,16.037,0.166,0.166,6.8,15.369,0.183,0.184,5.8,CCC,222,111,000,060606,0,0,0.833,0.668,1.501,7,15,2.7775798017999502
ACT-CLJ0918.7+0211,139.0,224.0,5.0,7.0,139.70240837594753,2.223567539496306,6.412015332254187E-4,0.0026510627099730877,138.99999981627784,223.99999966870388,2.9999990946779107,2.9999991841024105,0.0,-9.608257568330838E-7,0.1494293639155927,17.026945177950598,139.248528441785,224.04203325193126,2.3989003101168973,2.711146840751273,0.7705717397761058,-0.022912443199770868,19.531387329101562,0.0,1.436484744772315E-4,3111293.5,147,ACT-CLJ0918.7+0211,1.232480002287E-4,1.00660408157553,0.0742840813377222,0.0,3125.505815658435,-0.0568171799171884,1.013513304547658,20.0,148,129.77082,20.894598,139.689621,2.189123154,139.702487,2.2228,0.22,0.21,27,09184859+0213220,16.87,0.188,0.189,5.6,16.037,0.166,0.166,6.8,15.369,0.183,0.184,5.8,CCC,222,111,000,060606,0,0,0.833,0.668,1.501,7,15,2.7775798017999502
ACT-CLJ0918.7+0211,139.0,224.0,6.0,7.0,139.70240837594753,2.223567539496306,6.412015332254187E-4,0.0026510627099730877,138.99999981627784,223.99999966870388,2.9999990946779107,2.9999991841024105,0.0,-9.608257568330838E-7,0.1494293639155927,17.026945177950598,139.248528441785,224.04203325193126,2.3989003101168973,2.711146840751273,0.7705717397761058,-0.022912443199770868,19.531387329101562,0.0,1.436484744772315E-4,3111293.5,147,ACT-CLJ0918.7+0211,1.232480002287E-4,1.00660408157553,0.0742840813377222,0.0,3125.505815658435,-0.0568171799171884,1.013513304547658,20.0,148,129.77082,20.894598,139.689621,2.189123154,139.702487,2.2228,0.22,0.21,27,09184859+0213220,16.87,0.188,0.189,5.6,16.037,0.166,0.166,6.8,15.369,0.183,0.184,5.8,CCC,222,111,000,060606,0,0,0.833,0.668,1.501,7,15,2.7775798017999502
ACT-CLJ0922.1-0027,117.0,172.0,4.0,5.0,140.56580278973715,-0.45515072438428106,4.4697610970570066E-4,5.924664596948601E-4,116.99999995737006,171.99999990799893,2.9999995638069916,2.9999996252954384,0.0,1.5449254385577352E-6,0.19568327277311556,5.484906642988107,117.08526691078056,171.52517744067043,2.0795511533465993,2.2830953516116463,0.21427398924007912,0.009867913697295776,6.065818786621094,0.0,1.210798291140236E-4,4452350.0,151,ACT-CLJ0922.1-0027,1.259289799339E-4,1.0377619873052373,-0.0313769663331243,0.0057155921353452,3106.0366458168423,0.0065866060434162,1.0138791514846062,20.0,152,90.983084,75.33038,140.540802,-0.4607063234,140.565252,-0.454306,0.28,0.25,0,09221566-0027155,17.231,0.237,0.237,4.3,16.318,0.196,0.196,5.7,15.244,0.178,0.179,6.3,DCC,222,111,000,060606,0,0,0.913,1.074,1.987,8,2,3.630309528319626
ACT-CLJ0922.1-0027,117.0,172.0,4.0,6.0,140.56580278973715,-0.45515072438428106,4.4697610970570066E-4,5.924664596948601E-4,116.99999995737006,171.99999990799893,2.9999995638069916,2.9999996252954384,0.0,1.5449254385577352E-6,0.19568327277311556,5.484906642988107,117.08526691078056,171.52517744067043,2.0795511533465993,2.2830953516116463,0.21427398924007912,0.009867913697295776,6.065818786621094,0.0,1.210798291140236E-4,4452350.0,151,ACT-CLJ0922.1-0027,1.259289799339E-4,1.0377619873052373,-0.0313769663331243,0.0057155921353452,3106.0366458168423,0.0065866060434162,1.0138791514846062,20.0,152,90.983084,75.33038,140.540802,-0.4607063234,140.565252,-0.454306,0.28,0.25,0,09221566-0027155,17.231,0.237,0.237,4.3,16.318,0.196,0.196,5.7,15.244,0.178,0.179,6.3,DCC,222,111,000,060606,0,0,0.913,1.074,1.987,8,2,3.630309528319626
ACT-CLJ1144.2+0227,148.0,58.0,4.0,7.0,176.0642116220301,2.403097014163344,0.0010175079812611016,0.0010478654905909236,147.99999899526813,57.99999928494704,2.999998154908629,2.9999986674452614,0.0,5.344982152652363E-6,0.6203501811820554,2.7870309459501965,149.95338105307374,55.0201845872541,2.723020862753639,7.665475921267464,-1.016633847160357,-0.025811711766843777,3.3469150066375732,0.0,3.215129836462438E-4,496225.75,200,ACT-CLJ1144.2+0227,1.357876074935E-4,1.0968498650547485,-0.1084413996205994,0.0076207895137936,2910.4385087521014,-0.0345336553451795,1.0793007123692877,20.0,201,208.053143,172.192255,176.056427,2.460874796,176.064285,2.403618,0.3,0.26,6,11441542+0224130,16.392,0.128,0.129,7.3,15.667,0.153,0.153,7.8,15.434,0.23,0.23,4.6,BBD,222,111,000,060605,0,0,0.725,0.233,0.958,,,1.8940280513364491
ACT-CLJ1203.9+0126,126.0,177.0,2.0,3.0,181.00857752521063,1.4446112310169625,3.781546623965495E-4,0.0018671815460068943,125.99999983497146,176.99999976403697,2.9999994957852407,2.99999977100165,0.0,-6.71275934074132E-6,0.10306455938136068,14.553586769712382,126.1940432736352,176.80659289073247,2.4733666173023154,3.0542531961492427,-0.13978095028015142,-0.021555361803399068,16.372819900512695,0.0,1.1233435361646116E-4,4455718.5,211,ACT-CLJ1203.9+0126,1.484328706489E-4,1.263906301106244,-0.1520895647995525,0.0352605948557651,2878.528670754236,-0.0213212730899179,1.0962995629811707,20.0,212,77.142802,66.408179,180.9885712,1.436277986,181.008215,1.444854,0.06,0.06,45,12040197+0126414,14.697,0.068,0.069,41.6,13.979,0.094,0.095,42.4,13.532,0.068,0.068,30.4,AAA,222,111,000,666666,1,0,0.718,0.447,1.165,9,15,1.5703502212743528
ACT-CLJ1203.9+0126,126.0,177.0,2.0,4.0,181.00857752521063,1.4446112310169625,3.781546623965495E-4,0.0018671815460068943,125.99999983497146,176.99999976403697,2.9999994957852407,2.99999977100165,0.0,-6.71275934074132E-6,0.10306455938136068,14.553586769712382,126.1940432736352,176.80659289073247,2.4733666173023154,3.0542531961492427,-0.13978095028015142,-0.021555361803399068,16.372819900512695,0.0,1.1233435361646116E-4,4455718.5,211,ACT-CLJ1203.9+0126,1.484328706489E-4,1.263906301106244,-0.1520895647995525,0.0352605948557651,2878.528670754236,-0.0213212730899179,1.0962995629811707,20.0,212,77.142802,66.408179,180.9885712,1.436277986,181.008215,1.444854,0.06,0.06,45,12040197+0126414,14.697,0.068,0.069,41.6,13.979,0.094,0.095,42.4,13.532,0.068,0.068,30.4,AAA,222,111,000,666666,1,0,0.718,0.447,1.165,9,15,1.5703502212743528
ACT-CLJ1203.9+0126,126.0,177.0,2.0,5.0,181.00857752521063,1.4446112310169625,3.781546623965495E-4,0.0018671815460068943,125.99999983497146,176.99999976403697,2.9999994957852407,2.99999977100165,0.0,-6.71275934074132E-6,0.10306455938136068,14.553586769712382,126.1940432736352,176.80659289073247,2.4733666173023154,3.0542531961492427,-0.13978095028015142,-0.021555361803399068,16.372819900512695,0.0,1.1233435361646116E-4,4455718.5,211,ACT-CLJ1203.9+0126,1.484328706489E-4,1.263906301106244,-0.1520895647995525,0.0352605948557651,2878.528670754236,-0.0213212730899179,1.0962995629811707,20.0,212,77.142802,66.408179,180.9885712,1.436277986,181.008215,1.444854,0.06,0.06,45,12040197+0126414,14.697,0.068,0.069,41.6,13.979,0.094,0.095,42.4,13.532,0.068,0.068,30.4,AAA,222,111,000,666666,1,0,0.718,0.447,1.165,9,15,1.5703502212743528
ACT-CLJ1203.9+0126,126.0,177.0,2.0,6.0,181.00857752521063,1.4446112310169625,3.781546623965495E-4,0.0018671815460068943,125.99999983497146,176.99999976403697,2.9999994957852407,2.99999977100165,0.0,-6.71275934074132E-6,0.10306455938136068,14.553586769712382,126.1940432736352,176.80659289073247,2.4733666173023154,3.0542531961492427,-0.13978095028015142,-0.021555361803399068,16.372819900512695,0.0,1.1233435361646116E-4,4455718.5,211,ACT-CLJ1203.9+0126,1.484328706489E-4,1.263906301106244,-0.1520895647995525,0.0352605948557651,2878.528670754236,-0.0213212730899179,1.0962995629811707,20.0,212,77.142802,66.408179,180.9885712,1.436277986,181.008215,1.444854,0.06,0.06,45,12040197+0126414,14.697,0.068,0.069,41.6,13.979,0.094,0.095,42.4,13.532,0.068,0.068,30.4,AAA,222,111,000,666666,1,0,0.718,0.447,1.165,9,15,1.5703502212743528
ACT-CLJ1203.9+0126,126.0,177.0,2.0,7.0,181.00857752521063,1.4446112310169625,3.781546623965495E-4,0.0018671815460068943,125.99999983497146,176.99999976403697,2.9999994957852407,2.99999977100165,0.0,-6.71275934074132E-6,0.10306455938136068,14.553586769712382,126.1940432736352,176.80659289073247,2.4733666173023154,3.0542531961492427,-0.13978095028015142,-0.021555361803399068,16.372819900512695,0.0,1.1233435361646116E-4,4455718.5,211,ACT-CLJ1203.9+0126,1.484328706489E-4,1.263906301106244,-0.1520895647995525,0.0352605948557651,2878.528670754236,-0.0213212730899179,1.0962995629811707,20.0,212,77.142802,66.408179,180.9885712,1.436277986,181.008215,1.444854,0.06,0.06,45,12040197+0126414,14.697,0.068,0.069,41.6,13.979,0.094,0.095,42.4,13.532,0.068,0.068,30.4,AAA,222,111,000,666666,1,0,0.718,0.447,1.165,9,15,1.5703502212743528
ACT-CLJ1203.9+0126,126.0,177.0,3.0,4.0,181.00857752521063,1.4446112310169625,3.781546623965495E-4,0.0018671815460068943,125.99999983497146,176.99999976403697,2.9999994957852407,2.99999977100165,0.0,-6.71275934074132E-6,0.10306455938136068,14.553586769712382,126.1940432736352,176.80659289073247,2.4733666173023154,3.0542531961492427,-0.13978095028015142,-0.021555361803399068,16.372819900512695,0.0,1.1233435361646116E-4,4455718.5,211,ACT-CLJ1203.9+0126,1.484328706489E-4,1.263906301106244,-0.1520895647995525,0.0352605948557651,2878.528670754236,-0.0213212730899179,1.0962995629811707,20.0,212,77.142802,66.408179,180.9885712,1.436277986,181.008215,1.444854,0.06,0.06,45,12040197+0126414,14.697,0.068,0.069,41.6,13.979,0.094,0.095,42.4,13.532,0.068,0.068,30.4,AAA,222,111,000,666666,1,0,0.718,0.447,1.165,9,15,1.5703502212743528
ACT-CLJ1203.9+0126,126.0,177.0,3.0,5.0,181.00857752521063,1.4446112310169625,3.781546623965495E-4,0.0018671815460068943,125.99999983497146,176.99999976403697,2.9999994957852407,2.99999977100165,0.0,-6.71275934074132E-6,0.10306455938136068,14.553586769712382,126.1940432736352,176.80659289073247,2.4733666173023154,3.0542531961492427,-0.13978095028015142,-0.021555361803399068,16.372819900512695,0.0,1.1233435361646116E-4,4455718.5,211,ACT-CLJ1203.9+0126,1.484328706489E-4,1.263906301106244,-0.1520895647995525,0.0352605948557651,2878.528670754236,-0.0213212730899179,1.0962995629811707,20.0,212,77.142802,66.408179,180.9885712,1.436277986,181.008215,1.444854,0.06,0.06,45,12040197+0126414,14.697,0.068,0.069,41.6,13.979,0.094,0.095,42.4,13.532,0.068,0.068,30.4,AAA,222,111,000,666666,1,0,0.718,0.447,1.165,9,15,1.5703502212743528
ACT-CLJ1203.9+0126,126.0,177.0,3.0,6.0,181.00857752521063,1.4446112310169625,3.781546623965495E-4,0.0018671815460068943,125.99999983497146,176.99999976403697,2.9999994957852407,2.99999977100165,0.0,-6.71275934074132E-6,0.10306455938136068,14.553586769712382,126.1940432736352,176.80659289073247,2.4733666173023154,3.0542531961492427,-0.13978095028015142,-0.021555361803399068,16.372819900512695,0.0,1.1233435361646116E-4,4455718.5,211,ACT-CLJ1203.9+0126,1.484328706489E-4,1.263906301106244,-0.1520895647995525,0.0352605948557651,2878.528670754236,-0.0213212730899179,1.0962995629811707,20.0,212,77.142802,66.408179,180.9885712,1.436277986,181.008215,1.444854,0.06,0.06,45,12040197+0126414,14.697,0.068,0.069,41.6,13.979,0.094,0.095,42.4,13.532,0.068,0.068,30.4,AAA,222,111,000,666666,1,0,0.718,0.447,1.165,9,15,1.5703502212743528
ACT-CLJ1203.9+0126,126.0,177.0,3.0,7.0,181.00857752521063,1.4446112310169625,3.781546623965495E-4,0.0018671815460068943,125.99999983497146,176.99999976403697,2.9999994957852407,2.99999977100165,0.0,-6.71275934074132E-6,0.10306455938136068,14.553586769712382,126.1940432736352,176.80659289073247,2.4733666173023154,3.0542531961492427,-0.13978095028015142,-0.021555361803399068,16.372819900512695,0.0,1.1233435361646116E-4,4455718.5,211,ACT-CLJ1203.9+0126,1.484328706489E-4,1.263906301106244,-0.1520895647995525,0.0352605948557651,2878.528670754236,-0.0213212730899179,1.0962995629811707,20.0,212,77.142802,66.408179,180.9885712,1.436277986,181.008215,1.444854,0.06,0.06,45,12040197+0126414,14.697,0.068,0.069,41.6,13.979,0.094,0.095,42.4,13.532,0.068,0.068,30.4,AAA,222,111,000,666666,1,0,0.718,0.447,1.165,9,15,1.5703502212743528
ACT-CLJ1203.9+0126,126.0,177.0,4.0,5.0,181.00857752521063,1.4446112310169625,3.781546623965495E-4,0.0018671815460068943,125.99999983497146,176.99999976403697,2.9999994957852407,2.99999977100165,0.0,-6.71275934074132E-6,0.10306455938136068,14.553586769712382,126.1940432736352,176.80659289073247,2.4733666173023154,3.0542531961492427,-0.13978095028015142,-0.021555361803399068,16.372819900512695,0.0,1.1233435361646116E-4,4455718.5,211,ACT-CLJ1203.9+0126,1.484328706489E-4,1.263906301106244,-0.1520895647995525,0.0352605948557651,2878.528670754236,-0.0213212730899179,1.0962995629811707,20.0,212,77.142802,66.408179,180.9885712,1.436277986,181.008215,1.444854,0.06,0.06,45,12040197+0126414,14.697,0.068,0.069,41.6,13.979,0.094,0.095,42.4,13.532,0.068,0.068,30.4,AAA,222,111,000,666666,1,0,0.718,0.447,1.165,9,15,1.5703502212743528
ACT-CLJ1203.9+0126,126.0,177.0,4.0,6.0,181.00857752521063,1.4446112310169625,3.781546623965495E-4,0.0018671815460068943,125.99999983497146,176.99999976403697,2.9999994957852407,2.99999977100165,0.0,-6.71275934074132E-6,0.10306455938136068,14.553586769712382,126.1940432736352,176.80659289073247,2.4733666173023154,3.0542531961492427,-0.13978095028015142,-0.021555361803399068,16.372819900512695,0.0,1.1233435361646116E-4,4455718.5,211,ACT-CLJ1203.9+0126,1.484328706489E-4,1.263906301106244,-0.1520895647995525,0.0352605948557651,2878.528670754236,-0.0213212730899179,1.0962995629811707,20.0,212,77.142802,66.408179,180.9885712,1.436277986,181.008215,1.444854,0.06,0.06,45,12040197+0126414,14.697,0.068,0.069,41.6,13.979,0.094,0.095,42.4,13.532,0.068,0.068,30.4,AAA,222,111,000,666666,1,0,0.718,0.447,1.165,9,15,1.5703502212743528
ACT-CLJ1203.9+0126,126.0,177.0,4.0,7.0,181.00857752521063,1.4446112310169625,3.781546623965495E-4,0.0018671815460068943,125.99999983497146,176.99999976403697,2.9999994957852407,2.99999977100165,0.0,-6.71275934074132E-6,0.10306455938136068,14.553586769712382,126.1940432736352,176.80659289073247,2.4733666173023154,3.0542531961492427,-0.13978095028015142,-0.021555361803399068,16.372819900512695,0.0,1.1233435361646116E-4,4455718.5,211,ACT-CLJ1203.9+0126,1.484328706489E-4,1.263906301106244,-0.1520895647995525,0.0352605948557651,2878.528670754236,-0.0213212730899179,1.0962995629811707,20.0,212,77.142802,66.408179,180.9885712,1.436277986,181.008215,1.444854,0.06,0.06,45,12040197+0126414,14.697,0.068,0.069,41.6,13.979,0.094,0.095,42.4,13.532,0.068,0.068,30.4,AAA,222,111,000,666666,1,0,0.718,0.447,1.165,9,15,1.5703502212743528
ACT-CLJ1203.9+0126,126.0,177.0,5.0,6.0,181.00857752521063,1.4446112310169625,3.781546623965495E-4,0.0018671815460068943,125.99999983497146,176.99999976403697,2.9999994957852407,2.99999977100165,0.0,-6.71275934074132E-6,0.10306455938136068,14.553586769712382,126.1940432736352,176.80659289073247,2.4733666173023154,3.0542531961492427,-0.13978095028015142,-0.021555361803399068,16.372819900512695,0.0,1.1233435361646116E-4,4455718.5,211,ACT-CLJ1203.9+0126,1.484328706489E-4,1.263906301106244,-0.1520895647995525,0.0352605948557651,2878.528670754236,-0.0213212730899179,1.0962995629811707,20.0,212,77.142802,66.408179,180.9885712,1.436277986,181.008215,1.444854,0.06,0.06,45,12040197+0126414,14.697,0.068,0.069,41.6,13.979,0.094,0.095,42.4,13.532,0.068,0.068,30.4,AAA,222,111,000,666666,1,0,0.718,0.447,1.165,9,15,1.5703502212743528
ACT-CLJ1203.9+0126,126.0,177.0,5.0,7.0,181.00857752521063,1.4446112310169625,3.781546623965495E-4,0.0018671815460068943,125.99999983497146,176.99999976403697,2.9999994957852407,2.99999977100165,0.0,-6.71275934074132E-6,0.10306455938136068,14.553586769712382,126.1940432736352,176.80659289073247,2.4733666173023154,3.0542531961492427,-0.13978095028015142,-0.021555361803399068,16.372819900512695,0.0,1.1233435361646116E-4,4455718.5,211,ACT-CLJ1203.9+0126,1.484328706489E-4,1.263906301106244,-0.1520895647995525,0.0352605948557651,2878.528670754236,-0.0213212730899179,1.0962995629811707,20.0,212,77.142802,66.408179,180.9885712,1.436277986,181.008215,1.444854,0.06,0.06,45,12040197+0126414,14.697,0.068,0.069,41.6,13.979,0.094,0.095,42.4,13.532,0.068,0.068,30.4,AAA,222,111,000,666666,1,0,0.718,0.447,1.165,9,15,1.5703502212743528
ACT-CLJ1203.9+0126,127.0,177.0,6.0,7.0,181.0080217930814,1.4446112358395593,3.6922309155695886E-4,0.0017359599114780359,126.99999960401802,176.9999998434945,2.9999999211408666,2.999999960437245,0.0,-6.643281481328563E-6,0.09569303392138251,14.559588176778528,126.19204106764566,176.80655309980943,2.4718093880540954,3.05489972683847,-0.13925814216146593,-0.02155662282749108,15.293858528137207,0.0,1.1203356552869081E-4,4511320.5,211,ACT-CLJ1203.9+0126,1.484328706489E-4,1.263906301106244,-0.1520895647995525,0.0352605948557651,2878.528670754236,-0.0213212730899179,1.0962995629811707,20.0,212,77.142802,66.408179,180.9885712,1.436277986,181.008215,1.444854,0.06,0.06,45,12040197+0126414,14.697,0.068,0.069,41.6,13.979,0.094,0.095,42.4,13.532,0.068,0.068,30.4,AAA,222,111,000,666666,1,0,0.718,0.447,1.165,9,15,1.1168104129284568
ACT-CLJ1208.3+0254,237.0,97.0,2.0,3.0,182.0468427555465,2.8775705920347,9.623274060043167E-4,0.0022613365887928934,236.99999931778194,97.00000011755567,2.9999964350565564,2.9999974926996527,0.0,-1.2587322746101024E-5,0.12348221925778337,8.06900926375605,236.8379473808384,97.77109168829793,2.3312864540621665,2.859110718381256,-0.4099557514970695,-0.034101045739896405,8.983418464660645,0.0,2.5940031628124416E-4,902279.875,214,ACT-CLJ1208.3+0254,1.447710062193E-4,1.1137111879237818,-0.2277836190119628,0.0,2999.675539638892,-0.0750610981094841,1.025193395017257,20.0,215,198.366305,-129.942944,182.088562,2.913682461,182.046263,2.878305,0.1,0.07,1,12081110+0252418,13.16,0.08,0.081,165.4,12.314,0.089,0.089,189.8,11.804,0.059,0.059,144.5,EAA,222,111,000,666655,1,0,0.846,0.51,1.356,10,14,3.3667685096583204
ACT-CLJ1208.3+0254,237.0,98.0,2.0,4.0,182.04684273495812,2.8781261472391155,9.560051069316923E-4,0.0021984933981493387,236.99999923366062,97.99999902290995,2.9999951868044046,2.9999964464785713,0.0,-1.2545577801372507E-5,0.11996025955559353,8.06139055518876,236.83437062526286,97.76496451443238,2.331816555276643,2.860489066732375,-0.4127037971387519,-0.03409913672417504,8.76279354095459,0.0,2.5908637326210737E-4,886777.75,214,ACT-CLJ1208.3+0254,1.447710062193E-4,1.1137111879237818,-0.2277836190119628,0.0,2999.675539638892,-0.0750610981094841,1.025193395017257,20.0,215,198.366305,-129.942944,182.088562,2.913682461,182.046263,2.878305,0.1,0.07,1,12081110+0252418,13.16,0.08,0.081,165.4,12.314,0.089,0.089,189.8,11.804,0.059,0.059,144.5,EAA,222,111,000,666655,1,0,0.846,0.51,1.356,10,14,2.181592630584814
ACT-CLJ1208.3+0254,237.0,98.0,2.0,5.0,182.04684273495812,2.8781261472391155,9.560051069316923E-4,0.0021984933981493387,236.99999923366062,97.99999902290995,2.9999951868044046,2.9999964464785713,0.0,-1.2545577801372507E-5,0.11996025955559353,8.06139055518876,236.83437062526286,97.76496451443238,2.331816555276643,2.860489066732375,-0.4127037971387519,-0.03409913672417504,8.76279354095459,0.0,2.5908637326210737E-4,886777.75,214,ACT-CLJ1208.3+0254,1.447710062193E-4,1.1137111879237818,-0.2277836190119628,0.0,2999.675539638892,-0.0750610981094841,1.025193395017257,20.0,215,198.366305,-129.942944,182.088562,2.913682461,182.046263,2.878305,0.1,0.07,1,12081110+0252418,13.16,0.08,0.081,165.4,12.314,0.089,0.089,189.8,11.804,0.059,0.059,144.5,EAA,222,111,000,666655,1,0,0.846,0.51,1.356,10,14,2.181592630584814
ACT-CLJ1208.3+0254,237.0,98.0,2.0,6.0,182.04684273495812,2.8781261472391155,9.560051069316923E-4,0.0021984933981493387,236.99999923366062,97.99999902290995,2.9999951868044046,2.9999964464785713,0.0,-1.2545577801372507E-5,0.11996025955559353,8.06139055518876,236.83437062526286,97.76496451443238,2.331816555276643,2.860489066732375,-0.4127037971387519,-0.03409913672417504,8.76279354095459,0.0,2.5908637326210737E-4,886777.75,214,ACT-CLJ1208.3+0254,1.447710062193E-4,1.1137111879237818,-0.2277836190119628,0.0,2999.675539638892,-0.0750610981094841,1.025193395017257,20.0,215,198.366305,-129.942944,182.088562,2.913682461,182.046263,2.878305,0.1,0.07,1,12081110+0252418,13.16,0.08,0.081,165.4,12.314,0.089,0.089,189.8,11.804,0.059,0.059,144.5,EAA,222,111,000,666655,1,0,0.846,0.51,1.356,10,14,2.181592630584814
ACT-CLJ1208.3+0254,237.0,98.0,2.0,7.0,182.04684273495812,2.8781261472391155,9.560051069316923E-4,0.0021984933981493387,236.99999923366062,97.99999902290995,2.9999951868044046,2.9999964464785713,0.0,-1.2545577801372507E-5,0.11996025955559353,8.06139055518876,236.83437062526286,97.76496451443238,2.331816555276643,2.860489066732375,-0.4127037971387519,-0.03409913672417504,8.76279354095459,0.0,2.5908637326210737E-4,886777.75,214,ACT-CLJ1208.3+0254,1.447710062193E-4,1.1137111879237818,-0.2277836190119628,0.0,2999.675539638892,-0.0750610981094841,1.025193395017257,20.0,215,198.366305,-129.942944,182.088562,2.913682461,182.046263,2.878305,0.1,0.07,1,12081110+0252418,13.16,0.08,0.081,165.4,12.314,0.089,0.089,189.8,11.804,0.059,0.059,144.5,EAA,222,111,000,666655,1,0,0.846,0.51,1.356,10,14,2.181592630584814
ACT-CLJ1208.3+0254,237.0,98.0,3.0,4.0,182.04684273495812,2.8781261472391155,9.560051069316923E-4,0.0021984933981493387,236.99999923366062,97.99999902290995,2.9999951868044046,2.9999964464785713,0.0,-1.2545577801372507E-5,0.11996025955559353,8.06139055518876,236.83437062526286,97.76496451443238,2.331816555276643,2.860489066732375,-0.4127037971387519,-0.03409913672417504,8.76279354095459,0.0,2.5908637326210737E-4,886777.75,214,ACT-CLJ1208.3+0254,1.447710062193E-4,1.1137111879237818,-0.2277836190119628,0.0,2999.675539638892,-0.0750610981094841,1.025193395017257,20.0,215,198.366305,-129.942944,182.088562,2.913682461,182.046263,2.878305,0.1,0.07,1,12081110+0252418,13.16,0.08,0.081,165.4,12.314,0.089,0.089,189.8,11.804,0.059,0.059,144.5,EAA,222,111,000,666655,1,0,0.846,0.51,1.356,10,14,2.181592630584814
ACT-CLJ1208.3+0254,237.0,98.0,3.0,5.0,182.04684273495812,2.8781261472391155,9.560051069316923E-4,0.0021984933981493387,236.99999923366062,97.99999902290995,2.9999951868044046,2.9999964464785713,0.0,-1.2545577801372507E-5,0.11996025955559353,8.06139055518876,236.83437062526286,97.76496451443238,2.331816555276643,2.860489066732375,-0.4127037971387519,-0.03409913672417504,8.76279354095459,0.0,2.5908637326210737E-4,886777.75,214,ACT-CLJ1208.3+0254,1.447710062193E-4,1.1137111879237818,-0.2277836190119628,0.0,2999.675539638892,-0.0750610981094841,1.025193395017257,20.0,215,198.366305,-129.942944,182.088562,2.913682461,182.046263,2.878305,0.1,0.07,1,12081110+0252418,13.16,0.08,0.081,165.4,12.314,0.089,0.089,189.8,11.804,0.059,0.059,144.5,EAA,222,111,000,666655,1,0,0.846,0.51,1.356,10,14,2.181592630584814
ACT-CLJ1208.3+0254,237.0,98.0,3.0,6.0,182.04684273495812,2.8781261472391155,9.560051069316923E-4,0.0021984933981493387,236.99999923366062,97.99999902290995,2.9999951868044046,2.9999964464785713,0.0,-1.2545577801372507E-5,0.11996025955559353,8.06139055518876,236.83437062526286,97.76496451443238,2.331816555276643,2.860489066732375,-0.4127037971387519,-0.03409913672417504,8.76279354095459,0.0,2.5908637326210737E-4,886777.75,214,ACT-CLJ1208.3+0254,1.447710062193E-4,1.1137111879237818,-0.2277836190119628,0.0,2999.675539638892,-0.0750610981094841,1.025193395017257,20.0,215,198.366305,-129.942944,182.088562,2.913682461,182.046263,2.878305,0.1,0.07,1,12081110+0252418,13.16,0.08,0.081,165.4,12.314,0.089,0.089,189.8,11.804,0.059,0.059,144.5,EAA,222,111,000,666655,1,0,0.846,0.51,1.356,10,14,2.181592630584814
ACT-CLJ1208.3+0254,237.0,98.0,3.0,7.0,182.04684273495812,2.8781261472391155,9.560051069316923E-4,0.0021984933981493387,236.99999923366062,97.99999902290995,2.9999951868044046,2.9999964464785713,0.0,-1.2545577801372507E-5,0.11996025955559353,8.06139055518876,236.83437062526286,97.76496451443238,2.331816555276643,2.860489066732375,-0.4127037971387519,-0.03409913672417504,8.76279354095459,0.0,2.5908637326210737E-4,886777.75,214,ACT-CLJ1208.3+0254,1.447710062193E-4,1.1137111879237818,-0.2277836190119628,0.0,2999.675539638892,-0.0750610981094841,1.025193395017257,20.0,215,198.366305,-129.942944,182.088562,2.913682461,182.046263,2.878305,0.1,0.07,1,12081110+0252418,13.16,0.08,0.081,165.4,12.314,0.089,0.089,189.8,11.804,0.059,0.059,144.5,EAA,222,111,000,666655,1,0,0.846,0.51,1.356,10,14,2.181592630584814
ACT-CLJ1208.3+0254,237.0,98.0,4.0,5.0,182.04684273495812,2.8781261472391155,9.560051069316923E-4,0.0021984933981493387,236.99999923366062,97.99999902290995,2.9999951868044046,2.9999964464785713,0.0,-1.2545577801372507E-5,0.11996025955559353,8.06139055518876,236.83437062526286,97.76496451443238,2.331816555276643,2.860489066732375,-0.4127037971387519,-0.03409913672417504,8.76279354095459,0.0,2.5908637326210737E-4,886777.75,214,ACT-CLJ1208.3+0254,1.447710062193E-4,1.1137111879237818,-0.2277836190119628,0.0,2999.675539638892,-0.0750610981094841,1.025193395017257,20.0,215,198.366305,-129.942944,182.088562,2.913682461,182.046263,2.878305,0.1,0.07,1,12081110+0252418,13.16,0.08,0.081,165.4,12.314,0.089,0.089,189.8,11.804,0.059,0.059,144.5,EAA,222,111,000,666655,1,0,0.846,0.51,1.356,10,14,2.181592630584814
ACT-CLJ1208.3+0254,237.0,98.0,4.0,6.0,182.04684273495812,2.8781261472391155,9.560051069316923E-4,0.0021984933981493387,236.99999923366062,97.99999902290995,2.9999951868044046,2.9999964464785713,0.0,-1.2545577801372507E-5,0.11996025955559353,8.06139055518876,236.83437062526286,97.76496451443238,2.331816555276643,2.860489066732375,-0.4127037971387519,-0.03409913672417504,8.76279354095459,0.0,2.5908637326210737E-4,886777.75,214,ACT-CLJ1208.3+0254,1.447710062193E-4,1.1137111879237818,-0.2277836190119628,0.0,2999.675539638892,-0.0750610981094841,1.025193395017257,20.0,215,198.366305,-129.942944,182.088562,2.913682461,182.046263,2.878305,0.1,0.07,1,12081110+0252418,13.16,0.08,0.081,165.4,12.314,0.089,0.089,189.8,11.804,0.059,0.059,144.5,EAA,222,111,000,666655,1,0,0.846,0.51,1.356,10,14,2.181592630584814
ACT-CLJ1208.3+0254,237.0,98.0,4.0,7.0,182.04684273495812,2.8781261472391155,9.560051069316923E-4,0.0021984933981493387,236.99999923366062,97.99999902290995,2.9999951868044046,2.9999964464785713,0.0,-1.2545577801372507E-5,0.11996025955559353,8.06139055518876,236.83437062526286,97.76496451443238,2.331816555276643,2.860489066732375,-0.4127037971387519,-0.03409913672417504,8.76279354095459,0.0,2.5908637326210737E-4,886777.75,214,ACT-CLJ1208.3+0254,1.447710062193E-4,1.1137111879237818,-0.2277836190119628,0.0,2999.675539638892,-0.0750610981094841,1.025193395017257,20.0,215,198.366305,-129.942944,182.088562,2.913682461,182.046263,2.878305,0.1,0.07,1,12081110+0252418,13.16,0.08,0.081,165.4,12.314,0.089,0.089,189.8,11.804,0.059,0.059,144.5,EAA,222,111,000,666655,1,0,0.846,0.51,1.356,10,14,2.181592630584814
ACT-CLJ1208.3+0254,237.0,98.0,5.0,6.0,182.04684273495812,2.8781261472391155,9.560051069316923E-4,0.0021984933981493387,236.99999923366062,97.99999902290995,2.9999951868044046,2.9999964464785713,0.0,-1.2545577801372507E-5,0.11996025955559353,8.06139055518876,236.83437062526286,97.76496451443238,2.331816555276643,2.860489066732375,-0.4127037971387519,-0.03409913672417504,8.76279354095459,0.0,2.5908637326210737E-4,886777.75,214,ACT-CLJ1208.3+0254,1.447710062193E-4,1.1137111879237818,-0.2277836190119628,0.0,2999.675539638892,-0.0750610981094841,1.025193395017257,20.0,215,198.366305,-129.942944,182.088562,2.913682461,182.046263,2.878305,0.1,0.07,1,12081110+0252418,13.16,0.08,0.081,165.4,12.314,0.089,0.089,189.8,11.804,0.059,0.059,144.5,EAA,222,111,000,666655,1,0,0.846,0.51,1.356,10,14,2.181592630584814
ACT-CLJ1208.3+0254,237.0,98.0,5.0,7.0,182.04684273495812,2.8781261472391155,9.560051069316923E-4,0.0021984933981493387,236.99999923366062,97.99999902290995,2.9999951868044046,2.9999964464785713,0.0,-1.2545577801372507E-5,0.11996025955559353,8.06139055518876,236.83437062526286,97.76496451443238,2.331816555276643,2.860489066732375,-0.4127037971387519,-0.03409913672417504,8.76279354095459,0.0,2.5908637326210737E-4,886777.75,214,ACT-CLJ1208.3+0254,1.447710062193E-4,1.1137111879237818,-0.2277836190119628,0.0,2999.675539638892,-0.0750610981094841,1.025193395017257,20.0,215,198.366305,-129.942944,182.088562,2.913682461,182.046263,2.878305,0.1,0.07,1,12081110+0252418,13.16,0.08,0.081,165.4,12.314,0.089,0.089,189.8,11.804,0.059,0.059,144.5,EAA,222,111,000,666655,1,0,0.846,0.51,1.356,10,14,2.181592630584814
ACT-CLJ1210.2+0223,165.0,172.0,2.0,4.0,182.5746868561539,2.395007296828797,1.0123207071540705E-4,6.599063875547201E-4,164.99999998566108,171.99999995795147,2.999999941261114,2.999999991360963,0.0,2.8188396755883284E-6,0.33322734001203036,5.057181825293328,165.54642736505804,171.61216786965147,2.3933279373237593,3.756784493601473,-0.7846982847807392,0.013945350594075675,6.107690811157227,0.0,1.1107570753665641E-4,4565709.0,215,ACT-CLJ1210.2+0223,1.326756496079E-4,1.07263076583413,-0.1322414185583053,0.0,3019.695240590176,0.0120449472770131,1.0386513945538385,20.0,216,22.946374,-23.815273,182.576355,2.389451742,182.573779,2.395283,0.19,0.17,8,12101770+0223430,16.602,0.17,0.171,6.5,15.763,0.175,0.175,7.4,14.801,0.147,0.147,8.5,CCB,222,111,000,060606,0,0,0.839,0.962,1.801,11,12,3.4129358993955163
ACT-CLJ1210.2+0223,165.0,172.0,2.0,5.0,182.5746868561539,2.395007296828797,1.0123207071540705E-4,6.599063875547201E-4,164.99999998566108,171.99999995795147,2.999999941261114,2.999999991360963,0.0,2.8188396755883284E-6,0.33322734001203036,5.057181825293328,165.54642736505804,171.61216786965147,2.3933279373237593,3.756784493601473,-0.7846982847807392,0.013945350594075675,6.107690811157227,0.0,1.1107570753665641E-4,4565709.0,215,ACT-CLJ1210.2+0223,1.326756496079E-4,1.07263076583413,-0.1322414185583053,0.0,3019.695240590176,0.0120449472770131,1.0386513945538385,20.0,216,22.946374,-23.815273,182.576355,2.389451742,182.573779,2.395283,0.19,0.17,8,12101770+0223430,16.602,0.17,0.171,6.5,15.763,0.175,0.175,7.4,14.801,0.147,0.147,8.5,CCB,222,111,000,060606,0,0,0.839,0.962,1.801,11,12,3.4129358993955163
ACT-CLJ1210.2+0223,165.0,172.0,2.0,6.0,182.5746868561539,2.395007296828797,1.0123207071540705E-4,6.599063875547201E-4,164.99999998566108,171.99999995795147,2.999999941261114,2.999999991360963,0.0,2.8188396755883284E-6,0.33322734001203036,5.057181825293328,165.54642736505804,171.61216786965147,2.3933279373237593,3.756784493601473,-0.7846982847807392,0.013945350594075675,6.107690811157227,0.0,1.1107570753665641E-4,4565709.0,215,ACT-CLJ1210.2+0223,1.326756496079E-4,1.07263076583413,-0.1322414185583053,0.0,3019.695240590176,0.0120449472770131,1.0386513945538385,20.0,216,22.946374,-23.815273,182.576355,2.389451742,182.573779,2.395283,0.19,0.17,8,12101770+0223430,16.602,0.17,0.171,6.5,15.763,0.175,0.175,7.4,14.801,0.147,0.147,8.5,CCB,222,111,000,060606,0,0,0.839,0.962,1.801,11,12,3.4129358993955163
ACT-CLJ1210.2+0223,165.0,172.0,2.0,7.0,182.5746868561539,2.395007296828797,1.0123207071540705E-4,6.599063875547201E-4,164.99999998566108,171.99999995795147,2.999999941261114,2.999999991360963,0.0,2.8188396755883284E-6,0.33322734001203036,5.057181825293328,165.54642736505804,171.61216786965147,2.3933279373237593,3.756784493601473,-0.7846982847807392,0.013945350594075675,6.107690811157227,0.0,1.1107570753665641E-4,4565709.0,215,ACT-CLJ1210.2+0223,1.326756496079E-4,1.07263076583413,-0.1322414185583053,0.0,3019.695240590176,0.0120449472770131,1.0386513945538385,20.0,216,22.946374,-23.815273,182.576355,2.389451742,182.573779,2.395283,0.19,0.17,8,12101770+0223430,16.602,0.17,0.171,6.5,15.763,0.175,0.175,7.4,14.801,0.147,0.147,8.5,CCB,222,111,000,060606,0,0,0.839,0.962,1.801,11,12,3.4129358993955163
ACT-CLJ1210.2+0223,165.0,172.0,3.0,4.0,182.5746868561539,2.395007296828797,1.0123207071540705E-4,6.599063875547201E-4,164.99999998566108,171.99999995795147,2.999999941261114,2.999999991360963,0.0,2.8188396755883284E-6,0.33322734001203036,5.057181825293328,165.54642736505804,171.61216786965147,2.3933279373237593,3.756784493601473,-0.7846982847807392,0.013945350594075675,6.107690811157227,0.0,1.1107570753665641E-4,4565709.0,215,ACT-CLJ1210.2+0223,1.326756496079E-4,1.07263076583413,-0.1322414185583053,0.0,3019.695240590176,0.0120449472770131,1.0386513945538385,20.0,216,22.946374,-23.815273,182.576355,2.389451742,182.573779,2.395283,0.19,0.17,8,12101770+0223430,16.602,0.17,0.171,6.5,15.763,0.175,0.175,7.4,14.801,0.147,0.147,8.5,CCB,222,111,000,060606,0,0,0.839,0.962,1.801,11,12,3.4129358993955163
ACT-CLJ1210.2+0223,165.0,172.0,3.0,5.0,182.5746868561539,2.395007296828797,1.0123207071540705E-4,6.599063875547201E-4,164.99999998566108,171.99999995795147,2.999999941261114,2.999999991360963,0.0,2.8188396755883284E-6,0.33322734001203036,5.057181825293328,165.54642736505804,171.61216786965147,2.3933279373237593,3.756784493601473,-0.7846982847807392,0.013945350594075675,6.107690811157227,0.0,1.1107570753665641E-4,4565709.0,215,ACT-CLJ1210.2+0223,1.326756496079E-4,1.07263076583413,-0.1322414185583053,0.0,3019.695240590176,0.0120449472770131,1.0386513945538385,20.0,216,22.946374,-23.815273,182.576355,2.389451742,182.573779,2.395283,0.19,0.17,8,12101770+0223430,16.602,0.17,0.171,6.5,15.763,0.175,0.175,7.4,14.801,0.147,0.147,8.5,CCB,222,111,000,060606,0,0,0.839,0.962,1.801,11,12,3.4129358993955163
ACT-CLJ1210.2+0223,165.0,172.0,3.0,6.0,182.5746868561539,2.395007296828797,1.0123207071540705E-4,6.599063875547201E-4,164.99999998566108,171.99999995795147,2.999999941261114,2.999999991360963,0.0,2.8188396755883284E-6,0.33322734001203036,5.057181825293328,165.54642736505804,171.61216786965147,2.3933279373237593,3.756784493601473,-0.7846982847807392,0.013945350594075675,6.107690811157227,0.0,1.1107570753665641E-4,4565709.0,215,ACT-CLJ1210.2+0223,1.326756496079E-4,1.07263076583413,-0.1322414185583053,0.0,3019.695240590176,0.0120449472770131,1.0386513945538385,20.0,216,22.946374,-23.815273,182.576355,2.389451742,182.573779,2.395283,0.19,0.17,8,12101770+0223430,16.602,0.17,0.171,6.5,15.763,0.175,0.175,7.4,14.801,0.147,0.147,8.5,CCB,222,111,000,060606,0,0,0.839,0.962,1.801,11,12,3.4129358993955163
ACT-CLJ1210.2+0223,165.0,172.0,3.0,7.0,182.5746868561539,2.395007296828797,1.0123207071540705E-4,6.599063875547201E-4,164.99999998566108,171.99999995795147,2.999999941261114,2.999999991360963,0.0,2.8188396755883284E-6,0.33322734001203036,5.057181825293328,165.54642736505804,171.61216786965147,2.3933279373237593,3.756784493601473,-0.7846982847807392,0.013945350594075675,6.107690811157227,0.0,1.1107570753665641E-4,4565709.0,215,ACT-CLJ1210.2+0223,1.326756496079E-4,1.07263076583413,-0.1322414185583053,0.0,3019.695240590176,0.0120449472770131,1.0386513945538385,20.0,216,22.946374,-23.815273,182.576355,2.389451742,182.573779,2.395283,0.19,0.17,8,12101770+0223430,16.602,0.17,0.171,6.5,15.763,0.175,0.175,7.4,14.801,0.147,0.147,8.5,CCB,222,111,000,060606,0,0,0.839,0.962,1.801,11,12,3.4129358993955163
ACT-CLJ1210.2+0223,165.0,172.0,4.0,5.0,182.5746868561539,2.395007296828797,1.0123207071540705E-4,6.599063875547201E-4,164.99999998566108,171.99999995795147,2.999999941261114,2.999999991360963,0.0,2.8188396755883284E-6,0.33322734001203036,5.057181825293328,165.54642736505804,171.61216786965147,2.3933279373237593,3.756784493601473,-0.7846982847807392,0.013945350594075675,6.107690811157227,0.0,1.1107570753665641E-4,4565709.0,215,ACT-CLJ1210.2+0223,1.326756496079E-4,1.07263076583413,-0.1322414185583053,0.0,3019.695240590176,0.0120449472770131,1.0386513945538385,20.0,216,22.946374,-23.815273,182.576355,2.389451742,182.573779,2.395283,0.19,0.17,8,12101770+0223430,16.602,0.17,0.171,6.5,15.763,0.175,0.175,7.4,14.801,0.147,0.147,8.5,CCB,222,111,000,060606,0,0,0.839,0.962,1.801,11,12,3.4129358993955163
ACT-CLJ1210.2+0223,165.0,172.0,4.0,6.0,182.5746868561539,2.395007296828797,1.0123207071540705E-4,6.599063875547201E-4,164.99999998566108,171.99999995795147,2.999999941261114,2.999999991360963,0.0,2.8188396755883284E-6,0.33322734001203036,5.057181825293328,165.54642736505804,171.61216786965147,2.3933279373237593,3.756784493601473,-0.7846982847807392,0.013945350594075675,6.107690811157227,0.0,1.1107570753665641E-4,4565709.0,215,ACT-CLJ1210.2+0223,1.326756496079E-4,1.07263076583413,-0.1322414185583053,0.0,3019.695240590176,0.0120449472770131,1.0386513945538385,20.0,216,22.946374,-23.815273,182.576355,2.389451742,182.573779,2.395283,0.19,0.17,8,12101770+0223430,16.602,0.17,0.171,6.5,15.763,0.175,0.175,7.4,14.801,0.147,0.147,8.5,CCB,222,111,000,060606,0,0,0.839,0.962,1.801,11,12,3.4129358993955163
ACT-CLJ1210.2+0223,165.0,172.0,5.0,6.0,182.5746868561539,2.395007296828797,1.0123207071540705E-4,6.599063875547201E-4,164.99999998566108,171.99999995795147,2.999999941261114,2.999999991360963,0.0,2.8188396755883284E-6,0.33322734001203036,5.057181825293328,165.54642736505804,171.61216786965147,2.3933279373237593,3.756784493601473,-0.7846982847807392,0.013945350594075675,6.107690811157227,0.0,1.1107570753665641E-4,4565709.0,215,ACT-CLJ1210.2+0223,1.326756496079E-4,1.07263076583413,-0.1322414185583053,0.0,3019.695240590176,0.0120449472770131,1.0386513945538385,20.0,216,22.946374,-23.815273,182.576355,2.389451742,182.573779,2.395283,0.19,0.17,8,12101770+0223430,16.602,0.17,0.171,6.5,15.763,0.175,0.175,7.4,14.801,0.147,0.147,8.5,CCB,222,111,000,060606,0,0,0.839,0.962,1.801,11,12,3.4129358993955163
ACT-CLJ1210.2+0223,165.0,172.0,5.0,7.0,182.5746868561539,2.395007296828797,1.0123207071540705E-4,6.599063875547201E-4,164.99999998566108,171.99999995795147,2.999999941261114,2.999999991360963,0.0,2.8188396755883284E-6,0.33322734001203036,5.057181825293328,165.54642736505804,171.61216786965147,2.3933279373237593,3.756784493601473,-0.7846982847807392,0.013945350594075675,6.107690811157227,0.0,1.1107570753665641E-4,4565709.0,215,ACT-CLJ1210.2+0223,1.326756496079E-4,1.07263076583413,-0.1322414185583053,0.0,3019.695240590176,0.0120449472770131,1.0386513945538385,20.0,216,22.946374,-23.815273,182.576355,2.389451742,182.573779,2.395283,0.19,0.17,8,12101770+0223430,16.602,0.17,0.171,6.5,15.763,0.175,0.175,7.4,14.801,0.147,0.147,8.5,CCB,222,111,000,060606,0,0,0.839,0.962,1.801,11,12,3.4129358993955163
ACT-CLJ1220.4-0240,207.0,144.0,2.0,3.0,185.07664188678584,-2.6825942918597945,4.699442600191987E-4,0.007238144144471753,206.99999513468973,143.99999516576722,2.9999918768977203,2.9999957248576226,0.0,-5.64451318451252E-6,0.40669944164090266,45.269789152868114,206.70020503048104,143.6399717267445,2.6556727933600928,3.1624055865130503,-0.0640126557546545,-0.02423126887638874,40.04869842529297,0.0,1.377282023895532E-4,2701437.5,218,ACT-CLJ1220.4-0240,3.337029433288E-4,2.465070042446569,0.0732267402491869,0.0,2913.9681088158814,-0.0290650876598568,1.07639619107563,20.0,219,97.908479,-113.304899,185.1016693,-2.672594547,185.076664,-2.683354,0.23,0.2,80,12201839-0241000,17.131,0.191,0.192,5.8,16.091,0.139,0.139,7.5,15.441,0.193,0.193,5.6,CBC,222,111,000,060606,0,0,1.04,0.65,1.69,12,15,2.7361051110654158
ACT-CLJ1220.4-0240,207.0,144.0,2.0,4.0,185.07664188678584,-2.6825942918597945,4.699442600191987E-4,0.007238144144471753,206.99999513468973,143.99999516576722,2.9999918768977203,2.9999957248576226,0.0,-5.64451318451252E-6,0.40669944164090266,45.269789152868114,206.70020503048104,143.6399717267445,2.6556727933600928,3.1624055865130503,-0.0640126557546545,-0.02423126887638874,40.04869842529297,0.0,1.377282023895532E-4,2701437.5,218,ACT-CLJ1220.4-0240,3.337029433288E-4,2.465070042446569,0.0732267402491869,0.0,2913.9681088158814,-0.0290650876598568,1.07639619107563,20.0,219,97.908479,-113.304899,185.1016693,-2.672594547,185.076664,-2.683354,0.23,0.2,80,12201839-0241000,17.131,0.191,0.192,5.8,16.091,0.139,0.139,7.5,15.441,0.193,0.193,5.6,CBC,222,111,000,060606,0,0,1.04,0.65,1.69,12,15,2.7361051110654158
ACT-CLJ1220.4-0240,207.0,144.0,2.0,5.0,185.07664188678584,-2.6825942918597945,4.699442600191987E-4,0.007238144144471753,206.99999513468973,143.99999516576722,2.9999918768977203,2.9999957248576226,0.0,-5.64451318451252E-6,0.40669944164090266,45.269789152868114,206.70020503048104,143.6399717267445,2.6556727933600928,3.1624055865130503,-0.0640126557546545,-0.02423126887638874,40.04869842529297,0.0,1.377282023895532E-4,2701437.5,218,ACT-CLJ1220.4-0240,3.337029433288E-4,2.465070042446569,0.0732267402491869,0.0,2913.9681088158814,-0.0290650876598568,1.07639619107563,20.0,219,97.908479,-113.304899,185.1016693,-2.672594547,185.076664,-2.683354,0.23,0.2,80,12201839-0241000,17.131,0.191,0.192,5.8,16.091,0.139,0.139,7.5,15.441,0.193,0.193,5.6,CBC,222,111,000,060606,0,0,1.04,0.65,1.69,12,15,2.7361051110654158
ACT-CLJ1220.4-0240,207.0,144.0,2.0,6.0,185.07664188678584,-2.6825942918597945,4.699442600191987E-4,0.007238144144471753,206.99999513468973,143.99999516576722,2.9999918768977203,2.9999957248576226,0.0,-5.64451318451252E-6,0.40669944164090266,45.269789152868114,206.70020503048104,143.6399717267445,2.6556727933600928,3.1624055865130503,-0.0640126557546545,-0.02423126887638874,40.04869842529297,0.0,1.377282023895532E-4,2701437.5,218,ACT-CLJ1220.4-0240,3.337029433288E-4,2.465070042446569,0.0732267402491869,0.0,2913.9681088158814,-0.0290650876598568,1.07639619107563,20.0,219,97.908479,-113.304899,185.1016693,-2.672594547,185.076664,-2.683354,0.23,0.2,80,12201839-0241000,17.131,0.191,0.192,5.8,16.091,0.139,0.139,7.5,15.441,0.193,0.193,5.6,CBC,222,111,000,060606,0,0,1.04,0.65,1.69,12,15,2.7361051110654158
ACT-CLJ1220.4-0240,207.0,144.0,2.0,7.0,185.07664188678584,-2.6825942918597945,4.699442600191987E-4,0.007238144144471753,206.99999513468973,143.99999516576722,2.9999918768977203,2.9999957248576226,0.0,-5.64451318451252E-6,0.40669944164090266,45.269789152868114,206.70020503048104,143.6399717267445,2.6556727933600928,3.1624055865130503,-0.0640126557546545,-0.02423126887638874,40.04869842529297,0.0,1.377282023895532E-4,2701437.5,218,ACT-CLJ1220.4-0240,3.337029433288E-4,2.465070042446569,0.0732267402491869,0.0,2913.9681088158814,-0.0290650876598568,1.07639619107563,20.0,219,97.908479,-113.304899,185.1016693,-2.672594547,185.076664,-2.683354,0.23,0.2,80,12201839-0241000,17.131,0.191,0.192,5.8,16.091,0.139,0.139,7.5,15.441,0.193,0.193,5.6,CBC,222,111,000,060606,0,0,1.04,0.65,1.69,12,15,2.7361051110654158
ACT-CLJ1220.4-0240,207.0,144.0,3.0,4.0,185.07664188678584,-2.6825942918597945,4.699442600191987E-4,0.007238144144471753,206.99999513468973,143.99999516576722,2.9999918768977203,2.9999957248576226,0.0,-5.64451318451252E-6,0.40669944164090266,45.269789152868114,206.70020503048104,143.6399717267445,2.6556727933600928,3.1624055865130503,-0.0640126557546545,-0.02423126887638874,40.04869842529297,0.0,1.377282023895532E-4,2701437.5,218,ACT-CLJ1220.4-0240,3.337029433288E-4,2.465070042446569,0.0732267402491869,0.0,2913.9681088158814,-0.0290650876598568,1.07639619107563,20.0,219,97.908479,-113.304899,185.1016693,-2.672594547,185.076664,-2.683354,0.23,0.2,80,12201839-0241000,17.131,0.191,0.192,5.8,16.091,0.139,0.139,7.5,15.441,0.193,0.193,5.6,CBC,222,111,000,060606,0,0,1.04,0.65,1.69,12,15,2.7361051110654158
ACT-CLJ1220.4-0240,207.0,144.0,3.0,5.0,185.07664188678584,-2.6825942918597945,4.699442600191987E-4,0.007238144144471753,206.99999513468973,143.99999516576722,2.9999918768977203,2.9999957248576226,0.0,-5.64451318451252E-6,0.40669944164090266,45.269789152868114,206.70020503048104,143.6399717267445,2.6556727933600928,3.1624055865130503,-0.0640126557546545,-0.02423126887638874,40.04869842529297,0.0,1.377282023895532E-4,2701437.5,218,ACT-CLJ1220.4-0240,3.337029433288E-4,2.465070042446569,0.0732267402491869,0.0,2913.9681088158814,-0.0290650876598568,1.07639619107563,20.0,219,97.908479,-113.304899,185.1016693,-2.672594547,185.076664,-2.683354,0.23,0.2,80,12201839-0241000,17.131,0.191,0.192,5.8,16.091,0.139,0.139,7.5,15.441,0.193,0.193,5.6,CBC,222,111,000,060606,0,0,1.04,0.65,1.69,12,15,2.7361051110654158
ACT-CLJ1220.4-0240,207.0,144.0,3.0,6.0,185.07664188678584,-2.6825942918597945,4.699442600191987E-4,0.007238144144471753,206.99999513468973,143.99999516576722,2.9999918768977203,2.9999957248576226,0.0,-5.64451318451252E-6,0.40669944164090266,45.269789152868114,206.70020503048104,143.6399717267445,2.6556727933600928,3.1624055865130503,-0.0640126557546545,-0.02423126887638874,40.04869842529297,0.0,1.377282023895532E-4,2701437.5,218,ACT-CLJ1220.4-0240,3.337029433288E-4,2.465070042446569,0.0732267402491869,0.0,2913.9681088158814,-0.0290650876598568,1.07639619107563,20.0,219,97.908479,-113.304899,185.1016693,-2.672594547,185.076664,-2.683354,0.23,0.2,80,12201839-0241000,17.131,0.191,0.192,5.8,16.091,0.139,0.139,7.5,15.441,0.193,0.193,5.6,CBC,222,111,000,060606,0,0,1.04,0.65,1.69,12,15,2.7361051110654158
ACT-CLJ1220.4-0240,207.0,144.0,3.0,7.0,185.07664188678584,-2.6825942918597945,4.699442600191987E-4,0.007238144144471753,206.99999513468973,143.99999516576722,2.9999918768977203,2.9999957248576226,0.0,-5.64451318451252E-6,0.40669944164090266,45.269789152868114,206.70020503048104,143.6399717267445,2.6556727933600928,3.1624055865130503,-0.0640126557546545,-0.02423126887638874,40.04869842529297,0.0,1.377282023895532E-4,2701437.5,218,ACT-CLJ1220.4-0240,3.337029433288E-4,2.465070042446569,0.0732267402491869,0.0,2913.9681088158814,-0.0290650876598568,1.07639619107563,20.0,219,97.908479,-113.304899,185.1016693,-2.672594547,185.076664,-2.683354,0.23,0.2,80,12201839-0241000,17.131,0.191,0.192,5.8,16.091,0.139,0.139,7.5,15.441,0.193,0.193,5.6,CBC,222,111,000,060606,0,0,1.04,0.65,1.69,12,15,2.7361051110654158
ACT-CLJ1220.4-0240,207.0,144.0,4.0,5.0,185.07664188678584,-2.6825942918597945,4.699442600191987E-4,0.007238144144471753,206.99999513468973,143.99999516576722,2.9999918768977203,2.9999957248576226,0.0,-5.64451318451252E-6,0.40669944164090266,45.269789152868114,206.70020503048104,143.6399717267445,2.6556727933600928,3.1624055865130503,-0.0640126557546545,-0.02423126887638874,40.04869842529297,0.0,1.377282023895532E-4,2701437.5,218,ACT-CLJ1220.4-0240,3.337029433288E-4,2.465070042446569,0.0732267402491869,0.0,2913.9681088158814,-0.0290650876598568,1.07639619107563,20.0,219,97.908479,-113.304899,185.1016693,-2.672594547,185.076664,-2.683354,0.23,0.2,80,12201839-0241000,17.131,0.191,0.192,5.8,16.091,0.139,0.139,7.5,15.441,0.193,0.193,5.6,CBC,222,111,000,060606,0,0,1.04,0.65,1.69,12,15,2.7361051110654158
ACT-CLJ1220.4-0240,207.0,144.0,4.0,6.0,185.07664188678584,-2.6825942918597945,4.699442600191987E-4,0.007238144144471753,206.99999513468973,143.99999516576722,2.9999918768977203,2.9999957248576226,0.0,-5.64451318451252E-6,0.40669944164090266,45.269789152868114,206.70020503048104,143.6399717267445,2.6556727933600928,3.1624055865130503,-0.0640126557546545,-0.02423126887638874,40.04869842529297,0.0,1.377282023895532E-4,2701437.5,218,ACT-CLJ1220.4-0240,3.337029433288E-4,2.465070042446569,0.0732267402491869,0.0,2913.9681088158814,-0.0290650876598568,1.07639619107563,20.0,219,97.908479,-113.304899,185.1016693,-2.672594547,185.076664,-2.683354,0.23,0.2,80,12201839-0241000,17.131,0.191,0.192,5.8,16.091,0.139,0.139,7.5,15.441,0.193,0.193,5.6,CBC,222,111,000,060606,0,0,1.04,0.65,1.69,12,15,2.7361051110654158
ACT-CLJ1220.4-0240,207.0,144.0,4.0,7.0,185.07664188678584,-2.6825942918597945,4.699442600191987E-4,0.007238144144471753,206.99999513468973,143.99999516576722,2.9999918768977203,2.9999957248576226,0.0,-5.64451318451252E-6,0.40669944164090266,45.269789152868114,206.70020503048104,143.6399717267445,2.6556727933600928,3.1624055865130503,-0.0640126557546545,-0.02423126887638874,40.04869842529297,0.0,1.377282023895532E-4,2701437.5,218,ACT-CLJ1220.4-0240,3.337029433288E-4,2.465070042446569,0.0732267402491869,0.0,2913.9681088158814,-0.0290650876598568,1.07639619107563,20.0,219,97.908479,-113.304899,185.1016693,-2.672594547,185.076664,-2.683354,0.23,0.2,80,12201839-0241000,17.131,0.191,0.192,5.8,16.091,0.139,0.139,7.5,15.441,0.193,0.193,5.6,CBC,222,111,000,060606,0,0,1.04,0.65,1.69,12,15,2.7361051110654158
ACT-CLJ1220.4-0240,207.0,144.0,5.0,6.0,185.07664188678584,-2.6825942918597945,4.699442600191987E-4,0.007238144144471753,206.99999513468973,143.99999516576722,2.9999918768977203,2.9999957248576226,0.0,-5.64451318451252E-6,0.40669944164090266,45.269789152868114,206.70020503048104,143.6399717267445,2.6556727933600928,3.1624055865130503,-0.0640126557546545,-0.02423126887638874,40.04869842529297,0.0,1.377282023895532E-4,2701437.5,218,ACT-CLJ1220.4-0240,3.337029433288E-4,2.465070042446569,0.0732267402491869,0.0,2913.9681088158814,-0.0290650876598568,1.07639619107563,20.0,219,97.908479,-113.304899,185.1016693,-2.672594547,185.076664,-2.683354,0.23,0.2,80,12201839-0241000,17.131,0.191,0.192,5.8,16.091,0.139,0.139,7.5,15.441,0.193,0.193,5.6,CBC,222,111,000,060606,0,0,1.04,0.65,1.69,12,15,2.7361051110654158
ACT-CLJ1220.4-0240,207.0,144.0,5.0,7.0,185.07664188678584,-2.6825942918597945,4.699442600191987E-4,0.007238144144471753,206.99999513468973,143.99999516576722,2.9999918768977203,2.9999957248576226,0.0,-5.64451318451252E-6,0.40669944164090266,45.269789152868114,206.70020503048104,143.6399717267445,2.6556727933600928,3.1624055865130503,-0.0640126557546545,-0.02423126887638874,40.04869842529297,0.0,1.377282023895532E-4,2701437.5,218,ACT-CLJ1220.4-0240,3.337029433288E-4,2.465070042446569,0.0732267402491869,0.0,2913.9681088158814,-0.0290650876598568,1.07639619107563,20.0,219,97.908479,-113.304899,185.1016693,-2.672594547,185.076664,-2.683354,0.23,0.2,80,12201839-0241000,17.131,0.191,0.192,5.8,16.091,0.139,0.139,7.5,15.441,0.193,0.193,5.6,CBC,222,111,000,060606,0,0,1.04,0.65,1.69,12,15,2.7361051110654158
ACT-CLJ1220.4-0240,207.0,144.0,6.0,7.0,185.07664188678584,-2.6825942918597945,4.699442600191987E-4,0.007238144144471753,206.99999513468973,143.99999516576722,2.9999918768977203,2.9999957248576226,0.0,-5.64451318451252E-6,0.40669944164090266,45.269789152868114,206.70020503048104,143.6399717267445,2.6556727933600928,3.1624055865130503,-0.0640126557546545,-0.02423126887638874,40.04869842529297,0.0,1.377282023895532E-4,2701437.5,218,ACT-CLJ1220.4-0240,3.337029433288E-4,2.465070042446569,0.0732267402491869,0.0,2913.9681088158814,-0.0290650876598568,1.07639619107563,20.0,219,97.908479,-113.304899,185.1016693,-2.672594547,185.076664,-2.683354,0.23,0.2,80,12201839-0241000,17.131,0.191,0.192,5.8,16.091,0.139,0.139,7.5,15.441,0.193,0.193,5.6,CBC,222,111,000,060606,0,0,1.04,0.65,1.69,12,15,2.7361051110654158
