cluster,x,y,theta_1,theta_2,ra_deg,dec_deg,dist_center_radians,amp_fit,x_center_fit,y_center_fit,sigma_x_fit,sigma_y_fit,theta,offset,amp_snr,x_snr,y_snr,sigma_x_snr,sigma_y_snr,theta_snr,offset_snr,snr,masked,noise_ps,hits_ps,Unnamed: 0,Source,rms_map,rms_snr,avg_snr,ntail,amp_fit_snr,mean_fit_snr,std_fit_snr,red_type,RA,DEC,SIDEPROB,FPEAK,FINT,RMS,MAJOR,MINOR,POSANG,FITTED_MAJOR,FITTED_MINOR,FITTED_POSANG,FLDNAME,NSDSS,SDSS_SEP,SDSS_MAG,SDSS_CLASS,NTMASS,TMASS_SEP,TMASS_MAG,YEAR,MJD,MJDRMS,MJDSTART,MJDSTOP,Separation
ACT-CLJ0200.3+0019,258.0,170.0,2.0,4.0,30.03709320490783,0.3281502438148852,9.340685180321654E-4,0.0017951223048511729,257.99999971808677,169.99999996461386,2.9999992992161078,2.9999996763827275,0.0,-1.2631529604229116E-6,4.8903050234393115,257.7966071494066,170.39833919416975,2.4667391985053873,3.10368559057216,-0.40921255286188174,-0.0036153667379541054,5.316007137298584,0.0,-7.384219788946211E-4,3.161290951538831E-4,,,,,,,,,,,30.037320988451004,0.32703055135769477,0.014053002,3.83,3.3806705,0.099766344,0.0,0.0,57.9,6.03,5.06,9.4,02015+00130Z,2,0.12639834,20.083445,s,0,99.0,99.0,1999.1991,2451252.1877173153,1235.6940767414335,2450015.810115741,2452490.002430556,4.1134546542533466
ACT-CLJ0201.6-0211,129.0,168.0,2.0,4.0,30.443906845127803,-2.199287775487005,3.2522290062370887E-4,8.949901386591511E-4,128.99999987645344,167.99999997945403,2.9999999690034405,2.999999966217852,0.0,-9.089183685952178E-6,5.768315706846347,128.06140471690506,168.5158202132139,3.113434583204358,2.3749226205412173,0.6911816955097807,-0.003056140437684087,5.7801971435546875,0.0,1.5454459935426712E-4,1.442150678485632E-4,0.0,ACT-CLJ0201.6-0211,3.809692416819E-4,1.0293998037451004,0.0122642541483572,0.0019051973784484,2916.4962454383517,-0.0055931778743871,1.0686751002912145,20.0,30.44395288559313,-2.199508316059458,0.014053002,28.25,58.386692,0.15038915,7.57,4.3,72.4,9.38,7.62,65.9,02015-01570E,1,6.1096854,16.626408,g,1,6.147485,14.378,1995.9711,2450072.939852224,6.994525000061182,2450062.6842013896,2450078.6424652785,0.8110373084166548
ACT-CLJ0201.6-0211,155.0,172.0,2.0,4.0,30.42945174745773,-2.19706566080404,1.1835810554814287E-4,7.906403729232597E-4,154.99999992632203,171.99999992843243,2.999999688810475,2.9999998758223576,0.0,-9.049864036666507E-6,5.600884488727709,154.89965868458614,171.51114307463803,1.9317741337904664,3.4427237301962967,-0.03907796675805591,-0.0027297984447315175,6.650371074676514,0.0,5.186283669900149E-5,1.3357217540033162E-4,0.0,ACT-CLJ0201.6-0211,3.809692416819E-4,1.0293998037451004,0.0122642541483572,0.0019051973784484,2916.4962454383517,-0.0055931778743871,1.0686751002912145,20.0,30.429674375133217,-2.1966695186856713,0.014053002,12.17,12.782585,0.15029715,1.84,0.54,35.7,6.59,5.51,6.5,02015-02230T,3,0.31494173,16.20037,g,2,0.18760903,14.977,1995.9707,2450072.8067271556,7.16795122643869,2450062.6842013896,2450078.6424652785,1.6356002078160368
ACT-CLJ0201.6-0211,127.0,168.0,6.0,7.0,30.445018775197955,-2.1992877614195963,3.4432011850966715E-4,9.598892866416399E-4,127.00000010081958,168.00000003548345,2.999999352886698,2.9999993089087247,0.0,-9.136673355845317E-6,5.763200171344089,128.05654654653293,168.5129560527557,3.123142599884148,2.3679648772274033,0.6861569659648841,-0.0030508025531042213,5.909770488739014,0.0,7.492180884582922E-5,1.455936871934682E-4,0.0,ACT-CLJ0201.6-0211,3.809692416819E-4,1.0293998037451004,0.0122642541483572,0.0019051973784484,2916.4962454383517,-0.0055931778743871,1.0686751002912145,20.0,30.449109678416487,-2.1979943619412423,0.014053002,14.79,42.793346,0.15066756,10.93,5.16,77.9,12.21,8.19,76.2,02015-01570E,1,7.6100736,19.937408,g,0,99.0,99.0,1995.9708,2450072.8292353577,6.971446395509158,2450062.6842013896,2450078.6424652785,15.435454970125436
ACT-CLJ0204.5+0321,197.0,98.0,5.0,6.0,31.12194504053976,3.3251446253311063,7.07296371386174E-4,0.004128650655790963,196.9999971642074,97.99999893319976,2.99999680361332,2.9999963851445566,0.0,1.117478306407412E-5,16.762711164059958,196.20792875249018,98.10914054538445,2.713235323390577,2.8525569512207984,-0.35695608853664773,0.026322624810666405,17.8514404296875,0.0,-7.93379032984376E-4,2.27568787522614E-4,6.0,ACT-CLJ0204.5+0321,3.832991980692E-4,1.0547440651872817,0.0278102703080464,0.0019059781003116,2870.7950319973343,0.0537853979112755,1.087884164913207,20.0,31.121548632393413,3.3261416163507143,0.014053002,3.35,2.6367743,0.108365394,0.0,0.0,132.2,5.91,4.6,161.3,02045+03151T,1,0.39154938,16.714563,g,1,0.39634115,14.344,2009.1807,2454898.4554805704,5.302346639081592E-4,2454898.4553587968,2454898.4598263893,3.8615797278731234
ACT-CLJ0207.2+0536,166.0,165.0,2.0,4.0,31.804888365975508,5.608371374384749,4.848136924721859E-5,8.352177373403672E-4,165.99999999761343,165.00000000445644,3.000000032625075,3.0000000042017976,0.0,6.545041848739942E-6,3.8886218014256952,165.60040505251675,164.94239071299302,6.610526777173574,2.9612378741185243,-0.9702748419103674,0.026805933887047512,6.527209281921387,0.0,-5.52571436855942E-5,1.2322749535087496E-4,14.0,ACT-CLJ0207.2+0536,3.729012736959E-4,1.0009932567405793,0.0693674309728648,0.0,2953.3516904832222,0.0784610378993854,1.0552710779505996,20.0,31.80264485114333,5.609247178982898,0.014053002,82.3,104.507454,0.13529593,4.12,1.81,146.8,7.47,5.87,162.0,02075+05256T,3,0.49430647,16.629662,g,1,7.4630365,15.175,2009.24,2454920.0804509567,1.4646517175850235,2454918.4326736117,2454921.3854166674,8.634232297274508
ACT-CLJ0211.1-0453,237.0,175.0,2.0,4.0,32.762136070610794,-4.892156211100765,7.380640288815305E-4,0.0011767577788727333,237.0000000310151,174.9999998870143,3.0000000835136293,2.9999998530694905,0.0,4.146442012992491E-6,4.520004072274213,239.8141232179278,175.97881221263754,4.873630092605974,2.8603252166040822,-0.6433119309622436,-0.002584581780798376,5.763979434967041,0.0,-5.591385706793517E-5,1.9679403339978307E-4,22.0,ACT-CLJ0211.1-0453,3.148741947212E-4,0.964358352053424,0.0102458596488823,0.0085733882030178,3058.8944742154363,0.0016282663420336,1.018558218288384,20.0,32.76190735403119,-4.893836089842837,0.014053002,2.42,1.7620276,0.15638201,0.0,0.0,62.6,5.78,4.34,41.9,02105-04595T,2,0.7540587,15.77146,g,1,0.749829,14.454,1997.391,2450592.2015778865,0.011202629580572231,2450592.19425926,2450592.2309027785,6.1029538551275575
ACT-CLJ0212.5-0037,261.0,162.0,2.0,4.0,33.09254155486352,-0.6296690781455123,9.599308169926349E-4,0.0015760039255238545,261.00000030175073,161.99999995158748,2.9999982243144214,2.9999966342250106,0.0,6.489424776935459E-6,5.741476287125445,261.7412497092281,162.49340816610882,2.55105845007216,1.6035993248721738,0.25240454698770176,-0.004148907380014133,4.775333881378174,0.0,0.0014240778982639313,3.2285088673233986E-4,25.0,ACT-CLJ0212.5-0037,3.314828358398E-4,1.0052232937145296,-0.0177699683884262,0.0066681908245694,2764.577437563952,-0.0086756288457232,1.1262618760002336,20.0,33.09209577398253,-0.6307027628884451,0.014053002,1.06,1.2432098,0.13199282,4.97,0.0,127.8,7.7,5.25,138.3,02135-00390Z,1,5.497745,19.696016,g,0,99.0,99.0,2002.5709,2452483.874554865,2149.6967538999015,2450031.774247686,2454927.418171297,4.052520339899935
ACT-CLJ0215.4+0030,258.0,174.0,2.0,4.0,33.817125042245664,0.5143619400351535,9.380860332231013E-4,0.0014985791742415273,257.99999987177847,173.9999997124174,2.9999970672885006,2.9999961836278737,0.0,5.2967294568389876E-6,3.778227002676626,259.88772426113434,174.65163484868296,5.528604263714736,2.0560299646424043,-0.36763286748988805,0.0029357283471894194,5.623885631561279,0.0,-9.533291449770331E-5,3.1005701748654246E-4,28.0,ACT-CLJ0215.4+0030,3.089679832579E-4,0.9812960366899935,0.0183635705160957,0.0,3016.5315272947178,0.017053591582983,1.0350100805878688,20.0,33.81790924122852,0.5119916738752434,0.014053002,53.46,67.34493,0.10063976,4.09,1.58,139.3,7.39,5.9,157.3,02165+00390Z,1,6.4379435,21.13709,g,0,99.0,99.0,1999.0303,2451190.53967389,1235.932202061454,2450010.833495371,2452492.0110995374,8.987809618700753
ACT-CLJ0219.8+0022,199.0,85.0,4.0,7.0,34.93952330321697,0.3297546054223195,8.283363179689573E-4,0.0014461888369727948,199.00000000749802,84.99999982867453,3.0000000082872647,3.000000171597526,0.0,-3.980113076872355E-6,1.9495492367365663,192.35164427335502,85.34309783341428,19.004089017657464,5.1579417455088015,0.2662736305896408,-0.016998230511786956,3.4406824111938477,0.0,-1.659108093008399E-4,3.2349544926546514E-4,39.0,ACT-CLJ0219.8+0022,5.136267750933E-4,1.0762671269087762,0.0465039030467764,0.0104785855814662,2787.8549951426967,0.0128107294922405,1.113563664806559,20.0,34.93917017085074,0.3285083268176505,0.014053002,2.76,3.1778488,0.10026416,3.92,0.0,53.5,7.11,5.6,35.5,02195+00130Z,3,0.81557107,19.906,s,0,99.0,99.0,1999.1913,2451249.3042387473,1230.4666426639537,2450013.829907408,2452492.0129513894,4.663228165995118
ACT-CLJ0219.9+0246,100.0,76.0,2.0,6.0,35.01441075376511,2.734361992629555,0.0010279875990118876,0.0024496246255337794,99.99999893271915,75.9999997111258,2.999999447729447,2.9999990853857406,0.0,5.969087584925086E-6,3.286557118325608,98.1393610935056,78.72462427427541,2.9200393853914743,7.82767710271408,-0.6250511303803217,0.009335240712006861,6.000179767608643,0.0,3.6123531754128635E-4,4.316547710914165E-4,41.0,ACT-CLJ0219.9+0246,4.326609816479E-4,0.9688069300398944,0.01153931908416,0.0,3035.793271923992,-0.0150181574085095,1.0114600678293149,20.0,35.01406661019451,2.7345639912971005,0.03963742,8.27,8.280312,0.111510366,1.63,0.0,104.4,6.2,5.58,168.4,02195+02490T,3,0.5455651,17.95214,g,1,0.31478047,15.036,2009.2982,2454941.351602409,12.80437483099487,2454885.5042013894,2454947.3360995376,1.4353516621827418
ACT-CLJ0220.9-0332,220.0,153.0,2.0,3.0,35.205779505939,-3.553950824782513,5.691142227861941E-4,0.002186936056260967,219.99999993376818,153.00000001217796,2.9999997052071223,2.999998864705291,0.0,-7.931512795568249E-7,7.769471570143875,220.66528655919322,153.67534462084993,4.151817042179195,2.60894092243457,-0.2193489773121081,-0.009552240827794326,9.371405601501465,0.0,-2.73592013400048E-4,2.142685989383608E-4,42.0,ACT-CLJ0220.9-0332,4.582834158876E-4,0.9928162276822812,-0.0049393073958535,0.0057163000295342,2968.0351024413308,-0.030389325356677,1.052258448161119,20.0,35.20618617116863,-3.5544611799259007,0.014053002,59.81,100.791306,0.12089143,6.94,1.83,75.0,8.85,6.58,70.2,02195-03412T,1,0.7268326,19.116083,g,0,99.0,99.0,2008.6233,2454694.6325636697,989.3834006049844,2450592.292870371,2454946.3328587967,2.3474744588345207
ACT-CLJ0220.9-0332,175.0,145.0,2.0,6.0,35.23082763912718,-3.5583958036915297,2.0750931930126523E-4,7.560007289821763E-4,174.9999999302347,144.9999999404043,2.9999999422225025,2.999999925190019,0.0,-2.2333825790211906E-8,3.657678760567638,174.61880798276513,145.3481467460301,2.931694494964113,4.296516278746193,-0.3699220372127918,-0.007279408476441621,5.049036502838135,0.0,1.0120123624801636E-4,1.5456350229214877E-4,42.0,ACT-CLJ0220.9-0332,4.582834158876E-4,0.9928162276822812,-0.0049393073958535,0.0057163000295342,2968.0351024413308,-0.030389325356677,1.052258448161119,20.0,35.23117100315254,-3.5584111637002835,0.014053002,17.37,18.303434,0.12037307,1.92,0.0,91.4,6.35,5.73,179.2,02195-03412T,2,0.67627513,20.190788,s,0,99.0,99.0,2008.864,2454782.7214225344,794.4373692574461,2450592.292870371,2454946.3328587967,1.2349659041196597
ACT-CLJ0222.2+0520,259.0,101.0,4.0,5.0,35.516714580599064,5.303280793247004,0.0011110588354275377,0.0034147663536780756,258.9999990308575,101.00000107835389,2.9999768345727533,2.9999664618976336,0.0,1.3814294196681808E-6,3.8959151590941827,260.482818623153,100.89301185960807,8.05707989550932,3.687512977261515,-0.3031595623438659,0.004408981502782967,4.631205081939697,0.0,6.744271377101541E-4,5.492513300850987E-4,46.0,ACT-CLJ0222.2+0520,4.515640014725E-4,0.9545715590452568,-0.0047822495919104,0.0,3039.6488254656388,0.0228512174930762,1.026461982108582,20.0,35.51935034461371,5.302385989481265,0.014053002,13.12,12.875339,0.12801869,1.21,0.0,75.4,6.17,5.49,8.5,02225+05256X,0,99.0,99.0,-,0,99.0,99.0,2009.2565,2454926.111818572,18.134458515330873,2454907.4305902785,2454961.3048495376,9.982188053543977
ACT-CLJ0229.6-0336,113.0,137.0,3.0,4.0,37.43711638909163,-3.6238235246321993,5.33383152212123E-4,0.002235845219760995,113.00000000172228,136.99999996762995,3.0000003775128072,3.000000322245528,0.0,1.8543962249605925E-5,4.751592908847869,114.26611957711349,138.42119234019663,7.18247738490515,5.087402239917237,0.46639553622911767,0.009390602909840567,7.223400592803955,0.0,-1.2750731548294425E-4,2.5368487695232034E-4,55.0,ACT-CLJ0229.6-0336,5.826205048756E-4,1.0210061588510917,0.0338701328931484,0.0152415790275872,2905.983526190038,0.0138177705299789,1.0670816907166936,20.0,37.436884972959774,-3.6257303619335755,0.13890071,1.8,1.7303226,0.10493348,1.46,0.0,90.9,5.95,5.59,178.4,02285-03412T,2,0.76508164,17.91958,s,1,0.80139154,15.247,2009.2495,2454923.5858310675,15.930152881852152,2454912.436493056,2454946.3496527784,6.914781813780192
ACT-CLJ0231.7-0453,219.0,164.0,2.0,6.0,37.9035855570199,-4.883278495379112,5.530276689527082E-4,0.001760705111061355,218.99999999467119,164.00000001187732,2.9999998859192023,2.9999998865822834,0.0,5.9546847148190615E-6,4.774924026988965,219.6480659946923,163.60455125465873,3.4833505760906016,3.8851233029191796,-0.5504156910366804,0.002333577717321092,5.138631343841553,0.0,-8.243693446274847E-5,2.674618153832853E-4,57.0,ACT-CLJ0231.7-0453,5.304322444124E-4,0.9617526469176336,-0.0095353407151283,0.0085736332199708,3042.038509194208,-0.0094540727613788,1.0172589854705978,20.0,37.90565451607609,-4.8869640657641575,0.014053002,21.89,36.264164,0.17213915,5.49,3.85,66.0,7.96,7.2,41.1,02315-04595T,0,99.0,99.0,-,0,99.0,99.0,2009.236,2454918.6192825786,10.555905091942668,2454914.434756945,2454950.338657408,15.202479953823325
ACT-CLJ0231.7-0453,187.0,171.0,3.0,4.0,37.92142817829151,-4.879390210344938,2.5763639517678523E-4,0.0017153326957212536,186.99999986011724,171.00000003609222,2.999999955039862,3.0000000827451845,0.0,5.999266985097768E-6,6.933882164469888,186.8553265252653,171.58183506895355,2.223202628449228,4.232007972345899,0.6266550222085188,0.0022916029106146906,8.654935836791992,0.0,-5.478985840454698E-4,2.0800373749807477E-4,57.0,ACT-CLJ0231.7-0453,5.304322444124E-4,0.9617526469176336,-0.0095353407151283,0.0085736332199708,3042.038509194208,-0.0094540727613788,1.0172589854705978,20.0,37.92095072472233,-4.882188909760672,0.014053002,29.78,58.027134,0.1721851,8.69,2.75,145.3,10.63,6.33,149.6,02315-04595T,3,2.068249,19.57348,g,1,2.6141174,14.333,2009.2383,2454919.480184643,11.529522628822459,2454914.434756945,2454950.338657408,10.219835126054992
ACT-CLJ0233.2+0211,52.0,177.0,6.0,7.0,38.36344833333588,2.207237068512876,0.001076460675794977,0.0026403071050646737,52.00000214005152,177.0000011370614,2.9999902597424826,2.9999860591549194,0.0,1.3976775291258318E-5,3.2630404945544935,50.869697706770346,178.31763441104155,7.25080552498163,2.4933117852974607,0.32007036747762446,0.018726133501095952,2.9342193603515625,0.0,-0.001718910876661539,5.47330710105598E-4,61.0,ACT-CLJ0233.2+0211,5.19601261948E-4,0.9901645846239284,0.035079226101116,0.0028577960676726,2957.700668729266,0.0078784683144879,1.0499158943197668,20.0,38.36501205851613,2.206136160875309,0.014053002,2.73,3.533589,0.10329717,5.07,0.0,134.6,7.87,5.69,146.4,02345+02230T,0,99.0,99.0,-,0,99.0,99.0,2009.2744,2454932.667198902,37.1190895196042,2454879.529780093,2454970.307407408,6.881189562566559
ACT-CLJ0245.7-0028,223.0,119.0,2.0,6.0,41.39832264804121,-0.5016078092626258,7.236563790542971E-4,0.0010607967612617762,222.99999998659382,118.99999989126839,3.000000092493171,3.000000059009833,0.0,9.125374627023163E-8,2.466426458066503,226.56996260134036,120.78268509556153,10.886941327122063,4.759716060007901,-0.37896304606033565,-0.003161000259611911,3.837841272354126,0.0,-6.198689807206392E-4,2.0131751080043614E-4,88.0,ACT-CLJ0245.7-0028,3.097064415408E-4,0.9959809323863452,-0.0049250865101495,0.0,2932.033444371892,-0.0073099129003205,1.0662784371408338,20.0,41.39844250289136,-0.5021472368471394,0.014053002,2.37,3.499104,0.120166205,6.02,1.33,47.9,8.47,6.04,38.2,02465-00390Z,2,5.6025376,19.387022,g,0,99.0,99.0,1999.2263,2451262.1167989313,1229.4551867809269,2450029.8087384263,2452495.0215277784,1.9892930342649235
ACT-CLJ0248.0-0331,173.0,172.0,2.0,3.0,42.013011801460344,-3.5288105550597826,1.4414547275228319E-4,0.0014375158088162474,172.99999972708767,171.9999996386818,2.9999991091204756,2.9999989447700113,0.0,-3.4398423780083397E-6,11.544954177318015,172.96555888590774,171.6389324162074,2.949708955243331,2.255524042255403,0.4413846447785053,-0.00441710140277515,14.154687881469727,0.0,2.8928567189723253E-5,1.1749441182473674E-4,92.0,ACT-CLJ0248.0-0331,3.445120954961E-4,0.9683057449570316,0.0070139275935541,0.0019055967376183,3046.447120326613,-0.0031478979615967,1.014941025848138,20.0,42.01411916977089,-3.5290639752708546,0.014053002,38.67,41.36744,0.120004795,1.76,1.26,120.8,6.56,5.64,176.6,02495-03412T,1,0.5949554,15.494929,g,1,0.4440241,14.116,2009.275,2454932.899636191,2.631544130719497,2454932.38556713,2454946.3726851856,4.0822164978399575
ACT-CLJ0248.3-0337,166.0,255.0,2.0,3.0,42.09002809037704,-3.5725880469160702,9.025869262778792E-4,0.004309970267680367,165.9999998609676,254.99999990491125,2.999996150643907,2.999995730465914,0.0,-3.7847585366089897E-7,14.93622360481461,166.5328839968942,255.47156683281258,2.8540543168900094,2.660565475194585,-0.46574721838658817,-0.008222268174018037,17.711381912231445,0.0,1.1521515261847526E-4,2.4595129070803523E-4,96.0,ACT-CLJ0248.3-0337,3.550118055737E-4,1.056046146173353,-0.0148106973355011,0.017152495211595,2988.841378866294,0.0034770250491019,1.0329748915958987,20.0,42.091218345122,-3.573777808672343,0.014053002,8.78,8.502087,0.12485273,1.64,0.0,85.4,5.94,5.63,11.0,02495-03412T,1,0.18827783,17.09985,g,1,0.1700464,14.901,2009.2692,2454930.7663951376,7.998345887568538,2454913.460682871,2454946.3726851856,6.0526445916275815
ACT-CLJ0839.5-0140,254.0,125.0,4.0,5.0,129.82928325250154,-1.7006059666605922,9.614966130798211E-4,0.0022277692451162607,254.00000005640553,125.00000011702897,3.0000003780668214,3.000000734035871,0.0,4.7545288880302684E-6,3.9653582905688394,254.44287041463187,125.02073249557539,4.655413659013777,5.99386396972874,1.1193168706122487,0.02234949792498151,4.1262054443359375,0.0,-0.0013930301647633314,3.426605835556984E-4,110.0,ACT-CLJ0839.5-0140,3.476235608672E-4,1.0258801466065952,0.0612695629423467,0.0590628066264658,3005.647058613049,0.0705720349176723,1.035257694778398,20.0,129.82630963025642,-1.698211064238015,0.014053002,11.52,38.46474,0.2001847,12.56,5.52,98.2,13.68,8.43,99.0,08390-01440G,0,99.0,99.0,-,0,99.0,99.0,1998.6586,2451054.882487626,1.2038697845380595,2451050.2221527784,2451056.159594908,13.741540087448346
ACT-CLJ0839.5-0150,95.0,104.0,2.0,3.0,129.9170181811995,-1.8763286169158986,8.592559830680204E-4,0.0034218280739205186,94.99999840921274,103.99999949230818,2.999997857403516,2.9999984289860318,0.0,-1.3196269680151335E-6,12.940087807118271,94.54930712729113,104.19749860803006,2.3826724743773395,2.850196067118181,-0.26745643526447604,-0.005793087701616733,15.475653648376465,0.0,5.913490895181894E-4,2.5097746402025223E-4,111.0,ACT-CLJ0839.5-0150,3.114800897855E-4,0.9338379171238436,-0.0011014858573108,0.0047643096038953,3085.4859953815185,-0.0202552416406746,1.0087352599504062,20.0,129.91623590086883,-1.8747972809356437,0.031924523,1.83,2.2701266,0.19467472,3.37,2.45,171.4,7.23,5.94,177.3,08390-01440G,2,0.637455,19.95602,g,0,99.0,99.0,1998.6609,2451055.703953493,0.5006280348784793,2451055.1608217596,2451056.201608797,6.189798666511986
ACT-CLJ0839.5-0150,71.0,171.0,2.0,3.0,129.93035759962282,-1.8391060771178425,8.866655619213469E-4,0.0016365768204198963,70.99999988502383,170.9999996916491,2.999999177048236,2.999999248661423,0.0,-3.5742859219071203E-7,7.091550155279264,71.39416522111686,170.70054927575183,2.133097770052429,2.537223239652368,-0.5972287292489756,-0.0028321853441315792,8.564669609069824,0.0,-9.117425070144236E-4,2.4107939680106938E-4,111.0,ACT-CLJ0839.5-0150,3.114800897855E-4,0.9338379171238436,-0.0011014858573108,0.0047643096038953,3085.4859953815185,-0.0202552416406746,1.0087352599504062,20.0,129.9294454867236,-1.8377610070480728,0.10910944,1.48,0.91447157,0.1942121,0.0,0.0,122.0,5.23,4.08,163.9,08390-01440G,2,0.2671666,21.904852,g,0,99.0,99.0,1998.66,2451055.4079891425,1.2062097880890554,2451050.2221527784,2451056.201608797,5.849647950452378
ACT-CLJ0849.6-0051,105.0,52.0,4.0,5.0,132.45069231336876,-0.9175696728083812,0.0012012812738696865,0.003757967901201344,104.99999868767438,51.99999947525752,3.000001414438925,2.9999995154558055,0.0,8.596732538836128E-6,3.115470863183433,102.62694335492138,52.03362578801051,13.134478932851309,3.224050034404674,0.09967541472994196,0.004334977332171521,6.05438756942749,0.0,0.0012897211126983166,6.434090901166201E-4,119.0,ACT-CLJ0849.6-0051,3.231989498823E-4,0.9628359532576304,0.0572989306105224,0.0114320554835759,3087.910073322503,0.008379052576378,1.0180715406835592,20.0,132.44723079970873,-0.9156999832483376,0.014053002,7.62,7.392537,0.1507062,0.91,0.0,161.4,6.44,5.2,176.2,08510-00520G,1,3.1338522,21.371887,s,0,99.0,99.0,1998.6584,2451054.8181972993,14.412235416022712,2451042.2506250003,2451076.1680555562,14.161664868905108
ACT-CLJ0856.5+0143,108.0,60.0,2.0,4.0,134.1600480853297,1.6670047965938517,0.0011190688424944422,0.003950002922291946,107.99999972269295,59.99999946232996,3.0000002844162585,2.999999910535612,0.0,7.148035241540501E-6,5.71824045277439,108.81084483386887,59.90554437819751,3.820041696125418,2.205886333010388,0.23544445889336324,-0.007723064613605048,7.448184490203857,0.0,-7.430875848513097E-5,6.410517962649465E-4,127.0,ACT-CLJ0856.5+0143,3.603975135523E-4,1.014626949669171,0.0155606257769758,0.0,2891.144520596593,-0.0344910023053716,1.0827137993952054,20.0,134.1605700926281,1.6668750100996428,0.014053002,6.33,6.965082,0.14170548,2.27,1.13,106.8,6.53,5.82,172.9,08570+01440G,1,0.47184664,18.753283,s,0,99.0,99.0,1998.5641,2451020.384257452,0.17096003954991618,2451020.348206019,2451021.2673495375,1.9356673810391034
ACT-CLJ0901.5+0301,214.0,113.0,6.0,7.0,135.357332716396,2.9901645504559355,6.927917012185637E-4,0.0030578720245448337,213.99999947199106,112.99999998417417,3.0000006426116803,3.0000003473461425,0.0,4.763336251646747E-6,11.37270766847687,213.27341482441636,113.4336957939108,3.6409407651907215,3.640623785787121,0.047377540634935815,0.006086117246024652,13.12002182006836,0.0,-3.1902914633974433E-4,2.0030455198138952E-4,131.0,ACT-CLJ0901.5+0301,3.31450180865E-4,1.0435695794256576,0.0295637392649715,0.0,3014.231956140972,-0.0033177262617367,1.0455342249098412,20.0,135.35738315975442,2.9902943846720174,0.08898385,5.5,8.181905,0.15595376,6.99,0.49,4.8,9.48,5.43,3.9,09000+03020G,1,3.7739086,16.926413,g,1,4.061214,14.761,1998.5314,2451008.4367972156,2.0535880750120543,2451005.314872686,2451012.34894676,0.5013513054248013
ACT-CLJ0905.6+0434,133.0,140.0,2.0,3.0,136.432040616144,4.56221235415048,3.5294968132132794E-4,0.0030650234897715697,132.99999999980508,139.99999999987142,2.9999999997550444,2.999999999930336,0.0,-8.004338563530067E-7,16.378213685239228,132.70075521679098,139.88045877205616,2.3157422702949124,3.097821366235178,-0.3016294817774317,-0.012979121980452745,18.955028533935547,0.0,1.1734686268027872E-4,1.7868253053165972E-4,136.0,ACT-CLJ0905.6+0434,4.288220765129E-4,1.0171465491660616,-0.0402497426443274,0.0038119198734442,3114.1662916932146,-0.0270036847691048,1.0019479285642816,20.0,136.43171727468405,4.563116622683527,0.014053002,7.72,8.464096,0.15449241,1.78,1.59,179.7,5.69,5.63,179.7,09060+04464I,1,0.68929696,18.402687,s,1,0.9172857,15.671,2000.5254,2451736.7788718664,185.29967952917198,2451588.69425926,2451968.6979166674,3.4559806466531855
ACT-CLJ0914.7+0011,214.0,263.0,2.0,6.0,138.6667132752466,0.24701058424539882,0.0011014979717602047,0.0027608156606581963,213.99999984323907,263.00000002274624,3.000000457942584,3.000000435014203,0.0,2.2199847846366497E-6,4.235068132675856,213.0907258865728,262.98200149532676,6.215938844254751,2.9576895344124816,0.8636137365767182,-0.004095710031362316,4.959876537322998,0.0,-0.001188845606520772,4.345653869677335E-4,141.0,ACT-CLJ0914.7+0011,2.600945363421E-4,0.9828504364408244,0.0574606614480742,0.0,3658.432312919856,0.003895740663812,0.9328073441983216,20.0,138.66714256738086,0.24728611844623896,0.014053002,29.47,31.386257,0.18114272,1.68,1.29,142.9,6.59,5.59,177.4,09150+00260R,3,0.15550554,18.336523,g,0,99.0,99.0,1998.6091,2451036.8304074896,0.9204266353192534,2451036.237094908,2451038.284143519,1.8363790314588122
ACT-CLJ0914.7+0011,132.0,81.0,2.0,6.0,138.71226913249563,0.14589952310237722,8.375356296562893E-4,8.264948159391886E-4,131.99999999318382,81.0000000058406,3.0000000042057633,3.00000001766657,0.0,3.251586001487347E-6,3.7105949051893328,131.96524218001915,81.94915626181007,2.5500747912843575,4.021208661963778,-0.3187672568318554,-0.001710922837384254,3.13379168510437,0.0,-2.924668660853058E-5,2.0194014359731227E-4,141.0,ACT-CLJ0914.7+0011,2.600945363421E-4,0.9828504364408244,0.0574606614480742,0.0,3658.432312919856,0.003895740663812,0.9328073441983216,20.0,138.7125769857398,0.1473833293546293,0.014053002,14.2,14.515555,0.1565406,1.15,0.6,174.0,6.5,5.43,179.5,09150+00000G,1,0.105442286,21.333422,s,0,99.0,99.0,1998.6117,2451037.7479449315,0.8951518821899083,2451036.237094908,2451038.284143519,5.4554599947113385
ACT-CLJ0918.7+0211,139.0,224.0,2.0,3.0,139.70240837594753,2.223567539496306,6.412015332254187E-4,0.0026510627099730877,138.99999981627784,223.99999966870388,2.9999990946779107,2.9999991841024105,0.0,-9.608257568330838E-7,17.026945177950598,139.248528441785,224.04203325193126,2.3989003101168973,2.711146840751273,0.7705717397761058,-0.022912443199770868,19.531387329101562,0.0,-9.036513074534014E-5,1.436484744772315E-4,146.0,ACT-CLJ0918.7+0211,3.007708825964E-4,1.020027343618219,-0.0039020515877896,0.0,3125.505815658435,-0.0568171799171884,1.013513304547658,20.0,139.70246264177138,2.222788802402035,0.014053002,5.38,5.516336,0.15223993,1.31,0.49,147.2,6.5,5.46,176.9,09180+02100G,2,0.22967444,19.044706,s,1,0.09645158,15.369,1998.5507,2451015.4811579026,1.7824157731641925,2451013.3582638893,2451018.3990625003,2.8102417442231973
ACT-CLJ0922.1-0027,117.0,172.0,4.0,5.0,140.56580278973715,-0.45515072438428106,4.4697610970570066E-4,5.924664596948601E-4,116.99999995737006,171.99999990799893,2.9999995638069916,2.9999996252954384,0.0,1.5449254385577352E-6,5.484906642988107,117.08526691078056,171.52517744067043,2.0795511533465993,2.2830953516116463,0.21427398924007912,0.009867913697295776,6.065818786621094,0.0,-2.475201617926359E-4,1.210798291140236E-4,150.0,ACT-CLJ0922.1-0027,2.601948142847E-4,0.9379683476146132,0.0212725386144921,0.0057155921353452,3106.0366458168423,0.0065866060434162,1.0138791514846062,20.0,140.56432323200028,-0.4553388832479842,0.014053002,20.88,46.466347,0.15532626,7.56,5.32,66.0,9.44,8.15,54.6,09210-00260G,2,5.3664923,17.926226,g,1,5.000507,15.244,1998.6202,2451040.902049401,1.9027980887779254,2451038.244618056,2451042.27556713,5.369139808280669
ACT-CLJ1005.5+0235,172.0,164.0,3.0,4.0,151.38010468240785,2.5842908112811624,9.88829788894859E-5,7.26575272201841E-4,171.99999997427582,163.99999998749476,3.000000007263492,3.000000027543626,0.0,-8.366618996052558E-7,5.155106931498555,171.59059933199595,163.78698935385603,2.439153706771893,4.694809976937974,-0.29015369239685473,-0.006385639070569532,6.179855823516846,0.0,5.983590381219983E-5,1.1104641453130171E-4,162.0,ACT-CLJ1005.5+0235,3.043243642173E-4,0.976304624896452,-0.0426286641409592,0.0,3076.561755085842,-0.0044339043775381,1.026189968265596,20.0,151.38194951870977,2.5850556326771645,0.014053002,21.59,45.496826,0.1410531,8.7,3.84,30.4,10.68,6.82,26.1,10060+02360G,4,2.2328205,17.885426,g,0,99.0,99.0,1998.5397,2451011.465394126,0.8083482892801581,2451009.426331019,2451013.3942013895,7.183286914639599
ACT-CLJ1107.4+0121,66.0,158.0,4.0,7.0,166.9167362831097,1.3542815119955613,9.316496931428057E-4,0.0010500949248675668,65.99999996845082,158.0000000194879,3.00000009025872,3.0000003391200627,0.0,-1.2449907278124743E-6,2.354740582359407,63.35170041652088,156.12304194623675,4.4761506054123705,11.265480365486281,0.6899267642130714,-0.01318915683049164,1.9258164167404175,0.0,-2.0891005988232791E-4,2.867475268431008E-4,178.0,ACT-CLJ1107.4+0121,3.065064248478E-4,0.9724164976233124,-0.0207330643071584,0.0,3024.3840274204504,0.006670164542848,1.0380207300469042,20.0,166.91590338958315,1.350186138877714,0.78316164,1.06,0.9029629,0.15147537,5.28,0.0,61.0,7.77,3.8,54.8,11090+01180G,2,1.1435513,20.389067,g,0,99.0,99.0,1998.5659,2451021.040714436,0.8408429092322689,2451020.472268519,2451022.4393402785,15.044988045476297
ACT-CLJ1117.9-0211,162.0,156.0,2.0,6.0,169.498199463,-2.1872708830002807,5.8177643076130956E-5,8.287622378978682E-4,162.00000000098967,156.00000000098967,3.0000000036391534,2.9999999991390163,0.0,-2.796132475174711E-6,5.6998790929321625,162.5498055700428,156.55185163149847,2.453235783445534,2.3241419705146833,-0.024782971076442353,0.0148904013490839,6.203413486480713,0.0,4.958470235578716E-4,1.4041937538422644E-4,186.0,ACT-CLJ1117.9-0211,3.800630812397E-4,0.9932642662459396,0.011214161451459,0.0,3049.5353950432677,0.0233603997202349,1.0218720315046272,20.0,169.49903995254695,-2.1878750097990456,0.014053002,2.73,2.4988308,0.14494878,1.36,0.0,90.3,5.67,5.57,177.5,11180-02100G,2,0.18665868,19.648148,g,0,99.0,99.0,1998.6733,2451060.2679282413,0.0,2451060.2679282413,2451060.2701388896,3.7244998506712608
ACT-CLJ1125.7+0010,139.0,236.0,2.0,6.0,171.44412857603248,0.21912402200824535,7.51382882686013E-4,0.0017091736182170076,139.00000003404665,235.99999998949679,2.999999630683502,2.9999996664808974,0.0,-5.6988571320961074E-6,1.4758306613293617,102.6311330558463,238.95938785748234,24.54957974755626,13.446090987969612,2.5266284593501562,-0.03877423407441388,3.260174512863159,0.0,7.078032358549535E-4,3.718735242728144E-4,189.0,ACT-CLJ1125.7+0010,5.245375325204E-4,0.919684580361006,-0.0560847299815155,9.525986892242E-4,4135.673451198151,-0.0055527074707476,0.8078943640738443,20.0,171.44251563936072,0.22016111605501756,0.014053002,13.52,13.9784775,0.13869746,1.86,0.0,73.6,6.32,5.65,10.1,11270+00260G,3,0.6199379,17.120333,g,1,0.3737507,14.858,1998.6082,2451036.475265342,0.41330536180935207,2451035.3789930562,2451038.4303125003,6.903266861849169
ACT-CLJ1128.3-0058,139.0,199.0,2.0,6.0,172.0879291119299,-0.9613581663226202,4.2242824723964177E-4,0.0013580569710143658,138.99999984372465,198.99999989792263,3.0000004756820142,3.0000000975425705,0.0,1.3544168184834343E-5,2.286124919696379,134.32534212449926,209.4026620850974,12.5248944855511,9.157174457918472,0.10853302556564483,-0.005613482131431847,4.213650703430176,0.0,4.347577632870525E-4,2.7759314980357885E-4,191.0,ACT-CLJ1128.3-0058,5.925285302843E-4,0.9358567302910568,0.0324518701542575,0.0123837829599146,3857.668684011839,0.0256072990549148,0.8736730292543855,20.0,172.09060496894654,-0.961261080272025,0.014053002,13.08,13.243117,0.14611022,1.02,0.03,178.1,6.48,5.4,179.8,11270-00520G,0,99.0,99.0,-,0,99.0,99.0,1998.6393,2451047.843896731,1.3278834050425112,2451044.3015509266,2451048.361331019,9.638068728849646
ACT-CLJ1148.0-0234,102.0,119.0,3.0,4.0,177.05938394939153,-2.6014066722594,7.157530425161397E-4,9.83619313320867E-4,101.9999999943468,118.99999999832886,3.000000005042889,3.0000000065252728,0.0,-4.154427650716791E-6,5.894005955938358,101.34655636137285,118.933954747465,2.202580449960041,3.167452900951991,0.7138431077277891,-0.010015443797049814,7.111246109008789,0.0,4.5997684355825186E-4,1.5901592269074172E-4,201.0,ACT-CLJ1148.0-0234,2.129533395837E-4,0.9376597015999626,-0.0343920930359784,0.0,3590.166225035336,-0.0086615807242193,0.9376539077756196,20.0,177.05881626932214,-2.6020056008761974,0.014053002,60.16,108.29,0.14010222,7.92,1.61,115.7,9.72,6.4,120.7,11480-02360G,2,0.4236781,20.186089,g,0,99.0,99.0,1998.6821,2451063.469944014,1.083840534321192,2451061.3626620374,2451069.3107638895,2.9693172981975815
ACT-CLJ1152.2+0031,100.0,93.0,2.0,6.0,178.09250534740065,0.48261833213989186,8.99456559256987E-4,0.00171086284151834,99.99999963048624,92.99999960271936,2.999998431579078,2.999998781141727,0.0,-1.3221197484898163E-5,6.530513316644158,100.00170990005488,92.92121146911772,1.8410258345001886,4.038940540081339,0.7461121549643915,-0.026516267480286043,6.926898956298828,0.0,8.731636335141957E-4,2.5427874061279E-4,202.0,ACT-CLJ1152.2+0031,2.975960131588E-4,0.999316832914966,-0.0135314801725812,0.009525986892242,2925.4179020981064,-0.0127130409333001,1.0608316795693666,20.0,178.0888634376734,0.48263333302756006,0.016282696,1.68,1.5272727,0.15272804,2.7,0.0,67.2,6.29,4.97,49.9,11510+00260G,0,99.0,99.0,-,0,99.0,99.0,1998.6042,2451035.0349560166,0.8670061564637398,2451034.4515509265,2451036.4690856487,13.110521109391895
ACT-CLJ1152.2+0031,100.0,94.0,6.0,7.0,178.0925053504375,0.48317388736340344,8.922677217153191E-4,0.0015815937652424784,99.99999993020813,93.99999924846081,2.99999882994943,2.9999993960095077,0.0,-1.3154513887276431E-5,6.506682612544492,100.00012775006364,92.91639157524097,1.8438754794725365,4.043017867996391,0.7462244376281325,-0.026512824568702267,6.361034393310547,0.0,1.6665481962263584E-4,2.4664169177412987E-4,202.0,ACT-CLJ1152.2+0031,2.975960131588E-4,0.999316832914966,-0.0135314801725812,0.009525986892242,2925.4179020981064,-0.0127130409333001,1.0608316795693666,20.0,178.0922102303667,0.483319446874029,0.014053002,6.24,7.094224,0.15267052,3.68,0.0,78.6,6.62,5.94,62.3,11510+00260G,1,7.5198326,22.609385,s,0,99.0,99.0,1998.6041,2451035.0279209022,0.8665334115246314,2451034.4515509265,2451036.4690856487,1.1845982119568472
ACT-CLJ1203.9+0126,127.0,177.0,6.0,7.0,181.0080217930814,1.4446112358395593,3.6922309155695886E-4,0.0017359599114780359,126.99999960401802,176.9999998434945,2.9999999211408666,2.999999960437245,0.0,-6.643281481328563E-6,14.559588176778528,126.19204106764566,176.80655309980943,2.4718093880540954,3.05489972683847,-0.13925814216146593,-0.02155662282749108,15.293858528137207,0.0,4.8611313104629517E-5,1.1203356552869081E-4,210.0,ACT-CLJ1203.9+0126,3.054504308244E-4,1.079221333562355,-0.0501134028074888,0.0352605948557651,2878.528670754236,-0.0213212730899179,1.0962995629811707,20.0,181.00828117669928,1.4448333508670503,0.014053002,3.83,4.2686315,0.14159241,2.19,1.82,5.2,6.76,5.7,0.6,12030+01180G,1,0.30250168,15.193008,g,1,0.24949215,13.532,1998.5685,2451021.9910213323,10.000455697335097,2451018.4626620375,2451096.219907408,1.2291360537041591
ACT-CLJ1208.3+0254,237.0,98.0,2.0,4.0,182.04684273495812,2.8781261472391155,9.560051069316923E-4,0.0021984933981493387,236.99999923366062,97.99999902290995,2.9999951868044046,2.9999964464785713,0.0,-1.2545577801372507E-5,8.06139055518876,236.83437062526286,97.76496451443238,2.331816555276643,2.860489066732375,-0.4127037971387519,-0.03409913672417504,8.76279354095459,0.0,2.021344262175262E-4,2.5908637326210737E-4,213.0,ACT-CLJ1208.3+0254,3.075531125925E-4,0.993415592066617,-0.0259990313267446,0.0,2999.675539638892,-0.0750610981094841,1.025193395017257,20.0,182.04646993054124,2.878427838898256,0.014053002,11.09,12.338137,0.15126716,2.14,1.79,152.8,6.73,5.71,177.4,12090+03020G,1,0.83520037,11.945885,g,1,0.8655112,11.804,1998.5325,2451008.863163788,1.7239680981818717,2451006.512893519,2451012.489930556,1.7251872659399865
ACT-CLJ1210.2+0223,165.0,172.0,2.0,4.0,182.5746868561539,2.395007296828797,1.0123207071540705E-4,6.599063875547201E-4,164.99999998566108,171.99999995795147,2.999999941261114,2.999999991360963,0.0,2.8188396755883284E-6,5.057181825293328,165.54642736505804,171.61216786965147,2.3933279373237593,3.756784493601473,-0.7846982847807392,0.013945350594075675,6.107690811157227,0.0,1.6191948088817298E-4,1.1107570753665641E-4,214.0,ACT-CLJ1210.2+0223,2.997050028852E-4,0.9859095379986712,0.0161801111781397,0.0,3019.695240590176,0.0120449472770131,1.0386513945538385,20.0,182.57393811938462,2.3954638820261853,0.014053002,38.36,71.08327,0.13456845,9.15,1.72,18.4,11.12,5.76,16.1,12090+02360G,4,0.59447813,17.377728,g,1,0.86694294,14.801,1998.5398,2451011.5104383035,0.172422307121025,2451011.4800231485,2451012.489930556,3.155082444065554
ACT-CLJ1220.4-0240,207.0,144.0,2.0,3.0,185.07664188678584,-2.6825942918597945,4.699442600191987E-4,0.007238144144471753,206.99999513468973,143.99999516576722,2.9999918768977203,2.9999957248576226,0.0,-5.64451318451252E-6,45.269789152868114,206.70020503048104,143.6399717267445,2.6556727933600928,3.1624055865130503,-0.0640126557546545,-0.02423126887638874,40.04869842529297,0.0,-2.779909991659224E-4,1.377282023895532E-4,217.0,ACT-CLJ1220.4-0240,3.613845438604E-4,1.5637276143473502,0.0351608652159258,0.0,2913.9681088158814,-0.0290650876598568,1.07639619107563,20.0,185.07571346895523,-2.681561083007567,0.014053002,49.84,64.64426,0.1547494,3.89,2.43,141.8,7.34,6.11,163.7,12210-02360G,2,7.499548,21.384237,g,0,99.0,99.0,1998.6873,2451065.3664661073,2.9828527103063323,2451061.385358797,2451069.3315856485,4.998159912821694
ACT-CLJ1328.4-0038,112.0,236.0,2.0,4.0,202.14128944021502,-0.6031302762818765,8.65959013666616E-4,0.0018488060558399598,111.9999999964692,235.99999992846094,2.999999976118744,3.000000022900055,0.0,-4.675880916376922E-7,4.523689081118457,112.50732589094305,235.74483725771842,2.979269969262639,3.369866354796006,0.028561482836443407,-0.0049801363361852355,5.431830883026123,0.0,-7.658717804588377E-4,3.3881101990118623E-4,237.0,ACT-CLJ1328.4-0038,4.626603913602E-4,0.9289122338298568,-0.0482486174250715,0.004762993446121,3077.3393226152125,-0.0372616282775191,0.9848889428128286,20.0,202.14156948763573,-0.6053027834690486,0.014053002,9.56,9.991278,0.13514891,1.69,0.6,37.7,6.56,5.51,5.5,13300-00260G,1,0.11104269,21.24102,g,0,99.0,99.0,1998.6136,2451038.466332899,0.3162837365147306,2451036.534421297,2451038.5201388896,7.885730205818919
