cluster,project,scanno,x,y,sigma_dog,theta_1,theta_2,ra_deg,dec_deg,dist_center_radians,amp_fit,x_center_fit,y_center_fit,sigma,offset,int_flux_Jy,int_flux_err_Jy,amp_snr,x_snr,y_snr,sigma_snr,offset_snr,int_snr,snr,masked,noise_ps,hits_ps,Source,rms_map,rms_snr,avg_snr,ntail,amp_fit_snr,mean_fit_snr,std_fit_snr,offset_fit_snr,red_type,Source_name,RA,E_RA,DEC,E_DEC,Total_flux,E_Total_flux,Peak_flux,E_Peak_flux,Maj,E_Maj,Min,E_Min,PA,E_PA,RMS_noise,Source_code,Mosaic_name,GroupID,GroupSize,Separation
ACT-CLJ0201.6-0211,all,0,131.0,160.0,5.120000000000001,2.0,6.0,30.445894351117953,-2.198815803776432,3.012093969103865E-4,0.0012504898462055854,131.00000006993767,159.99999989998796,2.9999997548031136,-1.4938110425357477E-5,-0.04278370369240278,8.779688393524837E-5,8.294898313454842,131.3586644311022,159.7159731535227,3.6178142633070913,0.0043089520472580885,32.41406386917694,8.08110237121582,0.0,1.0024942457675934E-4,5740167.0,ACT-CLJ0201.6-0211,1.697955213137E-4,1.512637206269995,0.3771515107547089,0.0,16234.224718139953,-9.28491718169E-4,-0.0653730414423692,435.6657618947,21.0,TGSSADR J020147.4-021154,30.44785,2.0,-2.19855,2.0,479.7,48.3,260.9,26.2,48.2,0.7,27.4,0.3,83.9,1.2,2.8,M,R07D31,1,8,7.0973489515074
ACT-CLJ0201.6-0211,all,0,160.0,161.0,5.120000000000001,2.0,6.0,30.429771368527252,-2.1982603471754243,2.16815274691602E-5,9.377333683698825E-4,159.99999994632822,161.0000000391662,3.0000000238864133,-1.476970159555346E-5,-0.04278390553342033,8.779952890165606E-5,4.610511634768719,161.13067411926028,160.5478856156199,5.883658855859284,0.001252815566415302,32.40965326911711,6.366288185119629,0.0,9.315212810179219E-5,6611746.0,ACT-CLJ0201.6-0211,1.697955213137E-4,1.512637206269995,0.3771515107547089,0.0,16234.224718139953,-9.28491718169E-4,-0.0653730414423692,435.6657618947,21.0,TGSSADR J020142.8-021153,30.42872,2.1,-2.1982,2.0,429.3,43.6,178.2,18.0,58.6,1.2,26.2,0.3,22.6,1.2,2.8,M,R07D31,2,11,3.786675148257876
ACT-CLJ0201.6-0211,all,0,131.0,160.0,5.120000000000001,2.0,7.0,30.445894351117953,-2.198815803776432,3.012093969103865E-4,0.0012504898462055854,131.00000006993767,159.99999989998796,2.9999997548031136,-1.4938110425357477E-5,-0.04278370369240278,8.779688393524837E-5,8.294898313454842,131.3586644311022,159.7159731535227,3.6178142633070913,0.0043089520472580885,32.41406386917694,8.08110237121582,0.0,1.0024942457675934E-4,5740167.0,ACT-CLJ0201.6-0211,1.697955213137E-4,1.512637206269995,0.3771515107547089,0.0,16234.224718139953,-9.28491718169E-4,-0.0653730414423692,435.6657618947,21.0,TGSSADR J020147.4-021154,30.44785,2.0,-2.19855,2.0,479.7,48.3,260.9,26.2,48.2,0.7,27.4,0.3,83.9,1.2,2.8,M,R07D31,1,8,7.0973489515074
ACT-CLJ0201.6-0211,all,0,160.0,161.0,5.120000000000001,2.0,7.0,30.429771368527252,-2.1982603471754243,2.16815274691602E-5,9.377333683698825E-4,159.99999994632822,161.0000000391662,3.0000000238864133,-1.476970159555346E-5,-0.04278390553342033,8.779952890165606E-5,4.610511634768719,161.13067411926028,160.5478856156199,5.883658855859284,0.001252815566415302,32.40965326911711,6.366288185119629,0.0,9.315212810179219E-5,6611746.0,ACT-CLJ0201.6-0211,1.697955213137E-4,1.512637206269995,0.3771515107547089,0.0,16234.224718139953,-9.28491718169E-4,-0.0653730414423692,435.6657618947,21.0,TGSSADR J020142.8-021153,30.42872,2.1,-2.1982,2.0,429.3,43.6,178.2,18.0,58.6,1.2,26.2,0.3,22.6,1.2,2.8,M,R07D31,2,11,3.786675148257876
ACT-CLJ0201.6-0211,all,0,131.0,160.0,4.800000000000001,3.0,5.0,30.445894351117953,-2.198815803776432,3.012093969103865E-4,0.0012504898462055854,131.00000006993767,159.99999989998796,2.9999997548031136,-1.4938110425357477E-5,-0.04278370369240278,8.779688393524837E-5,8.294898313454842,131.3586644311022,159.7159731535227,3.6178142633070913,0.0043089520472580885,32.41406386917694,8.08110237121582,0.0,1.0024942457675934E-4,5740167.0,ACT-CLJ0201.6-0211,1.697955213137E-4,1.512637206269995,0.3771515107547089,0.0,16234.224718139953,-9.28491718169E-4,-0.0653730414423692,435.6657618947,21.0,TGSSADR J020147.4-021154,30.44785,2.0,-2.19855,2.0,479.7,48.3,260.9,26.2,48.2,0.7,27.4,0.3,83.9,1.2,2.8,M,R07D31,1,8,7.0973489515074
ACT-CLJ0201.6-0211,all,0,160.0,162.0,4.800000000000001,3.0,5.0,30.429771368113496,-2.1977047916065393,1.9392547711478663E-5,9.333824446469672E-4,159.99999994199487,161.9999999961764,3.000000092826136,-1.4767732245417805E-5,-0.042785028448283975,8.780002234866271E-5,4.610780815274462,161.12910895474712,160.55047353697913,5.883005908012473,0.0012535011310693936,32.40702288763498,6.7396626472473145,0.0,9.350129403173923E-5,6556039.5,ACT-CLJ0201.6-0211,1.697955213137E-4,1.512637206269995,0.3771515107547089,0.0,16234.224718139953,-9.28491718169E-4,-0.0653730414423692,435.6657618947,21.0,TGSSADR J020142.8-021153,30.42872,2.1,-2.1982,2.0,429.3,43.6,178.2,18.0,58.6,1.2,26.2,0.3,22.6,1.2,2.8,M,R07D31,2,11,4.1796796903578315
ACT-CLJ0201.6-0211,all,0,131.0,160.0,4.800000000000001,3.0,6.0,30.445894351117953,-2.198815803776432,3.012093969103865E-4,0.0012504898462055854,131.00000006993767,159.99999989998796,2.9999997548031136,-1.4938110425357477E-5,-0.04278370369240278,8.779688393524837E-5,8.294898313454842,131.3586644311022,159.7159731535227,3.6178142633070913,0.0043089520472580885,32.41406386917694,8.08110237121582,0.0,1.0024942457675934E-4,5740167.0,ACT-CLJ0201.6-0211,1.697955213137E-4,1.512637206269995,0.3771515107547089,0.0,16234.224718139953,-9.28491718169E-4,-0.0653730414423692,435.6657618947,21.0,TGSSADR J020147.4-021154,30.44785,2.0,-2.19855,2.0,479.7,48.3,260.9,26.2,48.2,0.7,27.4,0.3,83.9,1.2,2.8,M,R07D31,1,8,7.0973489515074
ACT-CLJ0201.6-0211,all,0,160.0,162.0,4.800000000000001,3.0,6.0,30.429771368113496,-2.1977047916065393,1.9392547711478663E-5,9.333824446469672E-4,159.99999994199487,161.9999999961764,3.000000092826136,-1.4767732245417805E-5,-0.042785028448283975,8.780002234866271E-5,4.610780815274462,161.12910895474712,160.55047353697913,5.883005908012473,0.0012535011310693936,32.40702288763498,6.7396626472473145,0.0,9.350129403173923E-5,6556039.5,ACT-CLJ0201.6-0211,1.697955213137E-4,1.512637206269995,0.3771515107547089,0.0,16234.224718139953,-9.28491718169E-4,-0.0653730414423692,435.6657618947,21.0,TGSSADR J020142.8-021153,30.42872,2.1,-2.1982,2.0,429.3,43.6,178.2,18.0,58.6,1.2,26.2,0.3,22.6,1.2,2.8,M,R07D31,2,11,4.1796796903578315
ACT-CLJ0201.6-0211,all,0,131.0,160.0,4.800000000000001,3.0,7.0,30.445894351117953,-2.198815803776432,3.012093969103865E-4,0.0012504898462055854,131.00000006993767,159.99999989998796,2.9999997548031136,-1.4938110425357477E-5,-0.04278370369240278,8.779688393524837E-5,8.294898313454842,131.3586644311022,159.7159731535227,3.6178142633070913,0.0043089520472580885,32.41406386917694,8.08110237121582,0.0,1.0024942457675934E-4,5740167.0,ACT-CLJ0201.6-0211,1.697955213137E-4,1.512637206269995,0.3771515107547089,0.0,16234.224718139953,-9.28491718169E-4,-0.0653730414423692,435.6657618947,21.0,TGSSADR J020147.4-021154,30.44785,2.0,-2.19855,2.0,479.7,48.3,260.9,26.2,48.2,0.7,27.4,0.3,83.9,1.2,2.8,M,R07D31,1,8,7.0973489515074
ACT-CLJ0201.6-0211,all,0,160.0,162.0,4.800000000000001,3.0,7.0,30.429771368113496,-2.1977047916065393,1.9392547711478663E-5,9.333824446469672E-4,159.99999994199487,161.9999999961764,3.000000092826136,-1.4767732245417805E-5,-0.042785028448283975,8.780002234866271E-5,4.610780815274462,161.12910895474712,160.55047353697913,5.883005908012473,0.0012535011310693936,32.40702288763498,6.7396626472473145,0.0,9.350129403173923E-5,6556039.5,ACT-CLJ0201.6-0211,1.697955213137E-4,1.512637206269995,0.3771515107547089,0.0,16234.224718139953,-9.28491718169E-4,-0.0653730414423692,435.6657618947,21.0,TGSSADR J020142.8-021153,30.42872,2.1,-2.1982,2.0,429.3,43.6,178.2,18.0,58.6,1.2,26.2,0.3,22.6,1.2,2.8,M,R07D31,2,11,4.1796796903578315
ACT-CLJ0201.6-0211,all,0,160.0,162.0,4.0,4.0,5.0,30.429771368113496,-2.1977047916065393,1.9392547711478663E-5,9.333824446469672E-4,159.99999994199487,161.9999999961764,3.000000092826136,-1.4767732245417805E-5,-0.042785028448283975,8.780002234866271E-5,4.610780815274462,161.12910895474712,160.55047353697913,5.883005908012473,0.0012535011310693936,32.40702288763498,6.7396626472473145,0.0,9.350129403173923E-5,6556039.5,ACT-CLJ0201.6-0211,1.697955213137E-4,1.512637206269995,0.3771515107547089,0.0,16234.224718139953,-9.28491718169E-4,-0.0653730414423692,435.6657618947,21.0,TGSSADR J020142.8-021153,30.42872,2.1,-2.1982,2.0,429.3,43.6,178.2,18.0,58.6,1.2,26.2,0.3,22.6,1.2,2.8,M,R07D31,2,11,4.1796796903578315
ACT-CLJ0201.6-0211,all,0,160.0,162.0,4.0,4.0,6.0,30.429771368113496,-2.1977047916065393,1.9392547711478663E-5,9.333824446469672E-4,159.99999994199487,161.9999999961764,3.000000092826136,-1.4767732245417805E-5,-0.042785028448283975,8.780002234866271E-5,4.610780815274462,161.12910895474712,160.55047353697913,5.883005908012473,0.0012535011310693936,32.40702288763498,6.7396626472473145,0.0,9.350129403173923E-5,6556039.5,ACT-CLJ0201.6-0211,1.697955213137E-4,1.512637206269995,0.3771515107547089,0.0,16234.224718139953,-9.28491718169E-4,-0.0653730414423692,435.6657618947,21.0,TGSSADR J020142.8-021153,30.42872,2.1,-2.1982,2.0,429.3,43.6,178.2,18.0,58.6,1.2,26.2,0.3,22.6,1.2,2.8,M,R07D31,2,11,4.1796796903578315
ACT-CLJ0201.6-0211,all,0,161.0,160.0,6.4,4.0,7.0,30.429215404020553,-2.198815903054449,2.1681527469054967E-5,8.541133395508867E-4,160.99999992746748,160.00000004081315,3.0000000942821385,-1.472460652619572E-5,-0.04278375407729472,8.7800544014706E-5,4.610093862908299,161.12875298932954,160.55056930182198,5.883545456870281,0.0012513049891424999,32.40142198269836,5.309943199157715,0.0,9.271719318348914E-5,6672066.0,ACT-CLJ0201.6-0211,1.697955213137E-4,1.512637206269995,0.3771515107547089,0.0,16234.224718139953,-9.28491718169E-4,-0.0653730414423692,435.6657618947,21.0,TGSSADR J020142.8-021153,30.42872,2.1,-2.1982,2.0,429.3,43.6,178.2,18.0,58.6,1.2,26.2,0.3,22.6,1.2,2.8,M,R07D31,2,11,2.8436515550328028
ACT-CLJ0201.6-0211,all,0,131.0,160.0,5.0,5.0,6.0,30.445894351117953,-2.198815803776432,3.012093969103865E-4,0.0012504898462055854,131.00000006993767,159.99999989998796,2.9999997548031136,-1.4938110425357477E-5,-0.04278370369240278,8.779688393524837E-5,8.294898313454842,131.3586644311022,159.7159731535227,3.6178142633070913,0.0043089520472580885,32.41406386917694,8.08110237121582,0.0,1.0024942457675934E-4,5740167.0,ACT-CLJ0201.6-0211,1.697955213137E-4,1.512637206269995,0.3771515107547089,0.0,16234.224718139953,-9.28491718169E-4,-0.0653730414423692,435.6657618947,21.0,TGSSADR J020147.4-021154,30.44785,2.0,-2.19855,2.0,479.7,48.3,260.9,26.2,48.2,0.7,27.4,0.3,83.9,1.2,2.8,M,R07D31,1,8,7.0973489515074
ACT-CLJ0201.6-0211,all,0,160.0,161.0,5.0,5.0,6.0,30.429771368527252,-2.1982603471754243,2.16815274691602E-5,9.377333683698825E-4,159.99999994632822,161.0000000391662,3.0000000238864133,-1.476970159555346E-5,-0.04278390553342033,8.779952890165606E-5,4.610511634768719,161.13067411926028,160.5478856156199,5.883658855859284,0.001252815566415302,32.40965326911711,6.366288185119629,0.0,9.315212810179219E-5,6611746.0,ACT-CLJ0201.6-0211,1.697955213137E-4,1.512637206269995,0.3771515107547089,0.0,16234.224718139953,-9.28491718169E-4,-0.0653730414423692,435.6657618947,21.0,TGSSADR J020142.8-021153,30.42872,2.1,-2.1982,2.0,429.3,43.6,178.2,18.0,58.6,1.2,26.2,0.3,22.6,1.2,2.8,M,R07D31,2,11,3.786675148257876
ACT-CLJ0201.6-0211,all,0,131.0,160.0,5.0,5.0,7.0,30.445894351117953,-2.198815803776432,3.012093969103865E-4,0.0012504898462055854,131.00000006993767,159.99999989998796,2.9999997548031136,-1.4938110425357477E-5,-0.04278370369240278,8.779688393524837E-5,8.294898313454842,131.3586644311022,159.7159731535227,3.6178142633070913,0.0043089520472580885,32.41406386917694,8.08110237121582,0.0,1.0024942457675934E-4,5740167.0,ACT-CLJ0201.6-0211,1.697955213137E-4,1.512637206269995,0.3771515107547089,0.0,16234.224718139953,-9.28491718169E-4,-0.0653730414423692,435.6657618947,21.0,TGSSADR J020147.4-021154,30.44785,2.0,-2.19855,2.0,479.7,48.3,260.9,26.2,48.2,0.7,27.4,0.3,83.9,1.2,2.8,M,R07D31,1,8,7.0973489515074
ACT-CLJ0201.6-0211,all,0,160.0,161.0,5.0,5.0,7.0,30.429771368527252,-2.1982603471754243,2.16815274691602E-5,9.377333683698825E-4,159.99999994632822,161.0000000391662,3.0000000238864133,-1.476970159555346E-5,-0.04278390553342033,8.779952890165606E-5,4.610511634768719,161.13067411926028,160.5478856156199,5.883658855859284,0.001252815566415302,32.40965326911711,6.366288185119629,0.0,9.315212810179219E-5,6611746.0,ACT-CLJ0201.6-0211,1.697955213137E-4,1.512637206269995,0.3771515107547089,0.0,16234.224718139953,-9.28491718169E-4,-0.0653730414423692,435.6657618947,21.0,TGSSADR J020142.8-021153,30.42872,2.1,-2.1982,2.0,429.3,43.6,178.2,18.0,58.6,1.2,26.2,0.3,22.6,1.2,2.8,M,R07D31,2,11,3.786675148257876
ACT-CLJ0201.6-0211,all,0,131.0,160.0,6.0,6.0,7.0,30.445894351117953,-2.198815803776432,3.012093969103865E-4,0.0012504898462055854,131.00000006993767,159.99999989998796,2.9999997548031136,-1.4938110425357477E-5,-0.04278370369240278,8.779688393524837E-5,8.294898313454842,131.3586644311022,159.7159731535227,3.6178142633070913,0.0043089520472580885,32.41406386917694,8.08110237121582,0.0,1.0024942457675934E-4,5740167.0,ACT-CLJ0201.6-0211,1.697955213137E-4,1.512637206269995,0.3771515107547089,0.0,16234.224718139953,-9.28491718169E-4,-0.0653730414423692,435.6657618947,21.0,TGSSADR J020147.4-021154,30.44785,2.0,-2.19855,2.0,479.7,48.3,260.9,26.2,48.2,0.7,27.4,0.3,83.9,1.2,2.8,M,R07D31,1,8,7.0973489515074
ACT-CLJ0201.6-0211,all,0,161.0,160.0,6.0,6.0,7.0,30.429215404020553,-2.198815903054449,2.1681527469054967E-5,8.541133395508867E-4,160.99999992746748,160.00000004081315,3.0000000942821385,-1.472460652619572E-5,-0.04278375407729472,8.7800544014706E-5,4.610093862908299,161.12875298932954,160.55056930182198,5.883545456870281,0.0012513049891424999,32.40142198269836,5.309943199157715,0.0,9.271719318348914E-5,6672066.0,ACT-CLJ0201.6-0211,1.697955213137E-4,1.512637206269995,0.3771515107547089,0.0,16234.224718139953,-9.28491718169E-4,-0.0653730414423692,435.6657618947,21.0,TGSSADR J020142.8-021153,30.42872,2.1,-2.1982,2.0,429.3,43.6,178.2,18.0,58.6,1.2,26.2,0.3,22.6,1.2,2.8,M,R07D31,2,11,2.8436515550328028
ACT-CLJ0220.9-0332,all,0,220.0,152.0,3.2,2.0,4.0,35.20664163308992,-3.5537901709523,5.706814651020838E-4,0.0021679371139634593,219.999999877967,152.00000000758254,2.9999961684738996,2.1650703056048514E-6,0.009996402279699902,1.4845724603946596E-4,7.767047301431542,220.40242898115764,152.70511023564038,3.323667953863967,-0.019369314685141494,-42.691745239385206,7.847428798675537,0.0,1.9828075892291963E-4,1683592.25,ACT-CLJ0220.9-0332,2.242544903424E-4,1.3213886509757835,-0.3530506903438944,0.0133390500690772,11130.507570863649,-0.001454924380874,-0.0702296343451814,419.24746849751614,21.0,TGSSADR J022049.4-033316,35.20604,2.0,-3.55462,2.0,337.6,34.4,312.3,31.5,28.1,0.4,25.9,0.3,9.0,6.6,3.9,S,R08D31,3,14,3.6887588804341402
ACT-CLJ0220.9-0332,all,0,220.0,152.0,3.2,2.0,5.0,35.20664163308992,-3.5537901709523,5.706814651020838E-4,0.0021679371139634593,219.999999877967,152.00000000758254,2.9999961684738996,2.1650703056048514E-6,0.009996402279699902,1.4845724603946596E-4,7.767047301431542,220.40242898115764,152.70511023564038,3.323667953863967,-0.019369314685141494,-42.691745239385206,7.847428798675537,0.0,1.9828075892291963E-4,1683592.25,ACT-CLJ0220.9-0332,2.242544903424E-4,1.3213886509757835,-0.3530506903438944,0.0133390500690772,11130.507570863649,-0.001454924380874,-0.0702296343451814,419.24746849751614,21.0,TGSSADR J022049.4-033316,35.20604,2.0,-3.55462,2.0,337.6,34.4,312.3,31.5,28.1,0.4,25.9,0.3,9.0,6.6,3.9,S,R08D31,3,14,3.6887588804341402
ACT-CLJ0220.9-0332,all,0,221.0,153.0,5.120000000000001,2.0,6.0,35.20608502708197,-3.5532345959081977,5.786977343755699E-4,0.0020495884362241143,220.99999971291862,152.99999960559214,2.99999904151806,2.2288786572908126E-6,0.009996577267046476,1.484445367597597E-4,7.777569748598649,220.40970596110364,152.70826717097142,3.3217494139215784,-0.019364981215942614,-42.67568180115227,7.553502082824707,0.0,1.9727028848137707E-4,1718705.0,ACT-CLJ0220.9-0332,2.242544903424E-4,1.3213886509757835,-0.3530506903438944,0.0133390500690772,11130.507570863649,-0.001454924380874,-0.0702296343451814,419.24746849751614,21.0,TGSSADR J022049.4-033316,35.20604,2.0,-3.55462,2.0,337.6,34.4,312.3,31.5,28.1,0.4,25.9,0.3,9.0,6.6,3.9,S,R08D31,3,14,4.990244158823828
ACT-CLJ0220.9-0332,all,0,221.0,153.0,5.120000000000001,2.0,7.0,35.20608502708197,-3.5532345959081977,5.786977343755699E-4,0.0020495884362241143,220.99999971291862,152.99999960559214,2.99999904151806,2.2288786572908126E-6,0.009996577267046476,1.484445367597597E-4,7.777569748598649,220.40970596110364,152.70826717097142,3.3217494139215784,-0.019364981215942614,-42.67568180115227,7.553502082824707,0.0,1.9727028848137707E-4,1718705.0,ACT-CLJ0220.9-0332,2.242544903424E-4,1.3213886509757835,-0.3530506903438944,0.0133390500690772,11130.507570863649,-0.001454924380874,-0.0702296343451814,419.24746849751614,21.0,TGSSADR J022049.4-033316,35.20604,2.0,-3.55462,2.0,337.6,34.4,312.3,31.5,28.1,0.4,25.9,0.3,9.0,6.6,3.9,S,R08D31,3,14,4.990244158823828
ACT-CLJ0220.9-0332,all,0,220.0,152.0,3.0,3.0,4.0,35.20664163308992,-3.5537901709523,5.706814651020838E-4,0.0021679371139634593,219.999999877967,152.00000000758254,2.9999961684738996,2.1650703056048514E-6,0.009996402279699902,1.4845724603946596E-4,7.767047301431542,220.40242898115764,152.70511023564038,3.323667953863967,-0.019369314685141494,-42.691745239385206,7.847428798675537,0.0,1.9828075892291963E-4,1683592.25,ACT-CLJ0220.9-0332,2.242544903424E-4,1.3213886509757835,-0.3530506903438944,0.0133390500690772,11130.507570863649,-0.001454924380874,-0.0702296343451814,419.24746849751614,21.0,TGSSADR J022049.4-033316,35.20604,2.0,-3.55462,2.0,337.6,34.4,312.3,31.5,28.1,0.4,25.9,0.3,9.0,6.6,3.9,S,R08D31,3,14,3.6887588804341402
ACT-CLJ0220.9-0332,all,0,220.0,152.0,4.800000000000001,3.0,5.0,35.20664163308992,-3.5537901709523,5.706814651020838E-4,0.0021679371139634593,219.999999877967,152.00000000758254,2.9999961684738996,2.1650703056048514E-6,0.009996402279699902,1.4845724603946596E-4,7.767047301431542,220.40242898115764,152.70511023564038,3.323667953863967,-0.019369314685141494,-42.691745239385206,7.847428798675537,0.0,1.9828075892291963E-4,1683592.25,ACT-CLJ0220.9-0332,2.242544903424E-4,1.3213886509757835,-0.3530506903438944,0.0133390500690772,11130.507570863649,-0.001454924380874,-0.0702296343451814,419.24746849751614,21.0,TGSSADR J022049.4-033316,35.20604,2.0,-3.55462,2.0,337.6,34.4,312.3,31.5,28.1,0.4,25.9,0.3,9.0,6.6,3.9,S,R08D31,3,14,3.6887588804341402
ACT-CLJ0220.9-0332,all,0,220.0,152.0,4.800000000000001,3.0,6.0,35.20664163308992,-3.5537901709523,5.706814651020838E-4,0.0021679371139634593,219.999999877967,152.00000000758254,2.9999961684738996,2.1650703056048514E-6,0.009996402279699902,1.4845724603946596E-4,7.767047301431542,220.40242898115764,152.70511023564038,3.323667953863967,-0.019369314685141494,-42.691745239385206,7.847428798675537,0.0,1.9828075892291963E-4,1683592.25,ACT-CLJ0220.9-0332,2.242544903424E-4,1.3213886509757835,-0.3530506903438944,0.0133390500690772,11130.507570863649,-0.001454924380874,-0.0702296343451814,419.24746849751614,21.0,TGSSADR J022049.4-033316,35.20604,2.0,-3.55462,2.0,337.6,34.4,312.3,31.5,28.1,0.4,25.9,0.3,9.0,6.6,3.9,S,R08D31,3,14,3.6887588804341402
ACT-CLJ0220.9-0332,all,0,220.0,152.0,4.800000000000001,3.0,7.0,35.20664163308992,-3.5537901709523,5.706814651020838E-4,0.0021679371139634593,219.999999877967,152.00000000758254,2.9999961684738996,2.1650703056048514E-6,0.009996402279699902,1.4845724603946596E-4,7.767047301431542,220.40242898115764,152.70511023564038,3.323667953863967,-0.019369314685141494,-42.691745239385206,7.847428798675537,0.0,1.9828075892291963E-4,1683592.25,ACT-CLJ0220.9-0332,2.242544903424E-4,1.3213886509757835,-0.3530506903438944,0.0133390500690772,11130.507570863649,-0.001454924380874,-0.0702296343451814,419.24746849751614,21.0,TGSSADR J022049.4-033316,35.20604,2.0,-3.55462,2.0,337.6,34.4,312.3,31.5,28.1,0.4,25.9,0.3,9.0,6.6,3.9,S,R08D31,3,14,3.6887588804341402
ACT-CLJ0220.9-0332,all,0,220.0,152.0,4.0,4.0,5.0,35.20664163308992,-3.5537901709523,5.706814651020838E-4,0.0021679371139634593,219.999999877967,152.00000000758254,2.9999961684738996,2.1650703056048514E-6,0.009996402279699902,1.4845724603946596E-4,7.767047301431542,220.40242898115764,152.70511023564038,3.323667953863967,-0.019369314685141494,-42.691745239385206,7.847428798675537,0.0,1.9828075892291963E-4,1683592.25,ACT-CLJ0220.9-0332,2.242544903424E-4,1.3213886509757835,-0.3530506903438944,0.0133390500690772,11130.507570863649,-0.001454924380874,-0.0702296343451814,419.24746849751614,21.0,TGSSADR J022049.4-033316,35.20604,2.0,-3.55462,2.0,337.6,34.4,312.3,31.5,28.1,0.4,25.9,0.3,9.0,6.6,3.9,S,R08D31,3,14,3.6887588804341402
ACT-CLJ0220.9-0332,all,0,220.0,152.0,4.0,4.0,6.0,35.20664163308992,-3.5537901709523,5.706814651020838E-4,0.0021679371139634593,219.999999877967,152.00000000758254,2.9999961684738996,2.1650703056048514E-6,0.009996402279699902,1.4845724603946596E-4,7.767047301431542,220.40242898115764,152.70511023564038,3.323667953863967,-0.019369314685141494,-42.691745239385206,7.847428798675537,0.0,1.9828075892291963E-4,1683592.25,ACT-CLJ0220.9-0332,2.242544903424E-4,1.3213886509757835,-0.3530506903438944,0.0133390500690772,11130.507570863649,-0.001454924380874,-0.0702296343451814,419.24746849751614,21.0,TGSSADR J022049.4-033316,35.20604,2.0,-3.55462,2.0,337.6,34.4,312.3,31.5,28.1,0.4,25.9,0.3,9.0,6.6,3.9,S,R08D31,3,14,3.6887588804341402
ACT-CLJ0220.9-0332,all,0,220.0,152.0,4.0,4.0,7.0,35.20664163308992,-3.5537901709523,5.706814651020838E-4,0.0021679371139634593,219.999999877967,152.00000000758254,2.9999961684738996,2.1650703056048514E-6,0.009996402279699902,1.4845724603946596E-4,7.767047301431542,220.40242898115764,152.70511023564038,3.323667953863967,-0.019369314685141494,-42.691745239385206,7.847428798675537,0.0,1.9828075892291963E-4,1683592.25,ACT-CLJ0220.9-0332,2.242544903424E-4,1.3213886509757835,-0.3530506903438944,0.0133390500690772,11130.507570863649,-0.001454924380874,-0.0702296343451814,419.24746849751614,21.0,TGSSADR J022049.4-033316,35.20604,2.0,-3.55462,2.0,337.6,34.4,312.3,31.5,28.1,0.4,25.9,0.3,9.0,6.6,3.9,S,R08D31,3,14,3.6887588804341402
ACT-CLJ0220.9-0332,all,0,175.0,146.0,6.4,4.0,7.0,35.231689770602266,-3.5571240387268905,1.9989380377392343E-4,6.867303829297604E-4,175.00000008573028,146.0000000733303,2.9999994167212565,2.96300573160754E-6,0.009996519422657162,1.4845626660391602E-4,4.221072419464572,174.14895347626128,145.14545009527652,3.6678988743119287,-0.017620666310788187,-42.65533835114296,3.362607717514038,0.0,1.4110226766206324E-4,2972027.0,ACT-CLJ0220.9-0332,2.242544903424E-4,1.3213886509757835,-0.3530506903438944,0.0133390500690772,11130.507570863649,-0.001454924380874,-0.0702296343451814,419.24746849751614,21.0,TGSSADR J022055.4-033331,35.23084,2.1,-3.55882,2.1,80.5,10.5,77.1,8.7,27.5,1.5,25.6,1.3,-9.1,30.4,3.9,S,R08D31,4,2,6.828355781754943
ACT-CLJ0220.9-0332,all,0,221.0,153.0,5.0,5.0,6.0,35.20608502708197,-3.5532345959081977,5.786977343755699E-4,0.0020495884362241143,220.99999971291862,152.99999960559214,2.99999904151806,2.2288786572908126E-6,0.009996577267046476,1.484445367597597E-4,7.777569748598649,220.40970596110364,152.70826717097142,3.3217494139215784,-0.019364981215942614,-42.67568180115227,7.553502082824707,0.0,1.9727028848137707E-4,1718705.0,ACT-CLJ0220.9-0332,2.242544903424E-4,1.3213886509757835,-0.3530506903438944,0.0133390500690772,11130.507570863649,-0.001454924380874,-0.0702296343451814,419.24746849751614,21.0,TGSSADR J022049.4-033316,35.20604,2.0,-3.55462,2.0,337.6,34.4,312.3,31.5,28.1,0.4,25.9,0.3,9.0,6.6,3.9,S,R08D31,3,14,4.990244158823828
ACT-CLJ0220.9-0332,all,0,221.0,153.0,5.0,5.0,7.0,35.20608502708197,-3.5532345959081977,5.786977343755699E-4,0.0020495884362241143,220.99999971291862,152.99999960559214,2.99999904151806,2.2288786572908126E-6,0.009996577267046476,1.484445367597597E-4,7.777569748598649,220.40970596110364,152.70826717097142,3.3217494139215784,-0.019364981215942614,-42.67568180115227,7.553502082824707,0.0,1.9727028848137707E-4,1718705.0,ACT-CLJ0220.9-0332,2.242544903424E-4,1.3213886509757835,-0.3530506903438944,0.0133390500690772,11130.507570863649,-0.001454924380874,-0.0702296343451814,419.24746849751614,21.0,TGSSADR J022049.4-033316,35.20604,2.0,-3.55462,2.0,337.6,34.4,312.3,31.5,28.1,0.4,25.9,0.3,9.0,6.6,3.9,S,R08D31,3,14,4.990244158823828
ACT-CLJ0220.9-0332,all,0,221.0,153.0,6.0,6.0,7.0,35.20608502708197,-3.5532345959081977,5.786977343755699E-4,0.0020495884362241143,220.99999971291862,152.99999960559214,2.99999904151806,2.2288786572908126E-6,0.009996577267046476,1.484445367597597E-4,7.777569748598649,220.40970596110364,152.70826717097142,3.3217494139215784,-0.019364981215942614,-42.67568180115227,7.553502082824707,0.0,1.9727028848137707E-4,1718705.0,ACT-CLJ0220.9-0332,2.242544903424E-4,1.3213886509757835,-0.3530506903438944,0.0133390500690772,11130.507570863649,-0.001454924380874,-0.0702296343451814,419.24746849751614,21.0,TGSSADR J022049.4-033316,35.20604,2.0,-3.55462,2.0,337.6,34.4,312.3,31.5,28.1,0.4,25.9,0.3,9.0,6.6,3.9,S,R08D31,3,14,4.990244158823828
ACT-CLJ0220.9-0332,all,0,175.0,146.0,6.0,6.0,7.0,35.231689770602266,-3.5571240387268905,1.9989380377392343E-4,6.867303829297604E-4,175.00000008573028,146.0000000733303,2.9999994167212565,2.96300573160754E-6,0.009996519422657162,1.4845626660391602E-4,4.221072419464572,174.14895347626128,145.14545009527652,3.6678988743119287,-0.017620666310788187,-42.65533835114296,3.362607717514038,0.0,1.4110226766206324E-4,2972027.0,ACT-CLJ0220.9-0332,2.242544903424E-4,1.3213886509757835,-0.3530506903438944,0.0133390500690772,11130.507570863649,-0.001454924380874,-0.0702296343451814,419.24746849751614,21.0,TGSSADR J022055.4-033331,35.23084,2.1,-3.55882,2.1,80.5,10.5,77.1,8.7,27.5,1.5,25.6,1.3,-9.1,30.4,3.9,S,R08D31,4,2,6.828355781754943
ACT-CLJ0248.0-0331,all,0,162.0,158.0,3.2,2.0,4.0,42.0146942139,-3.5296932877949274,3.878509540864835E-5,8.674374630615297E-4,161.99999995583795,158.00000000176607,2.999999858765321,-8.43974632800908E-6,-0.023911954936382564,8.570963046362806E-5,7.772704316259594,161.72659118489094,158.0910223529412,3.0793007357114273,0.004649005633728617,27.17469362876833,7.10111141204834,0.0,7.953811291372404E-5,1.3485804E7,ACT-CLJ0248.0-0331,1.101180147742E-4,1.126627565670526,0.3372519571030021,0.0,19050.41562378959,-7.508611007397E-4,-0.0656326917635188,420.7535449333178,21.0,TGSSADR J024803.4-033143,42.01431,2.0,-3.52889,2.0,224.8,23.0,209.8,21.2,27.9,0.4,26.1,0.4,-6.4,8.8,2.9,S,R09D30,5,14,3.2064713066741435
ACT-CLJ0248.0-0331,all,0,162.0,158.0,3.2,2.0,5.0,42.0146942139,-3.5296932877949274,3.878509540864835E-5,8.674374630615297E-4,161.99999995583795,158.00000000176607,2.999999858765321,-8.43974632800908E-6,-0.023911954936382564,8.570963046362806E-5,7.772704316259594,161.72659118489094,158.0910223529412,3.0793007357114273,0.004649005633728617,27.17469362876833,7.10111141204834,0.0,7.953811291372404E-5,1.3485804E7,ACT-CLJ0248.0-0331,1.101180147742E-4,1.126627565670526,0.3372519571030021,0.0,19050.41562378959,-7.508611007397E-4,-0.0656326917635188,420.7535449333178,21.0,TGSSADR J024803.4-033143,42.01431,2.0,-3.52889,2.0,224.8,23.0,209.8,21.2,27.9,0.4,26.1,0.4,-6.4,8.8,2.9,S,R09D30,5,14,3.2064713066741435
ACT-CLJ0248.0-0331,all,0,162.0,158.0,5.120000000000001,2.0,6.0,42.0146942139,-3.5296932877949274,3.878509540864835E-5,8.674374630615297E-4,161.99999995583795,158.00000000176607,2.999999858765321,-8.43974632800908E-6,-0.023911954936382564,8.570963046362806E-5,7.772704316259594,161.72659118489094,158.0910223529412,3.0793007357114273,0.004649005633728617,27.17469362876833,7.10111141204834,0.0,7.953811291372404E-5,1.3485804E7,ACT-CLJ0248.0-0331,1.101180147742E-4,1.126627565670526,0.3372519571030021,0.0,19050.41562378959,-7.508611007397E-4,-0.0656326917635188,420.7535449333178,21.0,TGSSADR J024803.4-033143,42.01431,2.0,-3.52889,2.0,224.8,23.0,209.8,21.2,27.9,0.4,26.1,0.4,-6.4,8.8,2.9,S,R09D30,5,14,3.2064713066741435
ACT-CLJ0248.0-0331,all,0,162.0,158.0,5.120000000000001,2.0,7.0,42.0146942139,-3.5296932877949274,3.878509540864835E-5,8.674374630615297E-4,161.99999995583795,158.00000000176607,2.999999858765321,-8.43974632800908E-6,-0.023911954936382564,8.570963046362806E-5,7.772704316259594,161.72659118489094,158.0910223529412,3.0793007357114273,0.004649005633728617,27.17469362876833,7.10111141204834,0.0,7.953811291372404E-5,1.3485804E7,ACT-CLJ0248.0-0331,1.101180147742E-4,1.126627565670526,0.3372519571030021,0.0,19050.41562378959,-7.508611007397E-4,-0.0656326917635188,420.7535449333178,21.0,TGSSADR J024803.4-033143,42.01431,2.0,-3.52889,2.0,224.8,23.0,209.8,21.2,27.9,0.4,26.1,0.4,-6.4,8.8,2.9,S,R09D30,5,14,3.2064713066741435
ACT-CLJ0248.0-0331,all,0,162.0,158.0,3.0,3.0,4.0,42.0146942139,-3.5296932877949274,3.878509540864835E-5,8.674374630615297E-4,161.99999995583795,158.00000000176607,2.999999858765321,-8.43974632800908E-6,-0.023911954936382564,8.570963046362806E-5,7.772704316259594,161.72659118489094,158.0910223529412,3.0793007357114273,0.004649005633728617,27.17469362876833,7.10111141204834,0.0,7.953811291372404E-5,1.3485804E7,ACT-CLJ0248.0-0331,1.101180147742E-4,1.126627565670526,0.3372519571030021,0.0,19050.41562378959,-7.508611007397E-4,-0.0656326917635188,420.7535449333178,21.0,TGSSADR J024803.4-033143,42.01431,2.0,-3.52889,2.0,224.8,23.0,209.8,21.2,27.9,0.4,26.1,0.4,-6.4,8.8,2.9,S,R09D30,5,14,3.2064713066741435
ACT-CLJ0248.0-0331,all,0,162.0,158.0,4.800000000000001,3.0,5.0,42.0146942139,-3.5296932877949274,3.878509540864835E-5,8.674374630615297E-4,161.99999995583795,158.00000000176607,2.999999858765321,-8.43974632800908E-6,-0.023911954936382564,8.570963046362806E-5,7.772704316259594,161.72659118489094,158.0910223529412,3.0793007357114273,0.004649005633728617,27.17469362876833,7.10111141204834,0.0,7.953811291372404E-5,1.3485804E7,ACT-CLJ0248.0-0331,1.101180147742E-4,1.126627565670526,0.3372519571030021,0.0,19050.41562378959,-7.508611007397E-4,-0.0656326917635188,420.7535449333178,21.0,TGSSADR J024803.4-033143,42.01431,2.0,-3.52889,2.0,224.8,23.0,209.8,21.2,27.9,0.4,26.1,0.4,-6.4,8.8,2.9,S,R09D30,5,14,3.2064713066741435
ACT-CLJ0248.0-0331,all,0,162.0,158.0,4.800000000000001,3.0,6.0,42.0146942139,-3.5296932877949274,3.878509540864835E-5,8.674374630615297E-4,161.99999995583795,158.00000000176607,2.999999858765321,-8.43974632800908E-6,-0.023911954936382564,8.570963046362806E-5,7.772704316259594,161.72659118489094,158.0910223529412,3.0793007357114273,0.004649005633728617,27.17469362876833,7.10111141204834,0.0,7.953811291372404E-5,1.3485804E7,ACT-CLJ0248.0-0331,1.101180147742E-4,1.126627565670526,0.3372519571030021,0.0,19050.41562378959,-7.508611007397E-4,-0.0656326917635188,420.7535449333178,21.0,TGSSADR J024803.4-033143,42.01431,2.0,-3.52889,2.0,224.8,23.0,209.8,21.2,27.9,0.4,26.1,0.4,-6.4,8.8,2.9,S,R09D30,5,14,3.2064713066741435
ACT-CLJ0248.0-0331,all,0,162.0,158.0,4.800000000000001,3.0,7.0,42.0146942139,-3.5296932877949274,3.878509540864835E-5,8.674374630615297E-4,161.99999995583795,158.00000000176607,2.999999858765321,-8.43974632800908E-6,-0.023911954936382564,8.570963046362806E-5,7.772704316259594,161.72659118489094,158.0910223529412,3.0793007357114273,0.004649005633728617,27.17469362876833,7.10111141204834,0.0,7.953811291372404E-5,1.3485804E7,ACT-CLJ0248.0-0331,1.101180147742E-4,1.126627565670526,0.3372519571030021,0.0,19050.41562378959,-7.508611007397E-4,-0.0656326917635188,420.7535449333178,21.0,TGSSADR J024803.4-033143,42.01431,2.0,-3.52889,2.0,224.8,23.0,209.8,21.2,27.9,0.4,26.1,0.4,-6.4,8.8,2.9,S,R09D30,5,14,3.2064713066741435
ACT-CLJ0248.0-0331,all,0,162.0,158.0,4.0,4.0,5.0,42.0146942139,-3.5296932877949274,3.878509540864835E-5,8.674374630615297E-4,161.99999995583795,158.00000000176607,2.999999858765321,-8.43974632800908E-6,-0.023911954936382564,8.570963046362806E-5,7.772704316259594,161.72659118489094,158.0910223529412,3.0793007357114273,0.004649005633728617,27.17469362876833,7.10111141204834,0.0,7.953811291372404E-5,1.3485804E7,ACT-CLJ0248.0-0331,1.101180147742E-4,1.126627565670526,0.3372519571030021,0.0,19050.41562378959,-7.508611007397E-4,-0.0656326917635188,420.7535449333178,21.0,TGSSADR J024803.4-033143,42.01431,2.0,-3.52889,2.0,224.8,23.0,209.8,21.2,27.9,0.4,26.1,0.4,-6.4,8.8,2.9,S,R09D30,5,14,3.2064713066741435
ACT-CLJ0248.0-0331,all,0,162.0,158.0,4.0,4.0,6.0,42.0146942139,-3.5296932877949274,3.878509540864835E-5,8.674374630615297E-4,161.99999995583795,158.00000000176607,2.999999858765321,-8.43974632800908E-6,-0.023911954936382564,8.570963046362806E-5,7.772704316259594,161.72659118489094,158.0910223529412,3.0793007357114273,0.004649005633728617,27.17469362876833,7.10111141204834,0.0,7.953811291372404E-5,1.3485804E7,ACT-CLJ0248.0-0331,1.101180147742E-4,1.126627565670526,0.3372519571030021,0.0,19050.41562378959,-7.508611007397E-4,-0.0656326917635188,420.7535449333178,21.0,TGSSADR J024803.4-033143,42.01431,2.0,-3.52889,2.0,224.8,23.0,209.8,21.2,27.9,0.4,26.1,0.4,-6.4,8.8,2.9,S,R09D30,5,14,3.2064713066741435
ACT-CLJ0248.0-0331,all,0,162.0,158.0,4.0,4.0,7.0,42.0146942139,-3.5296932877949274,3.878509540864835E-5,8.674374630615297E-4,161.99999995583795,158.00000000176607,2.999999858765321,-8.43974632800908E-6,-0.023911954936382564,8.570963046362806E-5,7.772704316259594,161.72659118489094,158.0910223529412,3.0793007357114273,0.004649005633728617,27.17469362876833,7.10111141204834,0.0,7.953811291372404E-5,1.3485804E7,ACT-CLJ0248.0-0331,1.101180147742E-4,1.126627565670526,0.3372519571030021,0.0,19050.41562378959,-7.508611007397E-4,-0.0656326917635188,420.7535449333178,21.0,TGSSADR J024803.4-033143,42.01431,2.0,-3.52889,2.0,224.8,23.0,209.8,21.2,27.9,0.4,26.1,0.4,-6.4,8.8,2.9,S,R09D30,5,14,3.2064713066741435
ACT-CLJ0248.0-0331,all,0,162.0,158.0,5.0,5.0,6.0,42.0146942139,-3.5296932877949274,3.878509540864835E-5,8.674374630615297E-4,161.99999995583795,158.00000000176607,2.999999858765321,-8.43974632800908E-6,-0.023911954936382564,8.570963046362806E-5,7.772704316259594,161.72659118489094,158.0910223529412,3.0793007357114273,0.004649005633728617,27.17469362876833,7.10111141204834,0.0,7.953811291372404E-5,1.3485804E7,ACT-CLJ0248.0-0331,1.101180147742E-4,1.126627565670526,0.3372519571030021,0.0,19050.41562378959,-7.508611007397E-4,-0.0656326917635188,420.7535449333178,21.0,TGSSADR J024803.4-033143,42.01431,2.0,-3.52889,2.0,224.8,23.0,209.8,21.2,27.9,0.4,26.1,0.4,-6.4,8.8,2.9,S,R09D30,5,14,3.2064713066741435
ACT-CLJ0248.0-0331,all,0,162.0,158.0,5.0,5.0,7.0,42.0146942139,-3.5296932877949274,3.878509540864835E-5,8.674374630615297E-4,161.99999995583795,158.00000000176607,2.999999858765321,-8.43974632800908E-6,-0.023911954936382564,8.570963046362806E-5,7.772704316259594,161.72659118489094,158.0910223529412,3.0793007357114273,0.004649005633728617,27.17469362876833,7.10111141204834,0.0,7.953811291372404E-5,1.3485804E7,ACT-CLJ0248.0-0331,1.101180147742E-4,1.126627565670526,0.3372519571030021,0.0,19050.41562378959,-7.508611007397E-4,-0.0656326917635188,420.7535449333178,21.0,TGSSADR J024803.4-033143,42.01431,2.0,-3.52889,2.0,224.8,23.0,209.8,21.2,27.9,0.4,26.1,0.4,-6.4,8.8,2.9,S,R09D30,5,14,3.2064713066741435
ACT-CLJ0248.0-0331,all,0,161.0,157.0,6.0,6.0,7.0,42.01525082567857,-3.530248843196705,4.9441489565666824E-5,8.468532081546316E-4,161.00000000601543,157.0000000304472,2.99999996462721,-8.429113930262932E-6,-0.023913322425500455,8.570735579273331E-5,7.776165027963404,161.72406694940176,158.0895986968054,3.078886951977828,0.004648094293778302,27.174293969329742,6.767776012420654,0.0,7.934611494420096E-5,1.3699112E7,ACT-CLJ0248.0-0331,1.101180147742E-4,1.126627565670526,0.3372519571030021,0.0,19050.41562378959,-7.508611007397E-4,-0.0656326917635188,420.7535449333178,21.0,TGSSADR J024803.4-033143,42.01431,2.0,-3.52889,2.0,224.8,23.0,209.8,21.2,27.9,0.4,26.1,0.4,-6.4,8.8,2.9,S,R09D30,5,14,5.948772803657942
ACT-CLJ0905.6+0434,all,0,133.0,140.0,2.0,2.0,3.0,136.4326967334759,4.561738378039334,3.5294968132104925E-4,0.0036381895552074304,132.99999847874844,139.99999946468824,2.999998184943413,-7.266024311773095E-6,-0.01591496204723765,1.4628735054189035E-4,12.969395995981877,132.21897059412825,140.09464104999523,2.8722096119480307,-0.027295627716809257,-62.66097896963985,12.152335166931152,0.0,2.3258235887624323E-4,2155777.5,ACT-CLJ0905.6+0434,2.6606737737E-4,1.0423303220616795,-0.1809239316423417,0.0,11107.099796764283,-0.0014561638900667,-0.0837433615723374,390.7701943761312,21.0,TGSSADR J090543.5+043347,136.43135,2.2,4.56309,2.1,42.0,6.0,38.2,4.6,28.2,2.0,25.1,1.6,57.1,24.8,2.5,S,R28D36,6,15,6.855888368187596
ACT-CLJ0905.6+0434,all,0,132.0,140.0,3.2,2.0,4.0,136.4332540544612,4.5617383653604575,3.607222234332895E-4,0.003908872522861,131.99999990143206,139.99999983042557,2.999999323442098,-7.415311744705448E-6,-0.015925381679274174,1.4614870350897267E-4,12.965182551417964,132.21905611356325,140.09416552758466,2.872596353353341,-0.027296144775070866,-62.66359860136652,12.194819450378418,0.0,2.329940616618842E-4,2242354.75,ACT-CLJ0905.6+0434,2.6606737737E-4,1.0423303220616795,-0.1809239316423417,0.0,11107.099796764283,-0.0014561638900667,-0.0837433615723374,390.7701943761312,21.0,TGSSADR J090543.5+043347,136.43135,2.2,4.56309,2.1,42.0,6.0,38.2,4.6,28.2,2.0,25.1,1.6,57.1,24.8,2.5,S,R28D36,6,15,8.385998426924619
ACT-CLJ0905.6+0434,all,0,132.0,140.0,3.2,2.0,5.0,136.4332540544612,4.5617383653604575,3.607222234332895E-4,0.003908872522861,131.99999990143206,139.99999983042557,2.999999323442098,-7.415311744705448E-6,-0.015925381679274174,1.4614870350897267E-4,12.965182551417964,132.21905611356325,140.09416552758466,2.872596353353341,-0.027296144775070866,-62.66359860136652,12.194819450378418,0.0,2.329940616618842E-4,2242354.75,ACT-CLJ0905.6+0434,2.6606737737E-4,1.0423303220616795,-0.1809239316423417,0.0,11107.099796764283,-0.0014561638900667,-0.0837433615723374,390.7701943761312,21.0,TGSSADR J090543.5+043347,136.43135,2.2,4.56309,2.1,42.0,6.0,38.2,4.6,28.2,2.0,25.1,1.6,57.1,24.8,2.5,S,R28D36,6,15,8.385998426924619
ACT-CLJ0905.6+0434,all,0,132.0,140.0,5.120000000000001,2.0,6.0,136.4332540544612,4.5617383653604575,3.607222234332895E-4,0.003908872522861,131.99999990143206,139.99999983042557,2.999999323442098,-7.415311744705448E-6,-0.015925381679274174,1.4614870350897267E-4,12.965182551417964,132.21905611356325,140.09416552758466,2.872596353353341,-0.027296144775070866,-62.66359860136652,12.194819450378418,0.0,2.329940616618842E-4,2242354.75,ACT-CLJ0905.6+0434,2.6606737737E-4,1.0423303220616795,-0.1809239316423417,0.0,11107.099796764283,-0.0014561638900667,-0.0837433615723374,390.7701943761312,21.0,TGSSADR J090543.5+043347,136.43135,2.2,4.56309,2.1,42.0,6.0,38.2,4.6,28.2,2.0,25.1,1.6,57.1,24.8,2.5,S,R28D36,6,15,8.385998426924619
ACT-CLJ0905.6+0434,all,0,132.0,140.0,5.120000000000001,2.0,7.0,136.4332540544612,4.5617383653604575,3.607222234332895E-4,0.003908872522861,131.99999990143206,139.99999983042557,2.999999323442098,-7.415311744705448E-6,-0.015925381679274174,1.4614870350897267E-4,12.965182551417964,132.21905611356325,140.09416552758466,2.872596353353341,-0.027296144775070866,-62.66359860136652,12.194819450378418,0.0,2.329940616618842E-4,2242354.75,ACT-CLJ0905.6+0434,2.6606737737E-4,1.0423303220616795,-0.1809239316423417,0.0,11107.099796764283,-0.0014561638900667,-0.0837433615723374,390.7701943761312,21.0,TGSSADR J090543.5+043347,136.43135,2.2,4.56309,2.1,42.0,6.0,38.2,4.6,28.2,2.0,25.1,1.6,57.1,24.8,2.5,S,R28D36,6,15,8.385998426924619
ACT-CLJ0905.6+0434,all,0,132.0,140.0,3.0,3.0,4.0,136.4332540544612,4.5617383653604575,3.607222234332895E-4,0.003908872522861,131.99999990143206,139.99999983042557,2.999999323442098,-7.415311744705448E-6,-0.015925381679274174,1.4614870350897267E-4,12.965182551417964,132.21905611356325,140.09416552758466,2.872596353353341,-0.027296144775070866,-62.66359860136652,12.194819450378418,0.0,2.329940616618842E-4,2242354.75,ACT-CLJ0905.6+0434,2.6606737737E-4,1.0423303220616795,-0.1809239316423417,0.0,11107.099796764283,-0.0014561638900667,-0.0837433615723374,390.7701943761312,21.0,TGSSADR J090543.5+043347,136.43135,2.2,4.56309,2.1,42.0,6.0,38.2,4.6,28.2,2.0,25.1,1.6,57.1,24.8,2.5,S,R28D36,6,15,8.385998426924619
ACT-CLJ0905.6+0434,all,0,132.0,140.0,4.800000000000001,3.0,5.0,136.4332540544612,4.5617383653604575,3.607222234332895E-4,0.003908872522861,131.99999990143206,139.99999983042557,2.999999323442098,-7.415311744705448E-6,-0.015925381679274174,1.4614870350897267E-4,12.965182551417964,132.21905611356325,140.09416552758466,2.872596353353341,-0.027296144775070866,-62.66359860136652,12.194819450378418,0.0,2.329940616618842E-4,2242354.75,ACT-CLJ0905.6+0434,2.6606737737E-4,1.0423303220616795,-0.1809239316423417,0.0,11107.099796764283,-0.0014561638900667,-0.0837433615723374,390.7701943761312,21.0,TGSSADR J090543.5+043347,136.43135,2.2,4.56309,2.1,42.0,6.0,38.2,4.6,28.2,2.0,25.1,1.6,57.1,24.8,2.5,S,R28D36,6,15,8.385998426924619
ACT-CLJ0905.6+0434,all,0,132.0,140.0,4.800000000000001,3.0,6.0,136.4332540544612,4.5617383653604575,3.607222234332895E-4,0.003908872522861,131.99999990143206,139.99999983042557,2.999999323442098,-7.415311744705448E-6,-0.015925381679274174,1.4614870350897267E-4,12.965182551417964,132.21905611356325,140.09416552758466,2.872596353353341,-0.027296144775070866,-62.66359860136652,12.194819450378418,0.0,2.329940616618842E-4,2242354.75,ACT-CLJ0905.6+0434,2.6606737737E-4,1.0423303220616795,-0.1809239316423417,0.0,11107.099796764283,-0.0014561638900667,-0.0837433615723374,390.7701943761312,21.0,TGSSADR J090543.5+043347,136.43135,2.2,4.56309,2.1,42.0,6.0,38.2,4.6,28.2,2.0,25.1,1.6,57.1,24.8,2.5,S,R28D36,6,15,8.385998426924619
ACT-CLJ0905.6+0434,all,0,132.0,140.0,4.800000000000001,3.0,7.0,136.4332540544612,4.5617383653604575,3.607222234332895E-4,0.003908872522861,131.99999990143206,139.99999983042557,2.999999323442098,-7.415311744705448E-6,-0.015925381679274174,1.4614870350897267E-4,12.965182551417964,132.21905611356325,140.09416552758466,2.872596353353341,-0.027296144775070866,-62.66359860136652,12.194819450378418,0.0,2.329940616618842E-4,2242354.75,ACT-CLJ0905.6+0434,2.6606737737E-4,1.0423303220616795,-0.1809239316423417,0.0,11107.099796764283,-0.0014561638900667,-0.0837433615723374,390.7701943761312,21.0,TGSSADR J090543.5+043347,136.43135,2.2,4.56309,2.1,42.0,6.0,38.2,4.6,28.2,2.0,25.1,1.6,57.1,24.8,2.5,S,R28D36,6,15,8.385998426924619
ACT-CLJ0905.6+0434,all,0,132.0,140.0,4.0,4.0,5.0,136.4332540544612,4.5617383653604575,3.607222234332895E-4,0.003908872522861,131.99999990143206,139.99999983042557,2.999999323442098,-7.415311744705448E-6,-0.015925381679274174,1.4614870350897267E-4,12.965182551417964,132.21905611356325,140.09416552758466,2.872596353353341,-0.027296144775070866,-62.66359860136652,12.194819450378418,0.0,2.329940616618842E-4,2242354.75,ACT-CLJ0905.6+0434,2.6606737737E-4,1.0423303220616795,-0.1809239316423417,0.0,11107.099796764283,-0.0014561638900667,-0.0837433615723374,390.7701943761312,21.0,TGSSADR J090543.5+043347,136.43135,2.2,4.56309,2.1,42.0,6.0,38.2,4.6,28.2,2.0,25.1,1.6,57.1,24.8,2.5,S,R28D36,6,15,8.385998426924619
ACT-CLJ0905.6+0434,all,0,132.0,140.0,4.0,4.0,6.0,136.4332540544612,4.5617383653604575,3.607222234332895E-4,0.003908872522861,131.99999990143206,139.99999983042557,2.999999323442098,-7.415311744705448E-6,-0.015925381679274174,1.4614870350897267E-4,12.965182551417964,132.21905611356325,140.09416552758466,2.872596353353341,-0.027296144775070866,-62.66359860136652,12.194819450378418,0.0,2.329940616618842E-4,2242354.75,ACT-CLJ0905.6+0434,2.6606737737E-4,1.0423303220616795,-0.1809239316423417,0.0,11107.099796764283,-0.0014561638900667,-0.0837433615723374,390.7701943761312,21.0,TGSSADR J090543.5+043347,136.43135,2.2,4.56309,2.1,42.0,6.0,38.2,4.6,28.2,2.0,25.1,1.6,57.1,24.8,2.5,S,R28D36,6,15,8.385998426924619
ACT-CLJ0905.6+0434,all,0,132.0,140.0,4.0,4.0,7.0,136.4332540544612,4.5617383653604575,3.607222234332895E-4,0.003908872522861,131.99999990143206,139.99999983042557,2.999999323442098,-7.415311744705448E-6,-0.015925381679274174,1.4614870350897267E-4,12.965182551417964,132.21905611356325,140.09416552758466,2.872596353353341,-0.027296144775070866,-62.66359860136652,12.194819450378418,0.0,2.329940616618842E-4,2242354.75,ACT-CLJ0905.6+0434,2.6606737737E-4,1.0423303220616795,-0.1809239316423417,0.0,11107.099796764283,-0.0014561638900667,-0.0837433615723374,390.7701943761312,21.0,TGSSADR J090543.5+043347,136.43135,2.2,4.56309,2.1,42.0,6.0,38.2,4.6,28.2,2.0,25.1,1.6,57.1,24.8,2.5,S,R28D36,6,15,8.385998426924619
ACT-CLJ0905.6+0434,all,0,132.0,140.0,5.0,5.0,6.0,136.4332540544612,4.5617383653604575,3.607222234332895E-4,0.003908872522861,131.99999990143206,139.99999983042557,2.999999323442098,-7.415311744705448E-6,-0.015925381679274174,1.4614870350897267E-4,12.965182551417964,132.21905611356325,140.09416552758466,2.872596353353341,-0.027296144775070866,-62.66359860136652,12.194819450378418,0.0,2.329940616618842E-4,2242354.75,ACT-CLJ0905.6+0434,2.6606737737E-4,1.0423303220616795,-0.1809239316423417,0.0,11107.099796764283,-0.0014561638900667,-0.0837433615723374,390.7701943761312,21.0,TGSSADR J090543.5+043347,136.43135,2.2,4.56309,2.1,42.0,6.0,38.2,4.6,28.2,2.0,25.1,1.6,57.1,24.8,2.5,S,R28D36,6,15,8.385998426924619
ACT-CLJ0905.6+0434,all,0,132.0,140.0,5.0,5.0,7.0,136.4332540544612,4.5617383653604575,3.607222234332895E-4,0.003908872522861,131.99999990143206,139.99999983042557,2.999999323442098,-7.415311744705448E-6,-0.015925381679274174,1.4614870350897267E-4,12.965182551417964,132.21905611356325,140.09416552758466,2.872596353353341,-0.027296144775070866,-62.66359860136652,12.194819450378418,0.0,2.329940616618842E-4,2242354.75,ACT-CLJ0905.6+0434,2.6606737737E-4,1.0423303220616795,-0.1809239316423417,0.0,11107.099796764283,-0.0014561638900667,-0.0837433615723374,390.7701943761312,21.0,TGSSADR J090543.5+043347,136.43135,2.2,4.56309,2.1,42.0,6.0,38.2,4.6,28.2,2.0,25.1,1.6,57.1,24.8,2.5,S,R28D36,6,15,8.385998426924619
ACT-CLJ0905.6+0434,all,0,132.0,140.0,6.0,6.0,7.0,136.4332540544612,4.5617383653604575,3.607222234332895E-4,0.003908872522861,131.99999990143206,139.99999983042557,2.999999323442098,-7.415311744705448E-6,-0.015925381679274174,1.4614870350897267E-4,12.965182551417964,132.21905611356325,140.09416552758466,2.872596353353341,-0.027296144775070866,-62.66359860136652,12.194819450378418,0.0,2.329940616618842E-4,2242354.75,ACT-CLJ0905.6+0434,2.6606737737E-4,1.0423303220616795,-0.1809239316423417,0.0,11107.099796764283,-0.0014561638900667,-0.0837433615723374,390.7701943761312,21.0,TGSSADR J090543.5+043347,136.43135,2.2,4.56309,2.1,42.0,6.0,38.2,4.6,28.2,2.0,25.1,1.6,57.1,24.8,2.5,S,R28D36,6,15,8.385998426924619
ACT-CLJ1005.5+0235,all,0,174.0,163.0,5.120000000000001,2.0,6.0,151.3802284020592,2.584107898594596,1.1675859818026474E-4,8.328302362541444E-4,173.9999999999802,162.9999999999944,3.0000000000195297,8.092663502557238E-6,0.02561802650291664,4.712160915387242E-5,5.189164480196989,173.7986712815695,162.77495336919773,4.818004541545664,0.002819693373418465,30.08152838447996,5.57912540435791,0.0,1.0154495248571038E-4,5194325.5,ACT-CLJ1005.5+0235,1.558670640617E-4,1.2831392497149856,0.0856423439634963,0.0,10919.216524971864,-4.501323043296E-4,-0.0740607311972409,422.97804681242,21.0,TGSSADR J100531.7+023505,151.38214,2.0,2.58486,2.0,257.8,26.2,213.5,21.5,28.6,0.4,27.5,0.4,9.3,14.7,2.8,S,R31D35,7,11,7.392555874621797
ACT-CLJ1005.5+0235,all,0,174.0,163.0,5.120000000000001,2.0,7.0,151.3802284020592,2.584107898594596,1.1675859818026474E-4,8.328302362541444E-4,173.9999999999802,162.9999999999944,3.0000000000195297,8.092663502557238E-6,0.02561802650291664,4.712160915387242E-5,5.189164480196989,173.7986712815695,162.77495336919773,4.818004541545664,0.002819693373418465,30.08152838447996,5.57912540435791,0.0,1.0154495248571038E-4,5194325.5,ACT-CLJ1005.5+0235,1.558670640617E-4,1.2831392497149856,0.0856423439634963,0.0,10919.216524971864,-4.501323043296E-4,-0.0740607311972409,422.97804681242,21.0,TGSSADR J100531.7+023505,151.38214,2.0,2.58486,2.0,257.8,26.2,213.5,21.5,28.6,0.4,27.5,0.4,9.3,14.7,2.8,S,R31D35,7,11,7.392555874621797
ACT-CLJ1005.5+0235,all,0,174.0,163.0,4.800000000000001,3.0,5.0,151.3802284020592,2.584107898594596,1.1675859818026474E-4,8.328302362541444E-4,173.9999999999802,162.9999999999944,3.0000000000195297,8.092663502557238E-6,0.02561802650291664,4.712160915387242E-5,5.189164480196989,173.7986712815695,162.77495336919773,4.818004541545664,0.002819693373418465,30.08152838447996,5.57912540435791,0.0,1.0154495248571038E-4,5194325.5,ACT-CLJ1005.5+0235,1.558670640617E-4,1.2831392497149856,0.0856423439634963,0.0,10919.216524971864,-4.501323043296E-4,-0.0740607311972409,422.97804681242,21.0,TGSSADR J100531.7+023505,151.38214,2.0,2.58486,2.0,257.8,26.2,213.5,21.5,28.6,0.4,27.5,0.4,9.3,14.7,2.8,S,R31D35,7,11,7.392555874621797
ACT-CLJ1005.5+0235,all,0,174.0,163.0,4.800000000000001,3.0,6.0,151.3802284020592,2.584107898594596,1.1675859818026474E-4,8.328302362541444E-4,173.9999999999802,162.9999999999944,3.0000000000195297,8.092663502557238E-6,0.02561802650291664,4.712160915387242E-5,5.189164480196989,173.7986712815695,162.77495336919773,4.818004541545664,0.002819693373418465,30.08152838447996,5.57912540435791,0.0,1.0154495248571038E-4,5194325.5,ACT-CLJ1005.5+0235,1.558670640617E-4,1.2831392497149856,0.0856423439634963,0.0,10919.216524971864,-4.501323043296E-4,-0.0740607311972409,422.97804681242,21.0,TGSSADR J100531.7+023505,151.38214,2.0,2.58486,2.0,257.8,26.2,213.5,21.5,28.6,0.4,27.5,0.4,9.3,14.7,2.8,S,R31D35,7,11,7.392555874621797
ACT-CLJ1005.5+0235,all,0,174.0,163.0,4.800000000000001,3.0,7.0,151.3802284020592,2.584107898594596,1.1675859818026474E-4,8.328302362541444E-4,173.9999999999802,162.9999999999944,3.0000000000195297,8.092663502557238E-6,0.02561802650291664,4.712160915387242E-5,5.189164480196989,173.7986712815695,162.77495336919773,4.818004541545664,0.002819693373418465,30.08152838447996,5.57912540435791,0.0,1.0154495248571038E-4,5194325.5,ACT-CLJ1005.5+0235,1.558670640617E-4,1.2831392497149856,0.0856423439634963,0.0,10919.216524971864,-4.501323043296E-4,-0.0740607311972409,422.97804681242,21.0,TGSSADR J100531.7+023505,151.38214,2.0,2.58486,2.0,257.8,26.2,213.5,21.5,28.6,0.4,27.5,0.4,9.3,14.7,2.8,S,R31D35,7,11,7.392555874621797
ACT-CLJ1005.5+0235,all,0,173.0,163.0,4.0,4.0,5.0,151.38078452313317,2.5841079013904382,1.0709884486269524E-4,8.564902464359765E-4,172.9999999780179,162.99999998800072,3.0000000418859605,8.076664100839542E-6,0.02560826622279261,1.2746961041781177E-4,5.193161931402514,173.78981342945204,162.78905402876046,4.810260063701281,0.002833853161912707,30.071140439407703,5.964524745941162,0.0,1.0175554780289531E-4,4807619.0,ACT-CLJ1005.5+0235,1.558670640617E-4,1.2831392497149856,0.0856423439634963,0.0,10919.216524971864,-4.501323043296E-4,-0.0740607311972409,422.97804681242,21.0,TGSSADR J100531.7+023505,151.38214,2.0,2.58486,2.0,257.8,26.2,213.5,21.5,28.6,0.4,27.5,0.4,9.3,14.7,2.8,S,R31D35,7,11,5.579857354796689
ACT-CLJ1005.5+0235,all,0,173.0,163.0,4.0,4.0,6.0,151.38078452313317,2.5841079013904382,1.0709884486269524E-4,8.564902464359765E-4,172.9999999780179,162.99999998800072,3.0000000418859605,8.076664100839542E-6,0.02560826622279261,1.2746961041781177E-4,5.193161931402514,173.78981342945204,162.78905402876046,4.810260063701281,0.002833853161912707,30.071140439407703,5.964524745941162,0.0,1.0175554780289531E-4,4807619.0,ACT-CLJ1005.5+0235,1.558670640617E-4,1.2831392497149856,0.0856423439634963,0.0,10919.216524971864,-4.501323043296E-4,-0.0740607311972409,422.97804681242,21.0,TGSSADR J100531.7+023505,151.38214,2.0,2.58486,2.0,257.8,26.2,213.5,21.5,28.6,0.4,27.5,0.4,9.3,14.7,2.8,S,R31D35,7,11,5.579857354796689
ACT-CLJ1005.5+0235,all,0,173.0,163.0,4.0,4.0,7.0,151.38078452313317,2.5841079013904382,1.0709884486269524E-4,8.564902464359765E-4,172.9999999780179,162.99999998800072,3.0000000418859605,8.076664100839542E-6,0.02560826622279261,1.2746961041781177E-4,5.193161931402514,173.78981342945204,162.78905402876046,4.810260063701281,0.002833853161912707,30.071140439407703,5.964524745941162,0.0,1.0175554780289531E-4,4807619.0,ACT-CLJ1005.5+0235,1.558670640617E-4,1.2831392497149856,0.0856423439634963,0.0,10919.216524971864,-4.501323043296E-4,-0.0740607311972409,422.97804681242,21.0,TGSSADR J100531.7+023505,151.38214,2.0,2.58486,2.0,257.8,26.2,213.5,21.5,28.6,0.4,27.5,0.4,9.3,14.7,2.8,S,R31D35,7,11,5.579857354796689
ACT-CLJ1005.5+0235,all,0,174.0,163.0,5.0,5.0,6.0,151.3802284020592,2.584107898594596,1.1675859818026474E-4,8.328302362541444E-4,173.9999999999802,162.9999999999944,3.0000000000195297,8.092663502557238E-6,0.02561802650291664,4.712160915387242E-5,5.189164480196989,173.7986712815695,162.77495336919773,4.818004541545664,0.002819693373418465,30.08152838447996,5.57912540435791,0.0,1.0154495248571038E-4,5194325.5,ACT-CLJ1005.5+0235,1.558670640617E-4,1.2831392497149856,0.0856423439634963,0.0,10919.216524971864,-4.501323043296E-4,-0.0740607311972409,422.97804681242,21.0,TGSSADR J100531.7+023505,151.38214,2.0,2.58486,2.0,257.8,26.2,213.5,21.5,28.6,0.4,27.5,0.4,9.3,14.7,2.8,S,R31D35,7,11,7.392555874621797
ACT-CLJ1005.5+0235,all,0,174.0,163.0,5.0,5.0,7.0,151.3802284020592,2.584107898594596,1.1675859818026474E-4,8.328302362541444E-4,173.9999999999802,162.9999999999944,3.0000000000195297,8.092663502557238E-6,0.02561802650291664,4.712160915387242E-5,5.189164480196989,173.7986712815695,162.77495336919773,4.818004541545664,0.002819693373418465,30.08152838447996,5.57912540435791,0.0,1.0154495248571038E-4,5194325.5,ACT-CLJ1005.5+0235,1.558670640617E-4,1.2831392497149856,0.0856423439634963,0.0,10919.216524971864,-4.501323043296E-4,-0.0740607311972409,422.97804681242,21.0,TGSSADR J100531.7+023505,151.38214,2.0,2.58486,2.0,257.8,26.2,213.5,21.5,28.6,0.4,27.5,0.4,9.3,14.7,2.8,S,R31D35,7,11,7.392555874621797
ACT-CLJ1005.5+0235,all,0,174.0,163.0,6.0,6.0,7.0,151.3802284020592,2.584107898594596,1.1675859818026474E-4,8.328302362541444E-4,173.9999999999802,162.9999999999944,3.0000000000195297,8.092663502557238E-6,0.02561802650291664,4.712160915387242E-5,5.189164480196989,173.7986712815695,162.77495336919773,4.818004541545664,0.002819693373418465,30.08152838447996,5.57912540435791,0.0,1.0154495248571038E-4,5194325.5,ACT-CLJ1005.5+0235,1.558670640617E-4,1.2831392497149856,0.0856423439634963,0.0,10919.216524971864,-4.501323043296E-4,-0.0740607311972409,422.97804681242,21.0,TGSSADR J100531.7+023505,151.38214,2.0,2.58486,2.0,257.8,26.2,213.5,21.5,28.6,0.4,27.5,0.4,9.3,14.7,2.8,S,R31D35,7,11,7.392555874621797
ACT-CLJ1125.7+0010,all,0,142.0,235.0,6.4,4.0,7.0,171.44372837752456,0.21886687870903426,7.339123673204351E-4,0.001265949748240923,141.99999984838703,235.0000001692196,3.0000002157613803,1.4678227881713071E-5,0.04606998600619803,1.1036830103651204E-4,3.3292574155540446,140.49081273251858,234.4660325171166,6.171189705652628,-0.0016711214429254006,17.74907882407169,3.0239992141723633,0.0,2.2717031242791563E-4,4831288.0,ACT-CLJ1125.7+0010,2.121535232467E-4,1.138582325602893,0.0417337236420132,0.0038103947568968,19634.02520833692,3.838836313406E-4,-0.0623236711178886,429.1176334957051,21.0,TGSSADR J112546.2+001314,171.4425,2.3,0.22071,2.4,37.5,6.2,29.0,4.2,30.6,3.3,27.9,2.8,13.5,48.7,2.9,S,R35D33,8,2,7.964053459607909
ACT-CLJ1125.7+0010,all,0,142.0,235.0,6.0,6.0,7.0,171.44372837752456,0.21886687870903426,7.339123673204351E-4,0.001265949748240923,141.99999984838703,235.0000001692196,3.0000002157613803,1.4678227881713071E-5,0.04606998600619803,1.1036830103651204E-4,3.3292574155540446,140.49081273251858,234.4660325171166,6.171189705652628,-0.0016711214429254006,17.74907882407169,3.0239992141723633,0.0,2.2717031242791563E-4,4831288.0,ACT-CLJ1125.7+0010,2.121535232467E-4,1.138582325602893,0.0417337236420132,0.0038103947568968,19634.02520833692,3.838836313406E-4,-0.0623236711178886,429.1176334957051,21.0,TGSSADR J112546.2+001314,171.4425,2.3,0.22071,2.4,37.5,6.2,29.0,4.2,30.6,3.3,27.9,2.8,13.5,48.7,2.9,S,R35D33,8,2,7.964053459607909
ACT-CLJ1136.9+0006,all,0,111.0,66.0,5.120000000000001,2.0,6.0,174.26174702519668,0.047561200610785656,0.0010540430036936736,0.003188856921136749,110.99999996983861,65.99999966926897,3.0000013975923854,1.1110362922999423E-5,0.0384756372005161,1.0706123873949817E-4,4.568184945177545,110.9559422784962,66.26021544113597,5.100301211601364,-0.016021978267001084,-26.72218442434763,4.79138708114624,0.0,4.3300780816935003E-4,1062793.375,ACT-CLJ1136.9+0006,2.127298238672E-4,1.145491895194492,0.0816754733148119,0.0371513488797439,20095.855829579294,-1.816237011341E-4,-0.0650241694378914,416.3288725984649,21.0,TGSSADR J113702.3+000249,174.25986,2.0,0.04706,2.0,158.7,17.3,139.8,14.6,28.1,0.9,26.8,0.8,4.8,26.7,4.1,S,R36D33,9,11,7.038641159769853
ACT-CLJ1136.9+0006,all,0,111.0,66.0,5.120000000000001,2.0,7.0,174.26174702519668,0.047561200610785656,0.0010540430036936736,0.003188856921136749,110.99999996983861,65.99999966926897,3.0000013975923854,1.1110362922999423E-5,0.0384756372005161,1.0706123873949817E-4,4.568184945177545,110.9559422784962,66.26021544113597,5.100301211601364,-0.016021978267001084,-26.72218442434763,4.79138708114624,0.0,4.3300780816935003E-4,1062793.375,ACT-CLJ1136.9+0006,2.127298238672E-4,1.145491895194492,0.0816754733148119,0.0371513488797439,20095.855829579294,-1.816237011341E-4,-0.0650241694378914,416.3288725984649,21.0,TGSSADR J113702.3+000249,174.25986,2.0,0.04706,2.0,158.7,17.3,139.8,14.6,28.1,0.9,26.8,0.8,4.8,26.7,4.1,S,R36D33,9,11,7.038641159769853
ACT-CLJ1136.9+0006,all,0,111.0,65.0,4.800000000000001,3.0,5.0,174.26174702471292,0.04700564559610467,0.0010626156632535485,0.00333527380480967,110.9999998447094,64.9999996687019,3.00000182460071,1.103147543614777E-5,0.038475592866095094,1.070440998527878E-4,4.568904028827409,110.95447668857724,66.2481663017029,5.097862014433654,-0.016014477340005166,-26.71673170833855,5.0535502433776855,0.0,4.380267928354442E-4,1048587.25,ACT-CLJ1136.9+0006,2.127298238672E-4,1.145491895194492,0.0816754733148119,0.0371513488797439,20095.855829579294,-1.816237011341E-4,-0.0650241694378914,416.3288725984649,21.0,TGSSADR J113702.3+000249,174.25986,2.0,0.04706,2.0,158.7,17.3,139.8,14.6,28.1,0.9,26.8,0.8,4.8,26.7,4.1,S,R36D33,9,11,6.806260362973664
ACT-CLJ1136.9+0006,all,0,111.0,65.0,4.800000000000001,3.0,6.0,174.26174702471292,0.04700564559610467,0.0010626156632535485,0.00333527380480967,110.9999998447094,64.9999996687019,3.00000182460071,1.103147543614777E-5,0.038475592866095094,1.070440998527878E-4,4.568904028827409,110.95447668857724,66.2481663017029,5.097862014433654,-0.016014477340005166,-26.71673170833855,5.0535502433776855,0.0,4.380267928354442E-4,1048587.25,ACT-CLJ1136.9+0006,2.127298238672E-4,1.145491895194492,0.0816754733148119,0.0371513488797439,20095.855829579294,-1.816237011341E-4,-0.0650241694378914,416.3288725984649,21.0,TGSSADR J113702.3+000249,174.25986,2.0,0.04706,2.0,158.7,17.3,139.8,14.6,28.1,0.9,26.8,0.8,4.8,26.7,4.1,S,R36D33,9,11,6.806260362973664
ACT-CLJ1136.9+0006,all,0,111.0,65.0,4.800000000000001,3.0,7.0,174.26174702471292,0.04700564559610467,0.0010626156632535485,0.00333527380480967,110.9999998447094,64.9999996687019,3.00000182460071,1.103147543614777E-5,0.038475592866095094,1.070440998527878E-4,4.568904028827409,110.95447668857724,66.2481663017029,5.097862014433654,-0.016014477340005166,-26.71673170833855,5.0535502433776855,0.0,4.380267928354442E-4,1048587.25,ACT-CLJ1136.9+0006,2.127298238672E-4,1.145491895194492,0.0816754733148119,0.0371513488797439,20095.855829579294,-1.816237011341E-4,-0.0650241694378914,416.3288725984649,21.0,TGSSADR J113702.3+000249,174.25986,2.0,0.04706,2.0,158.7,17.3,139.8,14.6,28.1,0.9,26.8,0.8,4.8,26.7,4.1,S,R36D33,9,11,6.806260362973664
ACT-CLJ1136.9+0006,all,0,111.0,65.0,4.0,4.0,5.0,174.26174702471292,0.04700564559610467,0.0010626156632535485,0.00333527380480967,110.9999998447094,64.9999996687019,3.00000182460071,1.103147543614777E-5,0.038475592866095094,1.070440998527878E-4,4.568904028827409,110.95447668857724,66.2481663017029,5.097862014433654,-0.016014477340005166,-26.71673170833855,5.0535502433776855,0.0,4.380267928354442E-4,1048587.25,ACT-CLJ1136.9+0006,2.127298238672E-4,1.145491895194492,0.0816754733148119,0.0371513488797439,20095.855829579294,-1.816237011341E-4,-0.0650241694378914,416.3288725984649,21.0,TGSSADR J113702.3+000249,174.25986,2.0,0.04706,2.0,158.7,17.3,139.8,14.6,28.1,0.9,26.8,0.8,4.8,26.7,4.1,S,R36D33,9,11,6.806260362973664
ACT-CLJ1136.9+0006,all,0,111.0,65.0,4.0,4.0,6.0,174.26174702471292,0.04700564559610467,0.0010626156632535485,0.00333527380480967,110.9999998447094,64.9999996687019,3.00000182460071,1.103147543614777E-5,0.038475592866095094,1.070440998527878E-4,4.568904028827409,110.95447668857724,66.2481663017029,5.097862014433654,-0.016014477340005166,-26.71673170833855,5.0535502433776855,0.0,4.380267928354442E-4,1048587.25,ACT-CLJ1136.9+0006,2.127298238672E-4,1.145491895194492,0.0816754733148119,0.0371513488797439,20095.855829579294,-1.816237011341E-4,-0.0650241694378914,416.3288725984649,21.0,TGSSADR J113702.3+000249,174.25986,2.0,0.04706,2.0,158.7,17.3,139.8,14.6,28.1,0.9,26.8,0.8,4.8,26.7,4.1,S,R36D33,9,11,6.806260362973664
ACT-CLJ1136.9+0006,all,0,111.0,67.0,6.4,4.0,7.0,174.26174702568048,0.048116755635493585,0.0010454899780582886,0.0029517648881208164,110.99999998313076,66.9999992080997,3.000002567165925,1.1238067771279038E-5,0.03847560357781161,1.07057105114015E-4,4.576016232124546,110.9429326952544,66.25228046393731,5.09481760815411,-0.016021282048960066,-26.72945117075818,4.2209672927856445,0.0,4.267471667844802E-4,1089465.375,ACT-CLJ1136.9+0006,2.127298238672E-4,1.145491895194492,0.0816754733148119,0.0371513488797439,20095.855829579294,-1.816237011341E-4,-0.0650241694378914,416.3288725984649,21.0,TGSSADR J113702.3+000249,174.25986,2.0,0.04706,2.0,158.7,17.3,139.8,14.6,28.1,0.9,26.8,0.8,4.8,26.7,4.1,S,R36D33,9,11,7.794853643141697
ACT-CLJ1136.9+0006,all,0,111.0,66.0,5.0,5.0,6.0,174.26174702519668,0.047561200610785656,0.0010540430036936736,0.003188856921136749,110.99999996983861,65.99999966926897,3.0000013975923854,1.1110362922999423E-5,0.0384756372005161,1.0706123873949817E-4,4.568184945177545,110.9559422784962,66.26021544113597,5.100301211601364,-0.016021978267001084,-26.72218442434763,4.79138708114624,0.0,4.3300780816935003E-4,1062793.375,ACT-CLJ1136.9+0006,2.127298238672E-4,1.145491895194492,0.0816754733148119,0.0371513488797439,20095.855829579294,-1.816237011341E-4,-0.0650241694378914,416.3288725984649,21.0,TGSSADR J113702.3+000249,174.25986,2.0,0.04706,2.0,158.7,17.3,139.8,14.6,28.1,0.9,26.8,0.8,4.8,26.7,4.1,S,R36D33,9,11,7.038641159769853
ACT-CLJ1136.9+0006,all,0,111.0,66.0,5.0,5.0,7.0,174.26174702519668,0.047561200610785656,0.0010540430036936736,0.003188856921136749,110.99999996983861,65.99999966926897,3.0000013975923854,1.1110362922999423E-5,0.0384756372005161,1.0706123873949817E-4,4.568184945177545,110.9559422784962,66.26021544113597,5.100301211601364,-0.016021978267001084,-26.72218442434763,4.79138708114624,0.0,4.3300780816935003E-4,1062793.375,ACT-CLJ1136.9+0006,2.127298238672E-4,1.145491895194492,0.0816754733148119,0.0371513488797439,20095.855829579294,-1.816237011341E-4,-0.0650241694378914,416.3288725984649,21.0,TGSSADR J113702.3+000249,174.25986,2.0,0.04706,2.0,158.7,17.3,139.8,14.6,28.1,0.9,26.8,0.8,4.8,26.7,4.1,S,R36D33,9,11,7.038641159769853
ACT-CLJ1136.9+0006,all,0,111.0,66.0,6.0,6.0,7.0,174.26174702519668,0.047561200610785656,0.0010540430036936736,0.003188856921136749,110.99999996983861,65.99999966926897,3.0000013975923854,1.1110362922999423E-5,0.0384756372005161,1.0706123873949817E-4,4.568184945177545,110.9559422784962,66.26021544113597,5.100301211601364,-0.016021978267001084,-26.72218442434763,4.79138708114624,0.0,4.3300780816935003E-4,1062793.375,ACT-CLJ1136.9+0006,2.127298238672E-4,1.145491895194492,0.0816754733148119,0.0371513488797439,20095.855829579294,-1.816237011341E-4,-0.0650241694378914,416.3288725984649,21.0,TGSSADR J113702.3+000249,174.25986,2.0,0.04706,2.0,158.7,17.3,139.8,14.6,28.1,0.9,26.8,0.8,4.8,26.7,4.1,S,R36D33,9,11,7.038641159769853
ACT-CLJ1210.2+0223,all,0,165.0,170.0,5.120000000000001,2.0,6.0,182.57534298483077,2.39444907838953,8.284499996028213E-5,9.739527256223297E-4,164.99999996781833,169.99999992467855,2.999998964510781,-1.7401905742890484E-5,-0.05062019577108155,1.2806902315356904E-4,4.673212325497054,165.15541899011717,169.96270930435958,4.054705554275179,-0.023417468535768537,-56.44375572840318,5.521572113037109,0.0,1.2395743397064507E-4,4561424.0,ACT-CLJ1210.2+0223,1.501837342244E-4,0.9959234631671404,0.0988748473447207,0.0,11299.098123558228,-2.639276006225E-4,-0.0781598970333113,403.4838514626157,21.0,TGSSADR J121017.5+022342,182.57332,2.0,2.39516,2.0,584.3,58.7,424.0,42.5,33.7,0.2,26.9,0.2,25.1,1.2,2.4,M,R37D34,10,11,7.718462282114632
ACT-CLJ1210.2+0223,all,0,165.0,170.0,5.120000000000001,2.0,7.0,182.57534298483077,2.39444907838953,8.284499996028213E-5,9.739527256223297E-4,164.99999996781833,169.99999992467855,2.999998964510781,-1.7401905742890484E-5,-0.05062019577108155,1.2806902315356904E-4,4.673212325497054,165.15541899011717,169.96270930435958,4.054705554275179,-0.023417468535768537,-56.44375572840318,5.521572113037109,0.0,1.2395743397064507E-4,4561424.0,ACT-CLJ1210.2+0223,1.501837342244E-4,0.9959234631671404,0.0988748473447207,0.0,11299.098123558228,-2.639276006225E-4,-0.0781598970333113,403.4838514626157,21.0,TGSSADR J121017.5+022342,182.57332,2.0,2.39516,2.0,584.3,58.7,424.0,42.5,33.7,0.2,26.9,0.2,25.1,1.2,2.4,M,R37D34,10,11,7.718462282114632
ACT-CLJ1210.2+0223,all,0,165.0,170.0,4.800000000000001,3.0,5.0,182.57534298483077,2.39444907838953,8.284499996028213E-5,9.739527256223297E-4,164.99999996781833,169.99999992467855,2.999998964510781,-1.7401905742890484E-5,-0.05062019577108155,1.2806902315356904E-4,4.673212325497054,165.15541899011717,169.96270930435958,4.054705554275179,-0.023417468535768537,-56.44375572840318,5.521572113037109,0.0,1.2395743397064507E-4,4561424.0,ACT-CLJ1210.2+0223,1.501837342244E-4,0.9959234631671404,0.0988748473447207,0.0,11299.098123558228,-2.639276006225E-4,-0.0781598970333113,403.4838514626157,21.0,TGSSADR J121017.5+022342,182.57332,2.0,2.39516,2.0,584.3,58.7,424.0,42.5,33.7,0.2,26.9,0.2,25.1,1.2,2.4,M,R37D34,10,11,7.718462282114632
ACT-CLJ1210.2+0223,all,0,165.0,170.0,4.800000000000001,3.0,6.0,182.57534298483077,2.39444907838953,8.284499996028213E-5,9.739527256223297E-4,164.99999996781833,169.99999992467855,2.999998964510781,-1.7401905742890484E-5,-0.05062019577108155,1.2806902315356904E-4,4.673212325497054,165.15541899011717,169.96270930435958,4.054705554275179,-0.023417468535768537,-56.44375572840318,5.521572113037109,0.0,1.2395743397064507E-4,4561424.0,ACT-CLJ1210.2+0223,1.501837342244E-4,0.9959234631671404,0.0988748473447207,0.0,11299.098123558228,-2.639276006225E-4,-0.0781598970333113,403.4838514626157,21.0,TGSSADR J121017.5+022342,182.57332,2.0,2.39516,2.0,584.3,58.7,424.0,42.5,33.7,0.2,26.9,0.2,25.1,1.2,2.4,M,R37D34,10,11,7.718462282114632
ACT-CLJ1210.2+0223,all,0,165.0,170.0,4.800000000000001,3.0,7.0,182.57534298483077,2.39444907838953,8.284499996028213E-5,9.739527256223297E-4,164.99999996781833,169.99999992467855,2.999998964510781,-1.7401905742890484E-5,-0.05062019577108155,1.2806902315356904E-4,4.673212325497054,165.15541899011717,169.96270930435958,4.054705554275179,-0.023417468535768537,-56.44375572840318,5.521572113037109,0.0,1.2395743397064507E-4,4561424.0,ACT-CLJ1210.2+0223,1.501837342244E-4,0.9959234631671404,0.0988748473447207,0.0,11299.098123558228,-2.639276006225E-4,-0.0781598970333113,403.4838514626157,21.0,TGSSADR J121017.5+022342,182.57332,2.0,2.39516,2.0,584.3,58.7,424.0,42.5,33.7,0.2,26.9,0.2,25.1,1.2,2.4,M,R37D34,10,11,7.718462282114632
ACT-CLJ1210.2+0223,all,0,165.0,170.0,4.0,4.0,5.0,182.57534298483077,2.39444907838953,8.284499996028213E-5,9.739527256223297E-4,164.99999996781833,169.99999992467855,2.999998964510781,-1.7401905742890484E-5,-0.05062019577108155,1.2806902315356904E-4,4.673212325497054,165.15541899011717,169.96270930435958,4.054705554275179,-0.023417468535768537,-56.44375572840318,5.521572113037109,0.0,1.2395743397064507E-4,4561424.0,ACT-CLJ1210.2+0223,1.501837342244E-4,0.9959234631671404,0.0988748473447207,0.0,11299.098123558228,-2.639276006225E-4,-0.0781598970333113,403.4838514626157,21.0,TGSSADR J121017.5+022342,182.57332,2.0,2.39516,2.0,584.3,58.7,424.0,42.5,33.7,0.2,26.9,0.2,25.1,1.2,2.4,M,R37D34,10,11,7.718462282114632
ACT-CLJ1210.2+0223,all,0,165.0,170.0,4.0,4.0,6.0,182.57534298483077,2.39444907838953,8.284499996028213E-5,9.739527256223297E-4,164.99999996781833,169.99999992467855,2.999998964510781,-1.7401905742890484E-5,-0.05062019577108155,1.2806902315356904E-4,4.673212325497054,165.15541899011717,169.96270930435958,4.054705554275179,-0.023417468535768537,-56.44375572840318,5.521572113037109,0.0,1.2395743397064507E-4,4561424.0,ACT-CLJ1210.2+0223,1.501837342244E-4,0.9959234631671404,0.0988748473447207,0.0,11299.098123558228,-2.639276006225E-4,-0.0781598970333113,403.4838514626157,21.0,TGSSADR J121017.5+022342,182.57332,2.0,2.39516,2.0,584.3,58.7,424.0,42.5,33.7,0.2,26.9,0.2,25.1,1.2,2.4,M,R37D34,10,11,7.718462282114632
ACT-CLJ1210.2+0223,all,0,165.0,170.0,6.4,4.0,7.0,182.57534298483077,2.39444907838953,8.284499996028213E-5,9.739527256223297E-4,164.99999996781833,169.99999992467855,2.999998964510781,-1.7401905742890484E-5,-0.05062019577108155,1.2806902315356904E-4,4.673212325497054,165.15541899011717,169.96270930435958,4.054705554275179,-0.023417468535768537,-56.44375572840318,5.521572113037109,0.0,1.2395743397064507E-4,4561424.0,ACT-CLJ1210.2+0223,1.501837342244E-4,0.9959234631671404,0.0988748473447207,0.0,11299.098123558228,-2.639276006225E-4,-0.0781598970333113,403.4838514626157,21.0,TGSSADR J121017.5+022342,182.57332,2.0,2.39516,2.0,584.3,58.7,424.0,42.5,33.7,0.2,26.9,0.2,25.1,1.2,2.4,M,R37D34,10,11,7.718462282114632
ACT-CLJ1210.2+0223,all,0,165.0,170.0,5.0,5.0,6.0,182.57534298483077,2.39444907838953,8.284499996028213E-5,9.739527256223297E-4,164.99999996781833,169.99999992467855,2.999998964510781,-1.7401905742890484E-5,-0.05062019577108155,1.2806902315356904E-4,4.673212325497054,165.15541899011717,169.96270930435958,4.054705554275179,-0.023417468535768537,-56.44375572840318,5.521572113037109,0.0,1.2395743397064507E-4,4561424.0,ACT-CLJ1210.2+0223,1.501837342244E-4,0.9959234631671404,0.0988748473447207,0.0,11299.098123558228,-2.639276006225E-4,-0.0781598970333113,403.4838514626157,21.0,TGSSADR J121017.5+022342,182.57332,2.0,2.39516,2.0,584.3,58.7,424.0,42.5,33.7,0.2,26.9,0.2,25.1,1.2,2.4,M,R37D34,10,11,7.718462282114632
ACT-CLJ1210.2+0223,all,0,165.0,170.0,5.0,5.0,7.0,182.57534298483077,2.39444907838953,8.284499996028213E-5,9.739527256223297E-4,164.99999996781833,169.99999992467855,2.999998964510781,-1.7401905742890484E-5,-0.05062019577108155,1.2806902315356904E-4,4.673212325497054,165.15541899011717,169.96270930435958,4.054705554275179,-0.023417468535768537,-56.44375572840318,5.521572113037109,0.0,1.2395743397064507E-4,4561424.0,ACT-CLJ1210.2+0223,1.501837342244E-4,0.9959234631671404,0.0988748473447207,0.0,11299.098123558228,-2.639276006225E-4,-0.0781598970333113,403.4838514626157,21.0,TGSSADR J121017.5+022342,182.57332,2.0,2.39516,2.0,584.3,58.7,424.0,42.5,33.7,0.2,26.9,0.2,25.1,1.2,2.4,M,R37D34,10,11,7.718462282114632
ACT-CLJ1210.2+0223,all,0,165.0,170.0,6.0,6.0,7.0,182.57534298483077,2.39444907838953,8.284499996028213E-5,9.739527256223297E-4,164.99999996781833,169.99999992467855,2.999998964510781,-1.7401905742890484E-5,-0.05062019577108155,1.2806902315356904E-4,4.673212325497054,165.15541899011717,169.96270930435958,4.054705554275179,-0.023417468535768537,-56.44375572840318,5.521572113037109,0.0,1.2395743397064507E-4,4561424.0,ACT-CLJ1210.2+0223,1.501837342244E-4,0.9959234631671404,0.0988748473447207,0.0,11299.098123558228,-2.639276006225E-4,-0.0781598970333113,403.4838514626157,21.0,TGSSADR J121017.5+022342,182.57332,2.0,2.39516,2.0,584.3,58.7,424.0,42.5,33.7,0.2,26.9,0.2,25.1,1.2,2.4,M,R37D34,10,11,7.718462282114632
